intern_id,course,rating
INT_1000,Python Fundamentals,7.0
INT_1000,SQL & Databases,8.5
INT_1000,Cloud Computing (AWS),7.0
INT_1000,Docker & Kubernetes,7.0
INT_1000,System Design,7.0
INT_1000,Frontend Basics (React),8.5
INT_1000,Data Wrangling & Pandas,8.5
INT_1000,APIs & Microservices,7.0
INT_1001,SQL & Databases,8.5
INT_1001,Data Wrangling & Pandas,8.5
INT_1001,APIs & Microservices,8.5
INT_1002,Python Fundamentals,8.5
INT_1002,Cloud Computing (AWS),8.5
INT_1002,System Design,6.5
INT_1002,Frontend Basics (React),6.5
INT_1002,Data Wrangling & Pandas,6.5
INT_1002,Git & Version Control,6.5
INT_1002,APIs & Microservices,8.5
INT_1002,Time Series Analysis,6.5
INT_1002,Reinforcement Learning,6.5
INT_1003,SQL & Databases,5.2
INT_1003,Machine Learning Basics,5.2
INT_1003,Deep Learning,5.2
INT_1003,Data Visualization,5.2
INT_1003,Statistics & Probability,8.5
INT_1003,NLP & Text Analytics,5.2
INT_1003,A/B Testing & Experimentation,8.5
INT_1003,Data Wrangling & Pandas,5.2
INT_1003,Time Series Analysis,8.5
INT_1003,Business Intelligence & BI Tools,5.2
INT_1004,Python Fundamentals,8.5
INT_1004,SQL & Databases,8.5
INT_1004,Data Visualization,6.6
INT_1004,Cloud Computing (AWS),6.6
INT_1004,MLOps Pipelines,8.5
INT_1004,Data Wrangling & Pandas,6.6
INT_1004,APIs & Microservices,6.6
INT_1004,Time Series Analysis,6.6
INT_1004,Business Intelligence & BI Tools,6.6
INT_1005,Python Fundamentals,7.5
INT_1005,Data Visualization,7.5
INT_1005,Cloud Computing (AWS),7.5
INT_1005,Frontend Basics (React),7.5
INT_1005,Statistics & Probability,8.5
INT_1005,A/B Testing & Experimentation,8.5
INT_1005,Git & Version Control,7.5
INT_1005,APIs & Microservices,7.5
INT_1005,Time Series Analysis,8.5
INT_1005,Reinforcement Learning,7.5
INT_1006,Python Fundamentals,8.5
INT_1006,Cloud Computing (AWS),5.2
INT_1006,Docker & Kubernetes,5.2
INT_1006,System Design,8.5
INT_1006,Frontend Basics (React),5.2
INT_1006,NLP & Text Analytics,5.2
INT_1006,Data Wrangling & Pandas,5.2
INT_1006,Git & Version Control,5.2
INT_1006,APIs & Microservices,8.5
INT_1007,Python Fundamentals,8.5
INT_1007,SQL & Databases,7.5
INT_1007,Deep Learning,7.5
INT_1007,System Design,8.5
INT_1007,Git & Version Control,8.5
INT_1008,Cloud Computing (AWS),5.5
INT_1008,Docker & Kubernetes,8.5
INT_1008,Cybersecurity Essentials,8.5
INT_1008,Git & Version Control,8.5
INT_1008,APIs & Microservices,5.5
INT_1009,Python Fundamentals,8.5
INT_1009,Data Visualization,6.6
INT_1009,Data Wrangling & Pandas,6.6
INT_1009,Git & Version Control,8.5
INT_1009,APIs & Microservices,8.5
INT_1010,SQL & Databases,8.5
INT_1010,Cloud Computing (AWS),8.5
INT_1010,Docker & Kubernetes,7.4
INT_1010,Cybersecurity Essentials,8.5
INT_1010,System Design,7.4
INT_1010,Data Wrangling & Pandas,7.4
INT_1010,APIs & Microservices,7.4
INT_1011,Python Fundamentals,8.5
INT_1011,Data Visualization,5.8
INT_1011,System Design,8.5
INT_1011,Git & Version Control,8.5
INT_1012,Python Fundamentals,6.4
INT_1012,SQL & Databases,8.5
INT_1012,Data Visualization,6.4
INT_1012,Docker & Kubernetes,6.4
INT_1012,Frontend Basics (React),6.4
INT_1012,Data Wrangling & Pandas,8.5
INT_1012,Git & Version Control,6.4
INT_1012,APIs & Microservices,8.5
INT_1012,Business Intelligence & BI Tools,6.4
INT_1013,SQL & Databases,8.5
INT_1013,Cloud Computing (AWS),5.4
INT_1013,Cybersecurity Essentials,8.5
INT_1013,Git & Version Control,5.4
INT_1013,APIs & Microservices,8.5
INT_1014,Python Fundamentals,8.5
INT_1014,Cloud Computing (AWS),7.7
INT_1014,Docker & Kubernetes,7.7
INT_1014,System Design,8.5
INT_1014,APIs & Microservices,8.5
INT_1015,Python Fundamentals,8.5
INT_1015,SQL & Databases,8.5
INT_1015,MLOps Pipelines,7.1
INT_1015,Data Wrangling & Pandas,8.5
INT_1015,Git & Version Control,7.1
INT_1015,APIs & Microservices,7.1
INT_1016,Python Fundamentals,8.5
INT_1016,Data Visualization,6.5
INT_1016,System Design,8.5
INT_1016,Git & Version Control,8.5
INT_1017,Python Fundamentals,8.5
INT_1017,SQL & Databases,8.5
INT_1017,Data Visualization,6.4
INT_1017,Cloud Computing (AWS),6.4
INT_1017,Docker & Kubernetes,6.4
INT_1017,Cybersecurity Essentials,6.4
INT_1017,System Design,6.4
INT_1017,Data Wrangling & Pandas,6.4
INT_1017,Git & Version Control,6.4
INT_1017,APIs & Microservices,8.5
INT_1018,SQL & Databases,7.1
INT_1018,Data Visualization,8.5
INT_1018,Statistics & Probability,8.5
INT_1018,A/B Testing & Experimentation,8.5
INT_1018,Git & Version Control,7.1
INT_1018,Business Intelligence & BI Tools,7.1
INT_1019,Cloud Computing (AWS),8.5
INT_1019,Docker & Kubernetes,8.5
INT_1019,Cybersecurity Essentials,8.5
INT_1019,System Design,6.7
INT_1019,Data Wrangling & Pandas,6.7
INT_1020,Python Fundamentals,6.9
INT_1020,Machine Learning Basics,6.9
INT_1020,Data Visualization,6.9
INT_1020,Cybersecurity Essentials,8.5
INT_1020,System Design,8.5
INT_1020,Frontend Basics (React),6.9
INT_1020,Data Wrangling & Pandas,8.5
INT_1020,Git & Version Control,6.9
INT_1020,APIs & Microservices,6.9
INT_1020,Reinforcement Learning,6.9
INT_1020,Business Intelligence & BI Tools,6.9
INT_1021,Cloud Computing (AWS),5.5
INT_1021,Frontend Basics (React),8.5
INT_1021,Data Wrangling & Pandas,8.5
INT_1021,APIs & Microservices,8.5
INT_1022,Python Fundamentals,8.5
INT_1022,Data Wrangling & Pandas,8.5
INT_1022,APIs & Microservices,8.5
INT_1023,Python Fundamentals,5.2
INT_1023,Machine Learning Basics,8.5
INT_1023,Data Visualization,5.2
INT_1023,Cybersecurity Essentials,5.2
INT_1023,Frontend Basics (React),5.2
INT_1023,NLP & Text Analytics,5.2
INT_1023,MLOps Pipelines,5.2
INT_1023,A/B Testing & Experimentation,8.5
INT_1023,Git & Version Control,5.2
INT_1023,APIs & Microservices,5.2
INT_1023,Reinforcement Learning,8.5
INT_1024,SQL & Databases,8.5
INT_1024,Data Visualization,6.3
INT_1024,Statistics & Probability,8.5
INT_1024,A/B Testing & Experimentation,8.5
INT_1024,Business Intelligence & BI Tools,6.3
INT_1025,Python Fundamentals,8.5
INT_1025,Machine Learning Basics,5.1
INT_1025,Data Visualization,5.1
INT_1025,Cloud Computing (AWS),5.1
INT_1025,Docker & Kubernetes,5.1
INT_1025,System Design,8.5
INT_1025,Frontend Basics (React),5.1
INT_1025,Statistics & Probability,5.1
INT_1025,Git & Version Control,5.1
INT_1025,APIs & Microservices,5.1
INT_1025,Business Intelligence & BI Tools,8.5
INT_1026,Machine Learning Basics,8.5
INT_1026,Deep Learning,8.5
INT_1026,Data Visualization,8.5
INT_1027,Python Fundamentals,6.3
INT_1027,SQL & Databases,8.5
INT_1027,Machine Learning Basics,6.3
INT_1027,Deep Learning,6.3
INT_1027,Data Visualization,6.3
INT_1027,Statistics & Probability,6.3
INT_1027,NLP & Text Analytics,6.3
INT_1027,Data Wrangling & Pandas,8.5
INT_1027,Business Intelligence & BI Tools,8.5
INT_1028,Python Fundamentals,6.9
INT_1028,SQL & Databases,8.5
INT_1028,Deep Learning,6.9
INT_1028,Data Visualization,6.9
INT_1028,Cloud Computing (AWS),6.9
INT_1028,Docker & Kubernetes,6.9
INT_1028,System Design,6.9
INT_1028,Frontend Basics (React),6.9
INT_1028,Data Wrangling & Pandas,8.5
INT_1028,Git & Version Control,8.5
INT_1028,APIs & Microservices,6.9
INT_1029,Python Fundamentals,8.5
INT_1029,System Design,8.5
INT_1029,Git & Version Control,8.5
INT_1030,Python Fundamentals,8.5
INT_1030,Cloud Computing (AWS),6.0
INT_1030,Docker & Kubernetes,8.5
INT_1030,Cybersecurity Essentials,8.5
INT_1030,MLOps Pipelines,6.0
INT_1030,Git & Version Control,6.0
INT_1031,SQL & Databases,8.5
INT_1031,Data Visualization,6.0
INT_1031,Docker & Kubernetes,6.0
INT_1031,MLOps Pipelines,8.5
INT_1031,Data Wrangling & Pandas,6.0
INT_1031,Time Series Analysis,6.0
INT_1031,Business Intelligence & BI Tools,8.5
INT_1032,Python Fundamentals,8.5
INT_1032,SQL & Databases,7.0
INT_1032,Machine Learning Basics,7.0
INT_1032,Cloud Computing (AWS),7.0
INT_1032,Docker & Kubernetes,8.5
INT_1032,System Design,7.0
INT_1032,Frontend Basics (React),7.0
INT_1032,Data Wrangling & Pandas,7.0
INT_1032,Git & Version Control,8.5
INT_1032,APIs & Microservices,7.0
INT_1033,Python Fundamentals,6.4
INT_1033,SQL & Databases,8.5
INT_1033,Docker & Kubernetes,6.4
INT_1033,System Design,6.4
INT_1033,Data Wrangling & Pandas,6.4
INT_1033,Git & Version Control,8.5
INT_1033,APIs & Microservices,8.5
INT_1034,Python Fundamentals,8.5
INT_1034,SQL & Databases,7.4
INT_1034,Data Visualization,8.5
INT_1034,Cloud Computing (AWS),8.5
INT_1034,Docker & Kubernetes,7.4
INT_1034,Cybersecurity Essentials,7.4
INT_1034,System Design,7.4
INT_1034,Data Wrangling & Pandas,7.4
INT_1034,Git & Version Control,7.4
INT_1034,APIs & Microservices,7.4
INT_1035,Cloud Computing (AWS),8.5
INT_1035,Docker & Kubernetes,4.6
INT_1035,System Design,8.5
INT_1035,Statistics & Probability,4.6
INT_1035,A/B Testing & Experimentation,8.5
INT_1036,Python Fundamentals,8.5
INT_1036,System Design,8.5
INT_1036,Data Wrangling & Pandas,5.3
INT_1036,APIs & Microservices,8.5
INT_1037,SQL & Databases,8.5
INT_1037,Cloud Computing (AWS),7.4
INT_1037,Time Series Analysis,8.5
INT_1037,Business Intelligence & BI Tools,8.5
INT_1038,Python Fundamentals,8.5
INT_1038,Data Visualization,8.5
INT_1038,Git & Version Control,8.5
INT_1039,Python Fundamentals,8.5
INT_1039,SQL & Databases,7.4
INT_1039,Docker & Kubernetes,7.4
INT_1039,System Design,8.5
INT_1039,Git & Version Control,8.5
INT_1039,APIs & Microservices,7.4
INT_1040,SQL & Databases,8.0
INT_1040,Cloud Computing (AWS),8.5
INT_1040,Docker & Kubernetes,8.5
INT_1040,MLOps Pipelines,8.5
INT_1040,Git & Version Control,8.0
INT_1040,Business Intelligence & BI Tools,8.0
INT_1041,Python Fundamentals,7.7
INT_1041,SQL & Databases,7.7
INT_1041,System Design,8.5
INT_1041,Statistics & Probability,7.7
INT_1041,Data Wrangling & Pandas,8.5
INT_1041,Git & Version Control,8.5
INT_1041,APIs & Microservices,7.7
INT_1042,Python Fundamentals,8.5
INT_1042,SQL & Databases,5.9
INT_1042,Git & Version Control,8.5
INT_1042,APIs & Microservices,8.5
INT_1043,Python Fundamentals,7.1
INT_1043,SQL & Databases,8.5
INT_1043,System Design,7.1
INT_1043,MLOps Pipelines,8.5
INT_1043,APIs & Microservices,8.5
INT_1044,Python Fundamentals,8.5
INT_1044,Git & Version Control,8.5
INT_1044,APIs & Microservices,8.5
INT_1045,Python Fundamentals,7.2
INT_1045,SQL & Databases,8.5
INT_1045,Deep Learning,7.2
INT_1045,Cloud Computing (AWS),7.2
INT_1045,Docker & Kubernetes,8.5
INT_1045,Cybersecurity Essentials,8.5
INT_1045,System Design,7.2
INT_1045,Frontend Basics (React),7.2
INT_1045,MLOps Pipelines,7.2
INT_1045,Git & Version Control,7.2
INT_1045,APIs & Microservices,7.2
INT_1046,SQL & Databases,8.5
INT_1046,Cloud Computing (AWS),8.5
INT_1046,Docker & Kubernetes,7.5
INT_1046,Statistics & Probability,7.5
INT_1046,Data Wrangling & Pandas,8.5
INT_1046,Git & Version Control,7.5
INT_1047,SQL & Databases,7.5
INT_1047,Data Visualization,7.5
INT_1047,Statistics & Probability,8.5
INT_1047,A/B Testing & Experimentation,7.5
INT_1047,Time Series Analysis,8.5
INT_1047,Business Intelligence & BI Tools,8.5
INT_1048,SQL & Databases,7.2
INT_1048,System Design,8.5
INT_1048,MLOps Pipelines,8.5
INT_1048,APIs & Microservices,8.5
INT_1049,Data Wrangling & Pandas,8.5
INT_1049,Git & Version Control,8.5
INT_1049,APIs & Microservices,8.5
INT_1050,SQL & Databases,4.8
INT_1050,Machine Learning Basics,4.8
INT_1050,Deep Learning,4.8
INT_1050,Data Visualization,8.5
INT_1050,Docker & Kubernetes,4.8
INT_1050,Statistics & Probability,4.8
INT_1050,NLP & Text Analytics,4.8
INT_1050,A/B Testing & Experimentation,8.5
INT_1050,Git & Version Control,4.8
INT_1050,Time Series Analysis,4.8
INT_1050,Business Intelligence & BI Tools,8.5
INT_1051,Python Fundamentals,5.8
INT_1051,SQL & Databases,5.8
INT_1051,Cloud Computing (AWS),5.8
INT_1051,Docker & Kubernetes,5.8
INT_1051,Cybersecurity Essentials,5.8
INT_1051,System Design,8.5
INT_1051,MLOps Pipelines,8.5
INT_1051,A/B Testing & Experimentation,5.8
INT_1051,Git & Version Control,8.5
INT_1051,APIs & Microservices,5.8
INT_1052,Machine Learning Basics,8.5
INT_1052,Deep Learning,8.5
INT_1052,Data Visualization,6.0
INT_1052,A/B Testing & Experimentation,6.0
INT_1052,Data Wrangling & Pandas,8.5
INT_1053,Python Fundamentals,7.9
INT_1053,SQL & Databases,8.5
INT_1053,Cloud Computing (AWS),8.5
INT_1053,Docker & Kubernetes,7.9
INT_1053,Cybersecurity Essentials,8.5
INT_1053,Git & Version Control,7.9
INT_1054,Python Fundamentals,8.5
INT_1054,Data Visualization,5.5
INT_1054,Cybersecurity Essentials,5.5
INT_1054,Frontend Basics (React),8.5
INT_1054,Data Wrangling & Pandas,5.5
INT_1054,APIs & Microservices,8.5
INT_1054,Reinforcement Learning,5.5
INT_1055,SQL & Databases,6.0
INT_1055,Machine Learning Basics,8.5
INT_1055,Deep Learning,6.0
INT_1055,Data Visualization,8.5
INT_1055,System Design,6.0
INT_1055,Statistics & Probability,6.0
INT_1055,MLOps Pipelines,8.5
INT_1055,A/B Testing & Experimentation,6.0
INT_1055,Reinforcement Learning,6.0
INT_1055,Business Intelligence & BI Tools,6.0
INT_1056,Python Fundamentals,6.3
INT_1056,Cloud Computing (AWS),6.3
INT_1056,Statistics & Probability,8.5
INT_1056,MLOps Pipelines,6.3
INT_1056,A/B Testing & Experimentation,8.5
INT_1056,Data Wrangling & Pandas,6.3
INT_1056,Git & Version Control,6.3
INT_1056,Reinforcement Learning,8.5
INT_1057,Deep Learning,7.4
INT_1057,Data Visualization,7.4
INT_1057,System Design,8.5
INT_1057,MLOps Pipelines,7.4
INT_1057,Data Wrangling & Pandas,7.4
INT_1057,Git & Version Control,8.5
INT_1057,APIs & Microservices,7.4
INT_1057,Time Series Analysis,8.5
INT_1058,Python Fundamentals,7.6
INT_1058,SQL & Databases,7.6
INT_1058,Data Visualization,8.5
INT_1058,Git & Version Control,8.5
INT_1058,APIs & Microservices,8.5
INT_1059,Machine Learning Basics,5.8
INT_1059,Cloud Computing (AWS),8.5
INT_1059,Docker & Kubernetes,5.8
INT_1059,System Design,8.5
INT_1059,Git & Version Control,8.5
INT_1060,SQL & Databases,8.5
INT_1060,Data Visualization,8.5
INT_1060,System Design,7.4
INT_1060,NLP & Text Analytics,7.4
INT_1060,MLOps Pipelines,7.4
INT_1060,Time Series Analysis,7.4
INT_1060,Business Intelligence & BI Tools,8.5
INT_1061,SQL & Databases,8.5
INT_1061,Cloud Computing (AWS),8.5
INT_1061,Docker & Kubernetes,6.5
INT_1061,System Design,6.5
INT_1061,Statistics & Probability,6.5
INT_1061,NLP & Text Analytics,6.5
INT_1061,Data Wrangling & Pandas,8.5
INT_1061,Git & Version Control,6.5
INT_1062,Python Fundamentals,5.5
INT_1062,SQL & Databases,5.5
INT_1062,Cloud Computing (AWS),5.5
INT_1062,Docker & Kubernetes,5.5
INT_1062,Cybersecurity Essentials,8.5
INT_1062,System Design,5.5
INT_1062,NLP & Text Analytics,8.5
INT_1062,MLOps Pipelines,5.5
INT_1062,A/B Testing & Experimentation,5.5
INT_1062,Git & Version Control,5.5
INT_1062,APIs & Microservices,8.5
INT_1063,SQL & Databases,8.5
INT_1063,Cloud Computing (AWS),7.9
INT_1063,Docker & Kubernetes,8.5
INT_1063,Cybersecurity Essentials,8.5
INT_1064,Python Fundamentals,7.1
INT_1064,Data Visualization,7.1
INT_1064,Docker & Kubernetes,7.1
INT_1064,Frontend Basics (React),8.5
INT_1064,A/B Testing & Experimentation,7.1
INT_1064,Git & Version Control,8.5
INT_1064,APIs & Microservices,8.5
INT_1064,Time Series Analysis,7.1
INT_1065,SQL & Databases,5.6
INT_1065,Data Visualization,5.6
INT_1065,Docker & Kubernetes,8.5
INT_1065,System Design,5.6
INT_1065,Statistics & Probability,8.5
INT_1065,NLP & Text Analytics,8.5
INT_1065,MLOps Pipelines,5.6
INT_1065,A/B Testing & Experimentation,5.6
INT_1065,Data Wrangling & Pandas,5.6
INT_1065,Git & Version Control,5.6
INT_1065,Time Series Analysis,5.6
INT_1066,SQL & Databases,5.7
INT_1066,System Design,8.5
INT_1066,Frontend Basics (React),8.5
INT_1066,MLOps Pipelines,5.7
INT_1066,Git & Version Control,8.5
INT_1067,SQL & Databases,8.5
INT_1067,Cloud Computing (AWS),8.5
INT_1067,Docker & Kubernetes,8.5
INT_1067,MLOps Pipelines,6.6
INT_1068,SQL & Databases,8.5
INT_1068,Deep Learning,8.5
INT_1068,Cybersecurity Essentials,4.5
INT_1068,MLOps Pipelines,8.5
INT_1068,A/B Testing & Experimentation,4.5
INT_1068,Reinforcement Learning,4.5
INT_1069,SQL & Databases,6.3
INT_1069,Docker & Kubernetes,8.5
INT_1069,Cybersecurity Essentials,8.5
INT_1069,System Design,6.3
INT_1069,Frontend Basics (React),6.3
INT_1069,NLP & Text Analytics,6.3
INT_1069,MLOps Pipelines,6.3
INT_1069,Git & Version Control,6.3
INT_1070,Python Fundamentals,8.5
INT_1070,Docker & Kubernetes,4.2
INT_1070,System Design,8.5
INT_1070,Git & Version Control,8.5
INT_1070,APIs & Microservices,4.2
INT_1071,Python Fundamentals,4.8
INT_1071,SQL & Databases,8.5
INT_1071,Data Visualization,4.8
INT_1071,System Design,8.5
INT_1071,Statistics & Probability,8.5
INT_1071,MLOps Pipelines,4.8
INT_1071,A/B Testing & Experimentation,4.8
INT_1071,Time Series Analysis,4.8
INT_1071,Business Intelligence & BI Tools,4.8
INT_1072,Python Fundamentals,6.3
INT_1072,Machine Learning Basics,6.3
INT_1072,Data Visualization,8.5
INT_1072,Git & Version Control,8.5
INT_1072,APIs & Microservices,8.5
INT_1073,SQL & Databases,6.7
INT_1073,Docker & Kubernetes,6.7
INT_1073,Cybersecurity Essentials,6.7
INT_1073,MLOps Pipelines,8.5
INT_1073,Git & Version Control,8.5
INT_1073,APIs & Microservices,8.5
INT_1074,SQL & Databases,8.5
INT_1074,Git & Version Control,8.5
INT_1074,APIs & Microservices,8.5
INT_1075,Python Fundamentals,8.5
INT_1075,SQL & Databases,8.5
INT_1075,Cybersecurity Essentials,6.9
INT_1075,System Design,8.5
INT_1075,Statistics & Probability,6.9
INT_1076,SQL & Databases,6.7
INT_1076,Cloud Computing (AWS),8.5
INT_1076,Docker & Kubernetes,6.7
INT_1076,Cybersecurity Essentials,6.7
INT_1076,System Design,8.5
INT_1076,Git & Version Control,8.5
INT_1077,Python Fundamentals,5.8
INT_1077,SQL & Databases,5.8
INT_1077,Machine Learning Basics,5.8
INT_1077,System Design,5.8
INT_1077,Statistics & Probability,8.5
INT_1077,A/B Testing & Experimentation,8.5
INT_1077,Data Wrangling & Pandas,5.8
INT_1077,Git & Version Control,8.5
INT_1077,Reinforcement Learning,5.8
INT_1078,SQL & Databases,7.1
INT_1078,Cloud Computing (AWS),8.5
INT_1078,System Design,7.1
INT_1078,Frontend Basics (React),7.1
INT_1078,Data Wrangling & Pandas,8.5
INT_1078,APIs & Microservices,8.5
INT_1079,Python Fundamentals,8.5
INT_1079,System Design,4.4
INT_1079,Git & Version Control,8.5
INT_1079,APIs & Microservices,8.5
INT_1080,SQL & Databases,8.5
INT_1080,Statistics & Probability,8.5
INT_1080,A/B Testing & Experimentation,8.5
INT_1081,SQL & Databases,5.2
INT_1081,Cloud Computing (AWS),8.5
INT_1081,Docker & Kubernetes,8.5
INT_1081,MLOps Pipelines,8.5
INT_1081,Business Intelligence & BI Tools,5.2
INT_1082,Python Fundamentals,6.1
INT_1082,SQL & Databases,8.5
INT_1082,Docker & Kubernetes,6.1
INT_1082,Cybersecurity Essentials,8.5
INT_1082,System Design,6.1
INT_1082,Git & Version Control,6.1
INT_1082,APIs & Microservices,8.5
INT_1083,Python Fundamentals,8.5
INT_1083,SQL & Databases,5.8
INT_1083,Data Visualization,5.8
INT_1083,Cybersecurity Essentials,5.8
INT_1083,System Design,5.8
INT_1083,Frontend Basics (React),8.5
INT_1083,Statistics & Probability,5.8
INT_1083,A/B Testing & Experimentation,5.8
INT_1083,Git & Version Control,8.5
INT_1083,Business Intelligence & BI Tools,5.8
INT_1084,Python Fundamentals,5.5
INT_1084,SQL & Databases,5.5
INT_1084,Cloud Computing (AWS),5.5
INT_1084,Docker & Kubernetes,8.5
INT_1084,Cybersecurity Essentials,5.5
INT_1084,System Design,5.5
INT_1084,Statistics & Probability,8.5
INT_1084,Git & Version Control,5.5
INT_1084,APIs & Microservices,5.5
INT_1084,Business Intelligence & BI Tools,8.5
INT_1085,Python Fundamentals,5.5
INT_1085,SQL & Databases,5.5
INT_1085,Data Visualization,8.5
INT_1085,Cloud Computing (AWS),5.5
INT_1085,Docker & Kubernetes,8.5
INT_1085,System Design,5.5
INT_1085,Frontend Basics (React),5.5
INT_1085,Data Wrangling & Pandas,5.5
INT_1085,Git & Version Control,8.5
INT_1085,APIs & Microservices,5.5
INT_1085,Reinforcement Learning,5.5
INT_1086,Machine Learning Basics,8.5
INT_1086,Deep Learning,8.5
INT_1086,Data Visualization,6.7
INT_1086,NLP & Text Analytics,8.5
INT_1086,Data Wrangling & Pandas,6.7
INT_1087,Machine Learning Basics,3.7
INT_1087,Deep Learning,8.5
INT_1087,Data Visualization,8.5
INT_1087,Cybersecurity Essentials,3.7
INT_1087,NLP & Text Analytics,8.5
INT_1088,Python Fundamentals,8.5
INT_1088,SQL & Databases,5.9
INT_1088,Cybersecurity Essentials,5.9
INT_1088,System Design,5.9
INT_1088,MLOps Pipelines,8.5
INT_1088,Git & Version Control,5.9
INT_1088,APIs & Microservices,8.5
INT_1089,Python Fundamentals,7.6
INT_1089,SQL & Databases,7.6
INT_1089,Machine Learning Basics,7.6
INT_1089,Deep Learning,8.5
INT_1089,Docker & Kubernetes,7.6
INT_1089,NLP & Text Analytics,8.5
INT_1089,Reinforcement Learning,8.5
INT_1090,Python Fundamentals,6.8
INT_1090,SQL & Databases,8.5
INT_1090,Data Visualization,6.8
INT_1090,Cloud Computing (AWS),6.8
INT_1090,System Design,6.8
INT_1090,Git & Version Control,6.8
INT_1090,APIs & Microservices,8.5
INT_1090,Time Series Analysis,6.8
INT_1090,Business Intelligence & BI Tools,8.5
INT_1091,Cloud Computing (AWS),6.6
INT_1091,Docker & Kubernetes,6.6
INT_1091,Statistics & Probability,6.6
INT_1091,NLP & Text Analytics,8.5
INT_1091,Data Wrangling & Pandas,8.5
INT_1091,Git & Version Control,6.6
INT_1091,Reinforcement Learning,8.5
INT_1092,Python Fundamentals,5.1
INT_1092,Machine Learning Basics,5.1
INT_1092,Data Visualization,5.1
INT_1092,System Design,8.5
INT_1092,Frontend Basics (React),5.1
INT_1092,Data Wrangling & Pandas,8.5
INT_1092,Git & Version Control,5.1
INT_1092,APIs & Microservices,5.1
INT_1092,Time Series Analysis,8.5
INT_1092,Reinforcement Learning,5.1
INT_1093,Machine Learning Basics,8.5
INT_1093,Deep Learning,8.5
INT_1093,Data Visualization,8.5
INT_1093,APIs & Microservices,5.9
INT_1094,SQL & Databases,8.5
INT_1094,Data Visualization,7.0
INT_1094,Statistics & Probability,7.0
INT_1094,MLOps Pipelines,8.5
INT_1094,Time Series Analysis,7.0
INT_1094,Business Intelligence & BI Tools,8.5
INT_1095,SQL & Databases,5.8
INT_1095,Cloud Computing (AWS),5.8
INT_1095,Docker & Kubernetes,8.5
INT_1095,Cybersecurity Essentials,5.8
INT_1095,Git & Version Control,8.5
INT_1095,APIs & Microservices,8.5
INT_1095,Time Series Analysis,5.8
INT_1096,SQL & Databases,5.4
INT_1096,Cloud Computing (AWS),8.5
INT_1096,Docker & Kubernetes,8.5
INT_1096,Data Wrangling & Pandas,8.5
INT_1097,Python Fundamentals,8.5
INT_1097,Cloud Computing (AWS),6.3
INT_1097,System Design,6.3
INT_1097,Data Wrangling & Pandas,6.3
INT_1097,Git & Version Control,8.5
INT_1097,APIs & Microservices,8.5
INT_1097,Business Intelligence & BI Tools,6.3
INT_1098,Python Fundamentals,8.5
INT_1098,SQL & Databases,7.4
INT_1098,Machine Learning Basics,7.4
INT_1098,Deep Learning,7.4
INT_1098,Cloud Computing (AWS),7.4
INT_1098,System Design,7.4
INT_1098,Frontend Basics (React),7.4
INT_1098,Statistics & Probability,8.5
INT_1098,MLOps Pipelines,7.4
INT_1098,A/B Testing & Experimentation,8.5
INT_1098,Data Wrangling & Pandas,7.4
INT_1099,Python Fundamentals,6.5
INT_1099,SQL & Databases,8.5
INT_1099,Machine Learning Basics,6.5
INT_1099,Cloud Computing (AWS),6.5
INT_1099,Docker & Kubernetes,6.5
INT_1099,Cybersecurity Essentials,6.5
INT_1099,System Design,8.5
INT_1099,Data Wrangling & Pandas,8.5
INT_1099,Git & Version Control,6.5
INT_1099,APIs & Microservices,6.5
INT_1100,SQL & Databases,5.0
INT_1100,Data Visualization,8.5
INT_1100,Cybersecurity Essentials,5.0
INT_1100,Statistics & Probability,8.5
INT_1100,A/B Testing & Experimentation,8.5
INT_1100,Business Intelligence & BI Tools,5.0
INT_1101,Python Fundamentals,5.5
INT_1101,SQL & Databases,8.5
INT_1101,Machine Learning Basics,8.5
INT_1101,Cloud Computing (AWS),5.5
INT_1101,MLOps Pipelines,8.5
INT_1101,A/B Testing & Experimentation,5.5
INT_1101,Reinforcement Learning,5.5
INT_1102,Python Fundamentals,8.5
INT_1102,SQL & Databases,4.7
INT_1102,System Design,8.5
INT_1102,Frontend Basics (React),8.5
INT_1102,Statistics & Probability,4.7
INT_1102,Data Wrangling & Pandas,4.7
INT_1102,APIs & Microservices,4.7
INT_1103,SQL & Databases,8.5
INT_1103,Cloud Computing (AWS),8.5
INT_1103,Docker & Kubernetes,5.2
INT_1103,System Design,5.2
INT_1103,Data Wrangling & Pandas,5.2
INT_1103,APIs & Microservices,8.5
INT_1104,System Design,5.5
INT_1104,Statistics & Probability,8.5
INT_1104,NLP & Text Analytics,5.5
INT_1104,A/B Testing & Experimentation,8.5
INT_1104,Data Wrangling & Pandas,8.5
INT_1105,Python Fundamentals,5.6
INT_1105,Machine Learning Basics,5.6
INT_1105,Cloud Computing (AWS),8.5
INT_1105,Docker & Kubernetes,8.5
INT_1105,System Design,5.6
INT_1105,Frontend Basics (React),5.6
INT_1105,A/B Testing & Experimentation,5.6
INT_1105,Git & Version Control,8.5
INT_1105,APIs & Microservices,5.6
INT_1106,Python Fundamentals,8.5
INT_1106,SQL & Databases,6.5
INT_1106,Docker & Kubernetes,6.5
INT_1106,System Design,8.5
INT_1106,MLOps Pipelines,6.5
INT_1106,Git & Version Control,8.5
INT_1107,Cloud Computing (AWS),8.5
INT_1107,Docker & Kubernetes,8.5
INT_1107,Cybersecurity Essentials,8.5
INT_1107,Frontend Basics (React),6.5
INT_1107,APIs & Microservices,6.5
INT_1108,Python Fundamentals,8.5
INT_1108,SQL & Databases,8.5
INT_1108,Deep Learning,5.2
INT_1108,Cloud Computing (AWS),5.2
INT_1108,Docker & Kubernetes,8.5
INT_1108,Cybersecurity Essentials,5.2
INT_1108,System Design,5.2
INT_1108,MLOps Pipelines,5.2
INT_1108,A/B Testing & Experimentation,5.2
INT_1108,Data Wrangling & Pandas,5.2
INT_1108,Git & Version Control,5.2
INT_1109,Python Fundamentals,8.5
INT_1109,Data Visualization,8.5
INT_1109,MLOps Pipelines,8.0
INT_1109,Git & Version Control,8.5
INT_1110,Python Fundamentals,8.5
INT_1110,SQL & Databases,6.0
INT_1110,Cloud Computing (AWS),6.0
INT_1110,Docker & Kubernetes,6.0
INT_1110,Cybersecurity Essentials,6.0
INT_1110,System Design,8.5
INT_1110,MLOps Pipelines,8.5
INT_1110,APIs & Microservices,6.0
INT_1111,SQL & Databases,7.3
INT_1111,Data Visualization,8.5
INT_1111,Cloud Computing (AWS),7.3
INT_1111,Docker & Kubernetes,7.3
INT_1111,System Design,8.5
INT_1111,Data Wrangling & Pandas,8.5
INT_1111,Git & Version Control,7.3
INT_1111,APIs & Microservices,7.3
INT_1112,Deep Learning,6.4
INT_1112,Data Visualization,8.5
INT_1112,Cloud Computing (AWS),6.4
INT_1112,Git & Version Control,8.5
INT_1112,APIs & Microservices,8.5
INT_1113,Python Fundamentals,8.5
INT_1113,Data Visualization,8.5
INT_1113,Frontend Basics (React),6.1
INT_1113,Git & Version Control,8.5
INT_1113,Reinforcement Learning,6.1
INT_1114,Python Fundamentals,8.5
INT_1114,SQL & Databases,7.2
INT_1114,Machine Learning Basics,7.2
INT_1114,Data Visualization,7.2
INT_1114,Frontend Basics (React),7.2
INT_1114,Statistics & Probability,8.5
INT_1114,A/B Testing & Experimentation,8.5
INT_1114,Git & Version Control,7.2
INT_1114,Business Intelligence & BI Tools,7.2
INT_1115,SQL & Databases,6.7
INT_1115,Machine Learning Basics,8.5
INT_1115,Deep Learning,8.5
INT_1115,Data Visualization,8.5
INT_1115,Data Wrangling & Pandas,6.7
INT_1115,Time Series Analysis,6.7
INT_1115,Reinforcement Learning,6.7
INT_1116,Python Fundamentals,8.5
INT_1116,SQL & Databases,6.9
INT_1116,Cloud Computing (AWS),6.9
INT_1116,System Design,6.9
INT_1116,Frontend Basics (React),8.5
INT_1116,Statistics & Probability,6.9
INT_1116,Data Wrangling & Pandas,6.9
INT_1116,Git & Version Control,6.9
INT_1116,APIs & Microservices,8.5
INT_1117,Python Fundamentals,8.5
INT_1117,SQL & Databases,6.7
INT_1117,System Design,8.5
INT_1117,NLP & Text Analytics,6.7
INT_1117,MLOps Pipelines,6.7
INT_1117,Data Wrangling & Pandas,8.5
INT_1118,Machine Learning Basics,8.5
INT_1118,Deep Learning,8.5
INT_1118,Data Visualization,8.5
INT_1119,Python Fundamentals,8.5
INT_1119,Cybersecurity Essentials,6.4
INT_1119,System Design,8.5
INT_1119,Git & Version Control,8.5
INT_1119,APIs & Microservices,6.4
INT_1120,SQL & Databases,5.7
INT_1120,Cloud Computing (AWS),5.7
INT_1120,Docker & Kubernetes,8.5
INT_1120,Data Wrangling & Pandas,5.7
INT_1120,Git & Version Control,8.5
INT_1120,APIs & Microservices,8.5
INT_1121,SQL & Databases,8.5
INT_1121,Cloud Computing (AWS),6.3
INT_1121,Docker & Kubernetes,8.5
INT_1121,Cybersecurity Essentials,8.5
INT_1121,MLOps Pipelines,6.3
INT_1121,APIs & Microservices,6.3
INT_1122,Python Fundamentals,8.2
INT_1122,SQL & Databases,8.5
INT_1122,Docker & Kubernetes,8.5
INT_1122,Cybersecurity Essentials,8.2
INT_1122,System Design,8.2
INT_1122,A/B Testing & Experimentation,8.2
INT_1122,Git & Version Control,8.2
INT_1122,APIs & Microservices,8.5
INT_1123,Python Fundamentals,8.5
INT_1123,Deep Learning,6.2
INT_1123,Data Visualization,6.2
INT_1123,System Design,6.2
INT_1123,Data Wrangling & Pandas,8.5
INT_1123,Git & Version Control,8.5
INT_1124,Python Fundamentals,6.1
INT_1124,SQL & Databases,6.1
INT_1124,Cloud Computing (AWS),8.5
INT_1124,Docker & Kubernetes,6.1
INT_1124,Cybersecurity Essentials,6.1
INT_1124,System Design,8.5
INT_1124,Frontend Basics (React),6.1
INT_1124,Statistics & Probability,6.1
INT_1124,Git & Version Control,8.5
INT_1124,APIs & Microservices,6.1
INT_1125,Python Fundamentals,6.6
INT_1125,Machine Learning Basics,6.6
INT_1125,Data Visualization,8.5
INT_1125,Cloud Computing (AWS),6.6
INT_1125,Cybersecurity Essentials,6.6
INT_1125,System Design,8.5
INT_1125,Frontend Basics (React),8.5
INT_1125,Data Wrangling & Pandas,6.6
INT_1125,Git & Version Control,6.6
INT_1125,APIs & Microservices,6.6
INT_1126,SQL & Databases,3.9
INT_1126,Cybersecurity Essentials,3.9
INT_1126,MLOps Pipelines,8.5
INT_1126,Git & Version Control,8.5
INT_1126,APIs & Microservices,8.5
INT_1127,SQL & Databases,8.5
INT_1127,Frontend Basics (React),8.5
INT_1127,Data Wrangling & Pandas,8.5
INT_1127,Reinforcement Learning,5.2
INT_1128,Python Fundamentals,8.5
INT_1128,Deep Learning,7.1
INT_1128,Cloud Computing (AWS),7.1
INT_1128,Docker & Kubernetes,8.5
INT_1128,System Design,7.1
INT_1128,MLOps Pipelines,7.1
INT_1128,Data Wrangling & Pandas,8.5
INT_1128,Git & Version Control,7.1
INT_1128,APIs & Microservices,7.1
INT_1129,Python Fundamentals,6.0
INT_1129,SQL & Databases,8.5
INT_1129,Docker & Kubernetes,6.0
INT_1129,Cybersecurity Essentials,6.0
INT_1129,System Design,8.5
INT_1129,Git & Version Control,8.5
INT_1130,Python Fundamentals,8.5
INT_1130,Cybersecurity Essentials,5.6
INT_1130,System Design,5.6
INT_1130,Frontend Basics (React),5.6
INT_1130,Git & Version Control,8.5
INT_1130,APIs & Microservices,8.5
INT_1131,Cloud Computing (AWS),8.5
INT_1131,Docker & Kubernetes,8.5
INT_1131,Cybersecurity Essentials,8.5
INT_1132,Python Fundamentals,3.8
INT_1132,Deep Learning,3.8
INT_1132,Cloud Computing (AWS),3.8
INT_1132,Docker & Kubernetes,3.8
INT_1132,System Design,8.5
INT_1132,MLOps Pipelines,3.8
INT_1132,A/B Testing & Experimentation,3.8
INT_1132,Data Wrangling & Pandas,8.5
INT_1132,Git & Version Control,8.5
INT_1132,Reinforcement Learning,3.8
INT_1133,Python Fundamentals,5.6
INT_1133,SQL & Databases,8.5
INT_1133,Data Visualization,5.6
INT_1133,Cloud Computing (AWS),8.5
INT_1133,Docker & Kubernetes,8.5
INT_1133,MLOps Pipelines,5.6
INT_1133,Git & Version Control,5.6
INT_1133,APIs & Microservices,5.6
INT_1133,Business Intelligence & BI Tools,5.6
INT_1134,SQL & Databases,8.5
INT_1134,Cloud Computing (AWS),5.5
INT_1134,Docker & Kubernetes,8.5
INT_1134,Cybersecurity Essentials,8.5
INT_1134,MLOps Pipelines,5.5
INT_1134,A/B Testing & Experimentation,5.5
INT_1134,Data Wrangling & Pandas,5.5
INT_1134,APIs & Microservices,5.5
INT_1135,SQL & Databases,8.5
INT_1135,System Design,8.5
INT_1135,Frontend Basics (React),8.5
INT_1136,Python Fundamentals,8.5
INT_1136,SQL & Databases,8.5
INT_1136,Machine Learning Basics,6.8
INT_1136,Deep Learning,6.8
INT_1136,Data Visualization,6.8
INT_1136,Docker & Kubernetes,6.8
INT_1136,System Design,8.5
INT_1136,Statistics & Probability,6.8
INT_1136,Data Wrangling & Pandas,6.8
INT_1136,Git & Version Control,6.8
INT_1137,Python Fundamentals,4.4
INT_1137,SQL & Databases,4.4
INT_1137,Cloud Computing (AWS),4.4
INT_1137,Docker & Kubernetes,4.4
INT_1137,Cybersecurity Essentials,4.4
INT_1137,System Design,4.4
INT_1137,Statistics & Probability,8.5
INT_1137,MLOps Pipelines,4.4
INT_1137,Git & Version Control,8.5
INT_1137,APIs & Microservices,4.4
INT_1137,Time Series Analysis,8.5
INT_1138,Cloud Computing (AWS),8.5
INT_1138,Docker & Kubernetes,8.5
INT_1138,Git & Version Control,8.5
INT_1139,SQL & Databases,6.0
INT_1139,Data Visualization,8.5
INT_1139,Cloud Computing (AWS),8.5
INT_1139,Docker & Kubernetes,8.5
INT_1139,System Design,6.0
INT_1139,Statistics & Probability,6.0
INT_1139,A/B Testing & Experimentation,6.0
INT_1139,Business Intelligence & BI Tools,6.0
INT_1140,Python Fundamentals,5.6
INT_1140,SQL & Databases,8.5
INT_1140,Docker & Kubernetes,5.6
INT_1140,Cybersecurity Essentials,8.5
INT_1140,System Design,5.6
INT_1140,MLOps Pipelines,5.6
INT_1140,Git & Version Control,8.5
INT_1140,APIs & Microservices,5.6
INT_1141,SQL & Databases,8.5
INT_1141,Statistics & Probability,8.5
INT_1141,A/B Testing & Experimentation,7.3
INT_1141,Business Intelligence & BI Tools,8.5
INT_1142,Python Fundamentals,8.5
INT_1142,SQL & Databases,5.5
INT_1142,Docker & Kubernetes,8.5
INT_1142,System Design,5.5
INT_1142,Frontend Basics (React),5.5
INT_1142,MLOps Pipelines,5.5
INT_1142,Data Wrangling & Pandas,8.5
INT_1142,Git & Version Control,5.5
INT_1142,APIs & Microservices,5.5
INT_1143,SQL & Databases,8.5
INT_1143,Cloud Computing (AWS),8.5
INT_1143,Docker & Kubernetes,8.5
INT_1143,Git & Version Control,6.3
INT_1144,Python Fundamentals,8.5
INT_1144,SQL & Databases,8.5
INT_1144,Cybersecurity Essentials,8.5
INT_1144,System Design,5.7
INT_1144,MLOps Pipelines,5.7
INT_1144,Git & Version Control,5.7
INT_1144,APIs & Microservices,5.7
INT_1145,Python Fundamentals,8.5
INT_1145,Cloud Computing (AWS),8.5
INT_1145,Git & Version Control,8.5
INT_1146,Python Fundamentals,6.6
INT_1146,SQL & Databases,8.5
INT_1146,Machine Learning Basics,6.6
INT_1146,Deep Learning,6.6
INT_1146,Data Visualization,6.6
INT_1146,Docker & Kubernetes,6.6
INT_1146,Frontend Basics (React),8.5
INT_1146,Statistics & Probability,6.6
INT_1146,Git & Version Control,6.6
INT_1146,APIs & Microservices,6.6
INT_1146,Business Intelligence & BI Tools,8.5
INT_1147,Cloud Computing (AWS),8.5
INT_1147,Docker & Kubernetes,8.5
INT_1147,APIs & Microservices,8.5
INT_1148,Python Fundamentals,8.5
INT_1148,SQL & Databases,7.0
INT_1148,Data Visualization,7.0
INT_1148,System Design,7.0
INT_1148,Frontend Basics (React),7.0
INT_1148,MLOps Pipelines,8.5
INT_1148,Git & Version Control,7.0
INT_1148,APIs & Microservices,7.0
INT_1148,Reinforcement Learning,8.5
INT_1149,Python Fundamentals,6.1
INT_1149,SQL & Databases,6.1
INT_1149,Data Visualization,8.5
INT_1149,Cloud Computing (AWS),6.1
INT_1149,Docker & Kubernetes,6.1
INT_1149,Cybersecurity Essentials,6.1
INT_1149,System Design,6.1
INT_1149,Frontend Basics (React),8.5
INT_1149,Data Wrangling & Pandas,8.5
INT_1149,Git & Version Control,6.1
INT_1149,APIs & Microservices,6.1
INT_1150,Python Fundamentals,6.8
INT_1150,SQL & Databases,6.8
INT_1150,Deep Learning,6.8
INT_1150,Docker & Kubernetes,6.8
INT_1150,System Design,6.8
INT_1150,Statistics & Probability,8.5
INT_1150,MLOps Pipelines,6.8
INT_1150,A/B Testing & Experimentation,6.8
INT_1150,Data Wrangling & Pandas,8.5
INT_1150,Git & Version Control,8.5
INT_1151,SQL & Databases,8.4
INT_1151,Data Visualization,8.4
INT_1151,Cloud Computing (AWS),8.5
INT_1151,Docker & Kubernetes,8.5
INT_1151,System Design,8.4
INT_1151,Statistics & Probability,8.4
INT_1151,A/B Testing & Experimentation,8.4
INT_1151,Time Series Analysis,8.5
INT_1151,Business Intelligence & BI Tools,8.4
INT_1152,Data Visualization,8.5
INT_1152,Git & Version Control,8.5
INT_1152,APIs & Microservices,8.5
INT_1153,Python Fundamentals,6.6
INT_1153,Cloud Computing (AWS),8.5
INT_1153,Docker & Kubernetes,8.5
INT_1153,Cybersecurity Essentials,8.5
INT_1153,Data Wrangling & Pandas,6.6
INT_1153,Git & Version Control,6.6
INT_1154,Python Fundamentals,6.1
INT_1154,SQL & Databases,8.5
INT_1154,Cloud Computing (AWS),6.1
INT_1154,Docker & Kubernetes,6.1
INT_1154,Cybersecurity Essentials,8.5
INT_1154,System Design,6.1
INT_1154,MLOps Pipelines,8.5
INT_1154,Git & Version Control,6.1
INT_1154,APIs & Microservices,6.1
INT_1154,Reinforcement Learning,6.1
INT_1154,Business Intelligence & BI Tools,6.1
INT_1155,Data Visualization,8.5
INT_1155,Frontend Basics (React),8.5
INT_1155,NLP & Text Analytics,4.8
INT_1155,APIs & Microservices,8.5
INT_1155,Business Intelligence & BI Tools,4.8
INT_1156,SQL & Databases,8.5
INT_1156,Docker & Kubernetes,8.5
INT_1156,Cybersecurity Essentials,8.5
INT_1156,System Design,6.3
INT_1157,Python Fundamentals,7.5
INT_1157,SQL & Databases,7.5
INT_1157,Cloud Computing (AWS),8.5
INT_1157,Docker & Kubernetes,7.5
INT_1157,Cybersecurity Essentials,8.5
INT_1157,System Design,7.5
INT_1157,MLOps Pipelines,7.5
INT_1157,Git & Version Control,7.5
INT_1157,APIs & Microservices,8.5
INT_1158,Python Fundamentals,6.6
INT_1158,Deep Learning,6.6
INT_1158,Docker & Kubernetes,8.5
INT_1158,System Design,8.5
INT_1158,Statistics & Probability,6.6
INT_1158,Data Wrangling & Pandas,6.6
INT_1158,Git & Version Control,8.5
INT_1158,APIs & Microservices,6.6
INT_1159,Python Fundamentals,7.1
INT_1159,SQL & Databases,8.5
INT_1159,Cloud Computing (AWS),8.5
INT_1159,Docker & Kubernetes,7.1
INT_1159,A/B Testing & Experimentation,8.5
INT_1159,Data Wrangling & Pandas,7.1
INT_1159,Reinforcement Learning,7.1
INT_1160,Cloud Computing (AWS),5.5
INT_1160,Docker & Kubernetes,5.5
INT_1160,System Design,8.5
INT_1160,Data Wrangling & Pandas,8.5
INT_1160,Git & Version Control,5.5
INT_1160,APIs & Microservices,8.5
INT_1160,Time Series Analysis,5.5
INT_1161,SQL & Databases,5.7
INT_1161,Machine Learning Basics,8.5
INT_1161,Deep Learning,5.7
INT_1161,Data Visualization,5.7
INT_1161,Statistics & Probability,8.5
INT_1161,A/B Testing & Experimentation,5.7
INT_1161,Time Series Analysis,5.7
INT_1161,Business Intelligence & BI Tools,8.5
INT_1162,Python Fundamentals,5.3
INT_1162,SQL & Databases,5.3
INT_1162,Cloud Computing (AWS),8.5
INT_1162,Docker & Kubernetes,5.3
INT_1162,Cybersecurity Essentials,5.3
INT_1162,System Design,5.3
INT_1162,Frontend Basics (React),8.5
INT_1162,Data Wrangling & Pandas,8.5
INT_1162,Git & Version Control,5.3
INT_1162,APIs & Microservices,5.3
INT_1162,Time Series Analysis,5.3
INT_1163,Python Fundamentals,5.3
INT_1163,SQL & Databases,8.5
INT_1163,Data Visualization,5.3
INT_1163,Cloud Computing (AWS),5.3
INT_1163,Docker & Kubernetes,8.5
INT_1163,Cybersecurity Essentials,8.5
INT_1163,System Design,5.3
INT_1163,NLP & Text Analytics,5.3
INT_1163,Git & Version Control,5.3
INT_1163,APIs & Microservices,5.3
INT_1163,Reinforcement Learning,5.3
INT_1164,Python Fundamentals,5.4
INT_1164,Cloud Computing (AWS),8.5
INT_1164,Docker & Kubernetes,8.5
INT_1164,Statistics & Probability,5.4
INT_1164,MLOps Pipelines,8.5
INT_1164,Data Wrangling & Pandas,5.4
INT_1164,Git & Version Control,5.4
INT_1164,APIs & Microservices,5.4
INT_1164,Business Intelligence & BI Tools,5.4
INT_1165,SQL & Databases,8.5
INT_1165,Cloud Computing (AWS),8.5
INT_1165,Docker & Kubernetes,8.5
INT_1166,Python Fundamentals,7.1
INT_1166,Data Visualization,7.1
INT_1166,Cloud Computing (AWS),8.5
INT_1166,Docker & Kubernetes,7.1
INT_1166,Cybersecurity Essentials,7.1
INT_1166,Statistics & Probability,7.1
INT_1166,MLOps Pipelines,8.5
INT_1166,Git & Version Control,7.1
INT_1166,APIs & Microservices,7.1
INT_1166,Time Series Analysis,8.5
INT_1167,SQL & Databases,8.5
INT_1167,Cloud Computing (AWS),8.5
INT_1167,Cybersecurity Essentials,8.5
INT_1168,Python Fundamentals,5.5
INT_1168,Machine Learning Basics,5.5
INT_1168,Deep Learning,5.5
INT_1168,Cloud Computing (AWS),5.5
INT_1168,Cybersecurity Essentials,5.5
INT_1168,Statistics & Probability,8.5
INT_1168,NLP & Text Analytics,8.5
INT_1168,MLOps Pipelines,5.5
INT_1168,A/B Testing & Experimentation,8.5
INT_1168,Git & Version Control,5.5
INT_1168,Reinforcement Learning,5.5
INT_1169,Python Fundamentals,5.1
INT_1169,SQL & Databases,5.1
INT_1169,Cloud Computing (AWS),8.5
INT_1169,Docker & Kubernetes,5.1
INT_1169,System Design,8.5
INT_1169,Data Wrangling & Pandas,5.1
INT_1169,Git & Version Control,8.5
INT_1169,APIs & Microservices,5.1
INT_1170,Machine Learning Basics,8.5
INT_1170,Deep Learning,8.5
INT_1170,Data Visualization,8.5
INT_1171,Python Fundamentals,8.5
INT_1171,SQL & Databases,6.5
INT_1171,Cloud Computing (AWS),6.5
INT_1171,Docker & Kubernetes,8.5
INT_1171,System Design,6.5
INT_1171,Data Wrangling & Pandas,8.5
INT_1171,Git & Version Control,6.5
INT_1171,APIs & Microservices,6.5
INT_1171,Time Series Analysis,6.5
INT_1172,SQL & Databases,4.0
INT_1172,Deep Learning,4.0
INT_1172,Data Visualization,4.0
INT_1172,Docker & Kubernetes,4.0
INT_1172,Statistics & Probability,4.0
INT_1172,NLP & Text Analytics,4.0
INT_1172,A/B Testing & Experimentation,8.5
INT_1172,Git & Version Control,8.5
INT_1172,Time Series Analysis,8.5
INT_1172,Business Intelligence & BI Tools,4.0
INT_1173,Python Fundamentals,8.5
INT_1173,System Design,8.5
INT_1173,Git & Version Control,8.5
INT_1173,APIs & Microservices,6.9
INT_1174,System Design,8.5
INT_1174,Git & Version Control,8.5
INT_1174,APIs & Microservices,8.5
INT_1175,Cloud Computing (AWS),8.5
INT_1175,Docker & Kubernetes,8.5
INT_1175,Statistics & Probability,5.5
INT_1175,A/B Testing & Experimentation,8.5
INT_1176,SQL & Databases,5.8
INT_1176,Deep Learning,5.8
INT_1176,Cloud Computing (AWS),8.5
INT_1176,Docker & Kubernetes,8.5
INT_1176,Statistics & Probability,5.8
INT_1176,A/B Testing & Experimentation,8.5
INT_1176,Data Wrangling & Pandas,5.8
INT_1176,Reinforcement Learning,5.8
INT_1177,Machine Learning Basics,5.0
INT_1177,Deep Learning,8.5
INT_1177,Data Visualization,5.0
INT_1177,Statistics & Probability,5.0
INT_1177,NLP & Text Analytics,8.5
INT_1177,A/B Testing & Experimentation,8.5
INT_1177,Data Wrangling & Pandas,5.0
INT_1177,Business Intelligence & BI Tools,5.0
INT_1178,Python Fundamentals,6.4
INT_1178,SQL & Databases,6.4
INT_1178,Cloud Computing (AWS),6.4
INT_1178,Docker & Kubernetes,6.4
INT_1178,Cybersecurity Essentials,6.4
INT_1178,System Design,6.4
INT_1178,MLOps Pipelines,8.5
INT_1178,A/B Testing & Experimentation,8.5
INT_1178,Git & Version Control,6.4
INT_1178,APIs & Microservices,6.4
INT_1178,Time Series Analysis,8.5
INT_1179,Python Fundamentals,8.5
INT_1179,Cloud Computing (AWS),6.1
INT_1179,System Design,6.1
INT_1179,Git & Version Control,8.5
INT_1179,APIs & Microservices,8.5
INT_1179,Time Series Analysis,6.1
INT_1180,Python Fundamentals,5.8
INT_1180,SQL & Databases,5.8
INT_1180,Deep Learning,5.8
INT_1180,System Design,8.5
INT_1180,Statistics & Probability,8.5
INT_1180,A/B Testing & Experimentation,5.8
INT_1180,Git & Version Control,8.5
INT_1181,Machine Learning Basics,8.5
INT_1181,Deep Learning,8.5
INT_1181,Data Visualization,4.7
INT_1181,NLP & Text Analytics,8.5
INT_1182,SQL & Databases,5.3
INT_1182,Cloud Computing (AWS),5.3
INT_1182,Docker & Kubernetes,5.3
INT_1182,Cybersecurity Essentials,8.5
INT_1182,MLOps Pipelines,5.3
INT_1182,Git & Version Control,8.5
INT_1182,APIs & Microservices,8.5
INT_1183,Python Fundamentals,8.5
INT_1183,SQL & Databases,6.0
INT_1183,Cloud Computing (AWS),8.5
INT_1183,Docker & Kubernetes,8.5
INT_1183,Cybersecurity Essentials,6.0
INT_1183,System Design,6.0
INT_1183,Frontend Basics (React),6.0
INT_1183,Statistics & Probability,6.0
INT_1183,Git & Version Control,6.0
INT_1183,APIs & Microservices,6.0
INT_1184,Python Fundamentals,6.3
INT_1184,SQL & Databases,6.3
INT_1184,Deep Learning,6.3
INT_1184,Data Visualization,6.3
INT_1184,Cloud Computing (AWS),6.3
INT_1184,System Design,8.5
INT_1184,Frontend Basics (React),6.3
INT_1184,A/B Testing & Experimentation,8.5
INT_1184,Data Wrangling & Pandas,8.5
INT_1184,Git & Version Control,6.3
INT_1184,APIs & Microservices,6.3
INT_1185,Python Fundamentals,6.8
INT_1185,SQL & Databases,8.5
INT_1185,Docker & Kubernetes,6.8
INT_1185,Cybersecurity Essentials,8.5
INT_1185,System Design,6.8
INT_1185,MLOps Pipelines,8.5
INT_1185,APIs & Microservices,6.8
INT_1186,Python Fundamentals,6.1
INT_1186,Data Visualization,8.5
INT_1186,System Design,8.5
INT_1186,Frontend Basics (React),8.5
INT_1186,Statistics & Probability,6.1
INT_1186,Git & Version Control,6.1
INT_1186,APIs & Microservices,6.1
INT_1186,Time Series Analysis,6.1
INT_1187,Python Fundamentals,5.9
INT_1187,Cloud Computing (AWS),8.5
INT_1187,Docker & Kubernetes,8.5
INT_1187,System Design,5.9
INT_1187,Frontend Basics (React),5.9
INT_1187,Data Wrangling & Pandas,8.5
INT_1188,Python Fundamentals,8.5
INT_1188,System Design,8.5
INT_1188,APIs & Microservices,8.5
INT_1189,Machine Learning Basics,8.5
INT_1189,Deep Learning,8.5
INT_1189,Data Visualization,8.5
INT_1189,Statistics & Probability,5.2
INT_1189,A/B Testing & Experimentation,5.2
INT_1190,Python Fundamentals,8.2
INT_1190,Data Visualization,8.2
INT_1190,Frontend Basics (React),8.2
INT_1190,MLOps Pipelines,8.2
INT_1190,A/B Testing & Experimentation,8.5
INT_1190,Git & Version Control,8.2
INT_1190,APIs & Microservices,8.5
INT_1190,Time Series Analysis,8.5
INT_1191,Python Fundamentals,8.5
INT_1191,Deep Learning,5.6
INT_1191,Data Visualization,5.6
INT_1191,Cybersecurity Essentials,5.6
INT_1191,System Design,8.5
INT_1191,Frontend Basics (React),5.6
INT_1191,MLOps Pipelines,5.6
INT_1191,A/B Testing & Experimentation,5.6
INT_1191,Git & Version Control,8.5
INT_1191,APIs & Microservices,5.6
INT_1192,Python Fundamentals,6.3
INT_1192,Data Visualization,8.5
INT_1192,Frontend Basics (React),8.5
INT_1192,Data Wrangling & Pandas,6.3
INT_1192,Git & Version Control,6.3
INT_1192,APIs & Microservices,6.3
INT_1192,Reinforcement Learning,6.3
INT_1192,Business Intelligence & BI Tools,8.5
INT_1193,SQL & Databases,5.0
INT_1193,Cloud Computing (AWS),5.0
INT_1193,Docker & Kubernetes,8.5
INT_1193,Cybersecurity Essentials,8.5
INT_1193,MLOps Pipelines,8.5
INT_1194,Python Fundamentals,8.5
INT_1194,SQL & Databases,7.2
INT_1194,Cloud Computing (AWS),7.2
INT_1194,Docker & Kubernetes,8.5
INT_1194,Data Wrangling & Pandas,8.5
INT_1194,Git & Version Control,7.2
INT_1195,Python Fundamentals,5.7
INT_1195,SQL & Databases,5.7
INT_1195,Cloud Computing (AWS),5.7
INT_1195,Docker & Kubernetes,8.5
INT_1195,Cybersecurity Essentials,5.7
INT_1195,MLOps Pipelines,8.5
INT_1195,Git & Version Control,5.7
INT_1195,APIs & Microservices,8.5
INT_1195,Reinforcement Learning,5.7
INT_1196,Python Fundamentals,6.2
INT_1196,SQL & Databases,8.5
INT_1196,Cloud Computing (AWS),6.2
INT_1196,System Design,6.2
INT_1196,Statistics & Probability,6.2
INT_1196,APIs & Microservices,6.2
INT_1196,Time Series Analysis,8.5
INT_1196,Business Intelligence & BI Tools,8.5
INT_1197,Data Visualization,7.1
INT_1197,System Design,7.1
INT_1197,Git & Version Control,8.5
INT_1197,APIs & Microservices,8.5
INT_1197,Time Series Analysis,8.5
INT_1198,Python Fundamentals,6.3
INT_1198,Cloud Computing (AWS),8.5
INT_1198,Docker & Kubernetes,8.5
INT_1198,Cybersecurity Essentials,8.5
INT_1198,System Design,6.3
INT_1198,NLP & Text Analytics,6.3
INT_1198,Git & Version Control,6.3
INT_1198,APIs & Microservices,6.3
INT_1199,Python Fundamentals,5.9
INT_1199,SQL & Databases,5.9
INT_1199,Cloud Computing (AWS),5.9
INT_1199,Docker & Kubernetes,5.9
INT_1199,Cybersecurity Essentials,5.9
INT_1199,System Design,5.9
INT_1199,MLOps Pipelines,5.9
INT_1199,Git & Version Control,8.5
INT_1199,APIs & Microservices,8.5
INT_1199,Time Series Analysis,5.9
INT_1199,Business Intelligence & BI Tools,8.5
INT_1200,Python Fundamentals,4.7
INT_1200,Cybersecurity Essentials,4.7
INT_1200,System Design,8.5
INT_1200,Frontend Basics (React),4.7
INT_1200,NLP & Text Analytics,4.7
INT_1200,MLOps Pipelines,4.7
INT_1200,Git & Version Control,8.5
INT_1200,APIs & Microservices,8.5
INT_1201,Python Fundamentals,7.2
INT_1201,Cloud Computing (AWS),8.5
INT_1201,Docker & Kubernetes,8.5
INT_1201,Cybersecurity Essentials,8.5
INT_1201,System Design,7.2
INT_1201,NLP & Text Analytics,7.2
INT_1201,Git & Version Control,7.2
INT_1201,Reinforcement Learning,7.2
INT_1202,Cloud Computing (AWS),4.1
INT_1202,Docker & Kubernetes,8.5
INT_1202,Statistics & Probability,8.5
INT_1202,APIs & Microservices,4.1
INT_1202,Time Series Analysis,8.5
INT_1203,Cloud Computing (AWS),8.5
INT_1203,Docker & Kubernetes,8.5
INT_1203,Cybersecurity Essentials,8.5
INT_1204,Frontend Basics (React),8.5
INT_1204,Git & Version Control,8.5
INT_1204,APIs & Microservices,8.5
INT_1205,Cloud Computing (AWS),8.5
INT_1205,Docker & Kubernetes,8.5
INT_1205,Cybersecurity Essentials,6.4
INT_1205,MLOps Pipelines,8.5
INT_1206,Python Fundamentals,5.2
INT_1206,SQL & Databases,8.5
INT_1206,Cloud Computing (AWS),8.5
INT_1206,Docker & Kubernetes,8.5
INT_1206,Git & Version Control,5.2
INT_1206,APIs & Microservices,5.2
INT_1207,Python Fundamentals,7.0
INT_1207,SQL & Databases,8.5
INT_1207,Data Visualization,7.0
INT_1207,Cybersecurity Essentials,7.0
INT_1207,System Design,7.0
INT_1207,Frontend Basics (React),8.5
INT_1207,A/B Testing & Experimentation,7.0
INT_1207,Git & Version Control,7.0
INT_1207,APIs & Microservices,7.0
INT_1207,Business Intelligence & BI Tools,8.5
INT_1208,Python Fundamentals,6.4
INT_1208,SQL & Databases,6.4
INT_1208,Cloud Computing (AWS),6.4
INT_1208,Docker & Kubernetes,8.5
INT_1208,System Design,8.5
INT_1208,NLP & Text Analytics,6.4
INT_1208,MLOps Pipelines,6.4
INT_1208,Data Wrangling & Pandas,8.5
INT_1208,Git & Version Control,6.4
INT_1208,APIs & Microservices,6.4
INT_1209,Python Fundamentals,6.9
INT_1209,Data Visualization,6.9
INT_1209,Cloud Computing (AWS),6.9
INT_1209,Docker & Kubernetes,6.9
INT_1209,Statistics & Probability,8.5
INT_1209,Data Wrangling & Pandas,6.9
INT_1209,Git & Version Control,8.5
INT_1209,APIs & Microservices,8.5
INT_1209,Time Series Analysis,6.9
INT_1210,SQL & Databases,6.7
INT_1210,Data Visualization,6.7
INT_1210,Cloud Computing (AWS),8.5
INT_1210,Statistics & Probability,6.7
INT_1210,A/B Testing & Experimentation,8.5
INT_1210,Git & Version Control,8.5
INT_1210,Reinforcement Learning,6.7
INT_1210,Business Intelligence & BI Tools,6.7
INT_1211,Python Fundamentals,8.5
INT_1211,SQL & Databases,8.5
INT_1211,System Design,8.5
INT_1212,Python Fundamentals,5.8
INT_1212,Deep Learning,5.8
INT_1212,Data Visualization,5.8
INT_1212,Cybersecurity Essentials,8.5
INT_1212,System Design,8.5
INT_1212,Frontend Basics (React),5.8
INT_1212,Data Wrangling & Pandas,8.5
INT_1212,Git & Version Control,5.8
INT_1212,APIs & Microservices,5.8
INT_1212,Time Series Analysis,5.8
INT_1212,Business Intelligence & BI Tools,5.8
INT_1213,SQL & Databases,6.6
INT_1213,Machine Learning Basics,6.6
INT_1213,Data Visualization,6.6
INT_1213,System Design,8.5
INT_1213,Frontend Basics (React),8.5
INT_1213,Statistics & Probability,6.6
INT_1213,NLP & Text Analytics,6.6
INT_1213,A/B Testing & Experimentation,6.6
INT_1213,APIs & Microservices,8.5
INT_1213,Reinforcement Learning,6.6
INT_1213,Business Intelligence & BI Tools,6.6
INT_1214,Python Fundamentals,8.5
INT_1214,Cloud Computing (AWS),8.5
INT_1214,Docker & Kubernetes,8.5
INT_1215,Python Fundamentals,4.6
INT_1215,SQL & Databases,4.6
INT_1215,Cloud Computing (AWS),4.6
INT_1215,Docker & Kubernetes,4.6
INT_1215,Cybersecurity Essentials,4.6
INT_1215,System Design,4.6
INT_1215,Frontend Basics (React),4.6
INT_1215,Data Wrangling & Pandas,8.5
INT_1215,Git & Version Control,8.5
INT_1215,APIs & Microservices,8.5
INT_1216,SQL & Databases,6.8
INT_1216,Machine Learning Basics,8.5
INT_1216,Deep Learning,8.5
INT_1216,Data Visualization,8.5
INT_1216,A/B Testing & Experimentation,6.8
INT_1217,SQL & Databases,8.5
INT_1217,Cloud Computing (AWS),6.5
INT_1217,Docker & Kubernetes,8.5
INT_1217,System Design,8.5
INT_1218,Python Fundamentals,5.1
INT_1218,SQL & Databases,5.1
INT_1218,Cloud Computing (AWS),8.5
INT_1218,Docker & Kubernetes,5.1
INT_1218,System Design,8.5
INT_1218,MLOps Pipelines,8.5
INT_1218,Git & Version Control,5.1
INT_1218,APIs & Microservices,5.1
INT_1218,Reinforcement Learning,5.1
INT_1219,Python Fundamentals,8.5
INT_1219,SQL & Databases,6.9
INT_1219,Cloud Computing (AWS),6.9
INT_1219,Docker & Kubernetes,6.9
INT_1219,System Design,8.5
INT_1219,Statistics & Probability,6.9
INT_1219,Git & Version Control,6.9
INT_1219,APIs & Microservices,8.5
INT_1220,Python Fundamentals,8.5
INT_1220,SQL & Databases,5.6
INT_1220,Cloud Computing (AWS),8.5
INT_1220,Docker & Kubernetes,5.6
INT_1220,Cybersecurity Essentials,5.6
INT_1220,System Design,8.5
INT_1221,Machine Learning Basics,8.5
INT_1221,Deep Learning,8.5
INT_1221,Data Visualization,8.5
INT_1221,Business Intelligence & BI Tools,5.2
INT_1222,Python Fundamentals,7.1
INT_1222,Cloud Computing (AWS),7.1
INT_1222,System Design,7.1
INT_1222,Data Wrangling & Pandas,8.5
INT_1222,Git & Version Control,8.5
INT_1222,APIs & Microservices,8.5
INT_1223,Python Fundamentals,8.5
INT_1223,Cloud Computing (AWS),8.5
INT_1223,Docker & Kubernetes,8.5
INT_1223,Git & Version Control,5.7
INT_1223,Reinforcement Learning,5.7
INT_1224,Python Fundamentals,8.5
INT_1224,SQL & Databases,7.7
INT_1224,Machine Learning Basics,7.7
INT_1224,Cloud Computing (AWS),7.7
INT_1224,Cybersecurity Essentials,7.7
INT_1224,System Design,8.5
INT_1224,Git & Version Control,7.7
INT_1224,APIs & Microservices,8.5
INT_1224,Business Intelligence & BI Tools,7.7
INT_1225,SQL & Databases,6.4
INT_1225,Statistics & Probability,8.5
INT_1225,A/B Testing & Experimentation,8.5
INT_1225,Business Intelligence & BI Tools,8.5
INT_1226,Python Fundamentals,5.6
INT_1226,SQL & Databases,5.6
INT_1226,Cloud Computing (AWS),5.6
INT_1226,Docker & Kubernetes,8.5
INT_1226,Cybersecurity Essentials,8.5
INT_1226,System Design,5.6
INT_1226,Git & Version Control,5.6
INT_1226,APIs & Microservices,8.5
INT_1227,SQL & Databases,5.2
INT_1227,Data Visualization,5.2
INT_1227,Docker & Kubernetes,8.5
INT_1227,Cybersecurity Essentials,8.5
INT_1227,Statistics & Probability,5.2
INT_1227,A/B Testing & Experimentation,5.2
INT_1227,APIs & Microservices,5.2
INT_1227,Time Series Analysis,5.2
INT_1227,Business Intelligence & BI Tools,8.5
INT_1228,Python Fundamentals,8.5
INT_1228,Data Visualization,4.8
INT_1228,Docker & Kubernetes,4.8
INT_1228,Frontend Basics (React),8.5
INT_1228,Git & Version Control,4.8
INT_1228,APIs & Microservices,4.8
INT_1228,Business Intelligence & BI Tools,8.5
INT_1229,SQL & Databases,8.5
INT_1229,Data Visualization,6.3
INT_1229,Statistics & Probability,6.3
INT_1229,A/B Testing & Experimentation,8.5
INT_1229,APIs & Microservices,6.3
INT_1229,Reinforcement Learning,6.3
INT_1229,Business Intelligence & BI Tools,8.5
INT_1230,SQL & Databases,8.5
INT_1230,Cloud Computing (AWS),5.3
INT_1230,Docker & Kubernetes,8.5
INT_1230,Frontend Basics (React),8.5
INT_1231,Python Fundamentals,7.2
INT_1231,Data Visualization,7.2
INT_1231,Cloud Computing (AWS),7.2
INT_1231,System Design,7.2
INT_1231,Statistics & Probability,8.5
INT_1231,NLP & Text Analytics,7.2
INT_1231,Data Wrangling & Pandas,8.5
INT_1231,Git & Version Control,7.2
INT_1231,APIs & Microservices,8.5
INT_1231,Time Series Analysis,7.2
INT_1232,Python Fundamentals,5.9
INT_1232,Data Visualization,8.5
INT_1232,Docker & Kubernetes,5.9
INT_1232,System Design,5.9
INT_1232,Data Wrangling & Pandas,8.5
INT_1232,APIs & Microservices,8.5
INT_1232,Time Series Analysis,5.9
INT_1233,Machine Learning Basics,8.5
INT_1233,Deep Learning,5.4
INT_1233,Data Visualization,5.4
INT_1233,NLP & Text Analytics,8.5
INT_1233,A/B Testing & Experimentation,8.5
INT_1233,Data Wrangling & Pandas,5.4
INT_1233,Business Intelligence & BI Tools,5.4
INT_1234,Python Fundamentals,6.0
INT_1234,Data Visualization,6.0
INT_1234,Cybersecurity Essentials,6.0
INT_1234,System Design,8.5
INT_1234,Frontend Basics (React),8.5
INT_1234,Data Wrangling & Pandas,8.5
INT_1234,Git & Version Control,6.0
INT_1234,APIs & Microservices,6.0
INT_1235,Deep Learning,5.0
INT_1235,Cloud Computing (AWS),5.0
INT_1235,System Design,8.5
INT_1235,Statistics & Probability,5.0
INT_1235,Data Wrangling & Pandas,8.5
INT_1235,APIs & Microservices,8.5
INT_1236,Data Visualization,8.5
INT_1236,Data Wrangling & Pandas,8.5
INT_1236,Git & Version Control,8.5
INT_1237,Cloud Computing (AWS),8.5
INT_1237,Docker & Kubernetes,8.5
INT_1237,Cybersecurity Essentials,8.5
INT_1237,Statistics & Probability,5.9
INT_1237,Git & Version Control,5.9
INT_1237,APIs & Microservices,5.9
INT_1238,SQL & Databases,6.7
INT_1238,Data Visualization,6.7
INT_1238,Statistics & Probability,8.5
INT_1238,A/B Testing & Experimentation,8.5
INT_1238,Business Intelligence & BI Tools,8.5
INT_1239,Python Fundamentals,8.5
INT_1239,System Design,8.5
INT_1239,Git & Version Control,8.5
INT_1240,Python Fundamentals,8.5
INT_1240,SQL & Databases,5.1
INT_1240,Docker & Kubernetes,5.1
INT_1240,Cybersecurity Essentials,5.1
INT_1240,System Design,5.1
INT_1240,Frontend Basics (React),5.1
INT_1240,MLOps Pipelines,8.5
INT_1240,Git & Version Control,8.5
INT_1240,APIs & Microservices,5.1
INT_1241,SQL & Databases,5.1
INT_1241,Machine Learning Basics,8.5
INT_1241,Deep Learning,5.1
INT_1241,Data Visualization,5.1
INT_1241,Statistics & Probability,8.5
INT_1241,Data Wrangling & Pandas,5.1
INT_1241,Time Series Analysis,5.1
INT_1241,Business Intelligence & BI Tools,8.5
INT_1242,SQL & Databases,8.5
INT_1242,Cloud Computing (AWS),8.5
INT_1242,Docker & Kubernetes,8.5
INT_1242,Frontend Basics (React),5.8
INT_1242,Git & Version Control,5.8
INT_1242,Reinforcement Learning,5.8
INT_1243,Python Fundamentals,8.5
INT_1243,SQL & Databases,4.0
INT_1243,Docker & Kubernetes,4.0
INT_1243,System Design,4.0
INT_1243,Frontend Basics (React),4.0
INT_1243,Data Wrangling & Pandas,8.5
INT_1243,Git & Version Control,8.5
INT_1243,APIs & Microservices,4.0
INT_1243,Time Series Analysis,4.0
INT_1244,Python Fundamentals,8.5
INT_1244,SQL & Databases,6.3
INT_1244,Cloud Computing (AWS),6.3
INT_1244,System Design,8.5
INT_1244,Git & Version Control,8.5
INT_1244,APIs & Microservices,6.3
INT_1245,Python Fundamentals,8.5
INT_1245,SQL & Databases,8.5
INT_1245,Data Wrangling & Pandas,8.5
INT_1246,Python Fundamentals,7.6
INT_1246,SQL & Databases,7.6
INT_1246,Data Visualization,7.6
INT_1246,Statistics & Probability,7.6
INT_1246,MLOps Pipelines,8.5
INT_1246,Data Wrangling & Pandas,7.6
INT_1246,Time Series Analysis,8.5
INT_1246,Business Intelligence & BI Tools,8.5
INT_1247,Python Fundamentals,6.7
INT_1247,SQL & Databases,6.7
INT_1247,Cloud Computing (AWS),6.7
INT_1247,Docker & Kubernetes,6.7
INT_1247,Cybersecurity Essentials,8.5
INT_1247,System Design,8.5
INT_1247,Git & Version Control,6.7
INT_1247,APIs & Microservices,8.5
INT_1248,Python Fundamentals,6.1
INT_1248,SQL & Databases,6.1
INT_1248,Cloud Computing (AWS),6.1
INT_1248,Docker & Kubernetes,6.1
INT_1248,System Design,6.1
INT_1248,Statistics & Probability,6.1
INT_1248,Data Wrangling & Pandas,8.5
INT_1248,Git & Version Control,8.5
INT_1248,APIs & Microservices,6.1
INT_1248,Business Intelligence & BI Tools,8.5
INT_1249,Python Fundamentals,5.4
INT_1249,Cloud Computing (AWS),5.4
INT_1249,Docker & Kubernetes,5.4
INT_1249,System Design,8.5
INT_1249,MLOps Pipelines,5.4
INT_1249,Data Wrangling & Pandas,8.5
INT_1249,Git & Version Control,8.5
INT_1249,APIs & Microservices,5.4
INT_1250,Python Fundamentals,8.5
INT_1250,Data Visualization,8.5
INT_1250,Cloud Computing (AWS),6.3
INT_1250,System Design,8.5
INT_1250,Statistics & Probability,6.3
INT_1250,MLOps Pipelines,6.3
INT_1250,Data Wrangling & Pandas,6.3
INT_1250,Business Intelligence & BI Tools,6.3
INT_1251,Machine Learning Basics,8.5
INT_1251,Deep Learning,4.8
INT_1251,Data Visualization,8.5
INT_1251,Statistics & Probability,8.5
INT_1251,NLP & Text Analytics,4.8
INT_1252,SQL & Databases,8.5
INT_1252,Cloud Computing (AWS),8.5
INT_1252,Docker & Kubernetes,8.5
INT_1253,Python Fundamentals,8.5
INT_1253,SQL & Databases,8.5
INT_1253,System Design,8.5
INT_1253,NLP & Text Analytics,5.9
INT_1253,MLOps Pipelines,5.9
INT_1253,Git & Version Control,5.9
INT_1253,APIs & Microservices,5.9
INT_1253,Reinforcement Learning,5.9
INT_1254,SQL & Databases,6.2
INT_1254,Cloud Computing (AWS),6.2
INT_1254,Docker & Kubernetes,8.5
INT_1254,Cybersecurity Essentials,8.5
INT_1254,System Design,6.2
INT_1254,MLOps Pipelines,8.5
INT_1254,Git & Version Control,6.2
INT_1254,APIs & Microservices,6.2
INT_1255,Python Fundamentals,7.0
INT_1255,SQL & Databases,7.0
INT_1255,Data Visualization,8.5
INT_1255,Statistics & Probability,8.5
INT_1255,MLOps Pipelines,7.0
INT_1255,A/B Testing & Experimentation,8.5
INT_1255,Business Intelligence & BI Tools,7.0
INT_1256,SQL & Databases,8.5
INT_1256,Statistics & Probability,8.5
INT_1256,A/B Testing & Experimentation,8.5
INT_1257,Python Fundamentals,8.5
INT_1257,Data Visualization,7.6
INT_1257,Docker & Kubernetes,8.5
INT_1257,Frontend Basics (React),8.5
INT_1257,Git & Version Control,7.6
INT_1257,APIs & Microservices,7.6
INT_1258,Cloud Computing (AWS),5.4
INT_1258,Docker & Kubernetes,5.4
INT_1258,Cybersecurity Essentials,5.4
INT_1258,System Design,8.5
INT_1258,Data Wrangling & Pandas,8.5
INT_1258,Git & Version Control,8.5
INT_1258,Time Series Analysis,5.4
INT_1259,Python Fundamentals,8.8
INT_1259,Data Visualization,8.5
INT_1259,Cybersecurity Essentials,8.8
INT_1259,Frontend Basics (React),8.8
INT_1259,NLP & Text Analytics,8.8
INT_1259,A/B Testing & Experimentation,8.8
INT_1259,Git & Version Control,8.5
INT_1259,APIs & Microservices,8.5
INT_1260,Python Fundamentals,8.5
INT_1260,SQL & Databases,8.5
INT_1260,System Design,8.5
INT_1261,Statistics & Probability,8.5
INT_1261,Data Wrangling & Pandas,8.5
INT_1261,Git & Version Control,8.5
INT_1262,SQL & Databases,8.5
INT_1262,Cloud Computing (AWS),8.5
INT_1262,Docker & Kubernetes,5.6
INT_1262,NLP & Text Analytics,5.6
INT_1262,A/B Testing & Experimentation,8.5
INT_1263,Python Fundamentals,8.5
INT_1263,Cloud Computing (AWS),6.0
INT_1263,Git & Version Control,8.5
INT_1263,APIs & Microservices,8.5
INT_1264,Python Fundamentals,6.1
INT_1264,SQL & Databases,6.1
INT_1264,Cloud Computing (AWS),8.5
INT_1264,Docker & Kubernetes,6.1
INT_1264,System Design,6.1
INT_1264,MLOps Pipelines,6.1
INT_1264,Data Wrangling & Pandas,6.1
INT_1264,Git & Version Control,8.5
INT_1264,APIs & Microservices,8.5
INT_1264,Business Intelligence & BI Tools,6.1
INT_1265,SQL & Databases,8.5
INT_1265,Data Visualization,6.4
INT_1265,Cloud Computing (AWS),6.4
INT_1265,System Design,8.5
INT_1265,Statistics & Probability,6.4
INT_1265,A/B Testing & Experimentation,6.4
INT_1265,Business Intelligence & BI Tools,8.5
INT_1266,Python Fundamentals,8.5
INT_1266,SQL & Databases,8.5
INT_1266,Data Visualization,5.5
INT_1266,Cloud Computing (AWS),5.5
INT_1266,Docker & Kubernetes,5.5
INT_1266,System Design,8.5
INT_1266,Frontend Basics (React),5.5
INT_1266,MLOps Pipelines,5.5
INT_1266,Git & Version Control,5.5
INT_1266,APIs & Microservices,5.5
INT_1267,Machine Learning Basics,8.5
INT_1267,Deep Learning,8.5
INT_1267,Data Visualization,6.6
INT_1267,Statistics & Probability,6.6
INT_1267,A/B Testing & Experimentation,8.5
INT_1267,Data Wrangling & Pandas,6.6
INT_1267,Time Series Analysis,6.6
INT_1267,Reinforcement Learning,6.6
INT_1268,Data Visualization,8.5
INT_1268,Data Wrangling & Pandas,8.5
INT_1268,Git & Version Control,8.5
INT_1269,SQL & Databases,7.4
INT_1269,Machine Learning Basics,8.5
INT_1269,Deep Learning,8.5
INT_1269,Data Visualization,8.5
INT_1269,Statistics & Probability,7.4
INT_1270,Python Fundamentals,5.7
INT_1270,SQL & Databases,5.7
INT_1270,Cloud Computing (AWS),5.7
INT_1270,Docker & Kubernetes,5.7
INT_1270,System Design,5.7
INT_1270,Frontend Basics (React),8.5
INT_1270,NLP & Text Analytics,8.5
INT_1270,A/B Testing & Experimentation,5.7
INT_1270,Data Wrangling & Pandas,5.7
INT_1270,Git & Version Control,5.7
INT_1270,APIs & Microservices,8.5
INT_1271,Python Fundamentals,6.9
INT_1271,SQL & Databases,8.5
INT_1271,Statistics & Probability,6.9
INT_1271,MLOps Pipelines,8.5
INT_1271,Data Wrangling & Pandas,6.9
INT_1271,Business Intelligence & BI Tools,8.5
INT_1272,Python Fundamentals,8.5
INT_1272,SQL & Databases,8.5
INT_1272,Deep Learning,5.5
INT_1272,Cloud Computing (AWS),8.5
INT_1272,Docker & Kubernetes,5.5
INT_1272,Cybersecurity Essentials,5.5
INT_1272,System Design,5.5
INT_1272,Git & Version Control,5.5
INT_1272,APIs & Microservices,5.5
INT_1273,Python Fundamentals,6.6
INT_1273,SQL & Databases,8.5
INT_1273,Cloud Computing (AWS),6.6
INT_1273,Docker & Kubernetes,6.6
INT_1273,System Design,8.5
INT_1273,Data Wrangling & Pandas,6.6
INT_1273,Git & Version Control,6.6
INT_1273,APIs & Microservices,8.5
INT_1274,Deep Learning,8.5
INT_1274,Statistics & Probability,5.7
INT_1274,MLOps Pipelines,8.5
INT_1274,A/B Testing & Experimentation,8.5
INT_1275,Python Fundamentals,8.5
INT_1275,SQL & Databases,8.5
INT_1275,Frontend Basics (React),8.5
INT_1276,Python Fundamentals,8.5
INT_1276,SQL & Databases,8.5
INT_1276,Data Visualization,8.5
INT_1277,SQL & Databases,8.5
INT_1277,Cloud Computing (AWS),6.0
INT_1277,Docker & Kubernetes,6.0
INT_1277,Statistics & Probability,8.5
INT_1277,NLP & Text Analytics,6.0
INT_1277,MLOps Pipelines,6.0
INT_1277,Git & Version Control,6.0
INT_1277,Time Series Analysis,8.5
INT_1277,Reinforcement Learning,6.0
INT_1277,Business Intelligence & BI Tools,6.0
INT_1278,Python Fundamentals,8.5
INT_1278,System Design,6.9
INT_1278,Git & Version Control,8.5
INT_1278,APIs & Microservices,8.5
INT_1279,Python Fundamentals,5.3
INT_1279,SQL & Databases,5.3
INT_1279,Cloud Computing (AWS),5.3
INT_1279,Cybersecurity Essentials,8.5
INT_1279,System Design,8.5
INT_1279,MLOps Pipelines,5.3
INT_1279,A/B Testing & Experimentation,5.3
INT_1279,Git & Version Control,8.5
INT_1279,APIs & Microservices,5.3
INT_1280,Python Fundamentals,4.9
INT_1280,SQL & Databases,4.9
INT_1280,Cloud Computing (AWS),4.9
INT_1280,Docker & Kubernetes,4.9
INT_1280,Cybersecurity Essentials,8.5
INT_1280,System Design,4.9
INT_1280,Data Wrangling & Pandas,4.9
INT_1280,Git & Version Control,8.5
INT_1280,APIs & Microservices,8.5
INT_1281,Deep Learning,8.5
INT_1281,Cloud Computing (AWS),6.5
INT_1281,NLP & Text Analytics,8.5
INT_1281,Reinforcement Learning,8.5
INT_1282,Python Fundamentals,8.5
INT_1282,SQL & Databases,6.3
INT_1282,Cloud Computing (AWS),8.5
INT_1282,Docker & Kubernetes,6.3
INT_1282,Cybersecurity Essentials,6.3
INT_1282,System Design,6.3
INT_1282,Git & Version Control,6.3
INT_1282,APIs & Microservices,8.5
INT_1282,Time Series Analysis,6.3
INT_1283,Python Fundamentals,4.9
INT_1283,SQL & Databases,4.9
INT_1283,Machine Learning Basics,4.9
INT_1283,Cloud Computing (AWS),4.9
INT_1283,Docker & Kubernetes,4.9
INT_1283,System Design,8.5
INT_1283,Frontend Basics (React),4.9
INT_1283,Data Wrangling & Pandas,4.9
INT_1283,Git & Version Control,4.9
INT_1283,APIs & Microservices,8.5
INT_1283,Business Intelligence & BI Tools,8.5
INT_1284,Python Fundamentals,5.7
INT_1284,SQL & Databases,8.5
INT_1284,Cloud Computing (AWS),8.5
INT_1284,Docker & Kubernetes,5.7
INT_1284,System Design,8.5
INT_1284,Statistics & Probability,5.7
INT_1284,MLOps Pipelines,5.7
INT_1284,Data Wrangling & Pandas,5.7
INT_1284,APIs & Microservices,5.7
INT_1284,Time Series Analysis,5.7
INT_1284,Business Intelligence & BI Tools,5.7
INT_1285,Python Fundamentals,7.0
INT_1285,SQL & Databases,8.5
INT_1285,Machine Learning Basics,7.0
INT_1285,Cloud Computing (AWS),7.0
INT_1285,Frontend Basics (React),7.0
INT_1285,Statistics & Probability,7.0
INT_1285,MLOps Pipelines,7.0
INT_1285,A/B Testing & Experimentation,7.0
INT_1285,Data Wrangling & Pandas,8.5
INT_1285,Git & Version Control,8.5
INT_1286,SQL & Databases,5.7
INT_1286,Machine Learning Basics,5.7
INT_1286,Deep Learning,5.7
INT_1286,Data Visualization,5.7
INT_1286,Statistics & Probability,5.7
INT_1286,NLP & Text Analytics,5.7
INT_1286,A/B Testing & Experimentation,5.7
INT_1286,Data Wrangling & Pandas,8.5
INT_1286,Git & Version Control,5.7
INT_1286,Time Series Analysis,8.5
INT_1286,Business Intelligence & BI Tools,8.5
INT_1287,Python Fundamentals,8.5
INT_1287,SQL & Databases,6.2
INT_1287,Cloud Computing (AWS),6.2
INT_1287,Docker & Kubernetes,6.2
INT_1287,Cybersecurity Essentials,8.5
INT_1287,System Design,8.5
INT_1287,Git & Version Control,6.2
INT_1287,APIs & Microservices,6.2
INT_1287,Time Series Analysis,6.2
INT_1288,Python Fundamentals,8.5
INT_1288,SQL & Databases,8.5
INT_1288,Deep Learning,8.5
INT_1288,Cloud Computing (AWS),6.9
INT_1288,Docker & Kubernetes,6.9
INT_1288,Cybersecurity Essentials,6.9
INT_1288,System Design,6.9
INT_1288,MLOps Pipelines,6.9
INT_1288,Git & Version Control,6.9
INT_1288,APIs & Microservices,6.9
INT_1288,Business Intelligence & BI Tools,6.9
INT_1289,SQL & Databases,7.1
INT_1289,Machine Learning Basics,7.1
INT_1289,Cloud Computing (AWS),7.1
INT_1289,Docker & Kubernetes,8.5
INT_1289,Cybersecurity Essentials,8.5
INT_1289,MLOps Pipelines,7.1
INT_1289,Git & Version Control,8.5
INT_1290,Python Fundamentals,5.0
INT_1290,SQL & Databases,8.5
INT_1290,Cloud Computing (AWS),8.5
INT_1290,Docker & Kubernetes,5.0
INT_1290,Cybersecurity Essentials,5.0
INT_1290,System Design,5.0
INT_1290,Statistics & Probability,5.0
INT_1290,Git & Version Control,8.5
INT_1290,APIs & Microservices,5.0
INT_1290,Time Series Analysis,5.0
INT_1291,Python Fundamentals,8.5
INT_1291,Deep Learning,4.6
INT_1291,Data Visualization,8.5
INT_1291,Git & Version Control,4.6
INT_1291,APIs & Microservices,8.5
INT_1292,Python Fundamentals,8.5
INT_1292,Docker & Kubernetes,5.7
INT_1292,System Design,8.5
INT_1292,Frontend Basics (React),5.7
INT_1292,APIs & Microservices,8.5
INT_1293,Python Fundamentals,8.5
INT_1293,Git & Version Control,8.5
INT_1293,APIs & Microservices,8.5
INT_1294,Machine Learning Basics,6.5
INT_1294,Cloud Computing (AWS),8.5
INT_1294,Docker & Kubernetes,8.5
INT_1294,Cybersecurity Essentials,8.5
INT_1295,Python Fundamentals,8.5
INT_1295,SQL & Databases,8.5
INT_1295,Data Visualization,6.5
INT_1295,Frontend Basics (React),6.5
INT_1295,NLP & Text Analytics,6.5
INT_1295,Git & Version Control,6.5
INT_1295,APIs & Microservices,8.5
INT_1295,Time Series Analysis,6.5
INT_1295,Reinforcement Learning,6.5
INT_1296,Python Fundamentals,8.5
INT_1296,SQL & Databases,5.6
INT_1296,Cloud Computing (AWS),5.6
INT_1296,Docker & Kubernetes,5.6
INT_1296,System Design,5.6
INT_1296,Frontend Basics (React),5.6
INT_1296,MLOps Pipelines,5.6
INT_1296,Data Wrangling & Pandas,5.6
INT_1296,Git & Version Control,5.6
INT_1296,APIs & Microservices,8.5
INT_1296,Time Series Analysis,8.5
INT_1297,Python Fundamentals,8.5
INT_1297,SQL & Databases,6.4
INT_1297,Cloud Computing (AWS),6.4
INT_1297,Docker & Kubernetes,6.4
INT_1297,Cybersecurity Essentials,6.4
INT_1297,System Design,6.4
INT_1297,Frontend Basics (React),8.5
INT_1297,Data Wrangling & Pandas,6.4
INT_1297,Git & Version Control,6.4
INT_1297,APIs & Microservices,8.5
INT_1297,Time Series Analysis,6.4
INT_1298,Python Fundamentals,8.5
INT_1298,SQL & Databases,6.4
INT_1298,Deep Learning,8.5
INT_1298,Cloud Computing (AWS),8.5
INT_1298,Docker & Kubernetes,6.4
INT_1298,Cybersecurity Essentials,6.4
INT_1298,System Design,6.4
INT_1298,MLOps Pipelines,6.4
INT_1298,Git & Version Control,6.4
INT_1298,APIs & Microservices,6.4
INT_1299,Python Fundamentals,8.5
INT_1299,SQL & Databases,8.5
INT_1299,Data Visualization,5.5
INT_1299,Cloud Computing (AWS),8.5
INT_1299,Docker & Kubernetes,5.5
INT_1299,MLOps Pipelines,5.5
INT_1299,Git & Version Control,5.5
INT_1299,APIs & Microservices,5.5
INT_1300,Machine Learning Basics,8.5
INT_1300,Deep Learning,8.5
INT_1300,Data Visualization,8.5
INT_1301,SQL & Databases,6.1
INT_1301,Deep Learning,6.1
INT_1301,Cloud Computing (AWS),8.5
INT_1301,Docker & Kubernetes,6.1
INT_1301,Statistics & Probability,6.1
INT_1301,MLOps Pipelines,8.5
INT_1301,Data Wrangling & Pandas,6.1
INT_1301,Reinforcement Learning,8.5
INT_1302,Python Fundamentals,5.9
INT_1302,SQL & Databases,5.9
INT_1302,Data Visualization,5.9
INT_1302,Cloud Computing (AWS),8.5
INT_1302,Docker & Kubernetes,5.9
INT_1302,Cybersecurity Essentials,5.9
INT_1302,System Design,5.9
INT_1302,Git & Version Control,5.9
INT_1302,APIs & Microservices,8.5
INT_1302,Business Intelligence & BI Tools,8.5
INT_1303,Python Fundamentals,8.5
INT_1303,SQL & Databases,5.7
INT_1303,Data Visualization,5.7
INT_1303,Frontend Basics (React),8.5
INT_1303,Statistics & Probability,5.7
INT_1303,A/B Testing & Experimentation,5.7
INT_1303,Data Wrangling & Pandas,5.7
INT_1303,Git & Version Control,5.7
INT_1303,APIs & Microservices,8.5
INT_1303,Reinforcement Learning,5.7
INT_1303,Business Intelligence & BI Tools,5.7
INT_1304,SQL & Databases,8.5
INT_1304,Cloud Computing (AWS),6.7
INT_1304,Docker & Kubernetes,6.7
INT_1304,Data Wrangling & Pandas,8.5
INT_1304,Git & Version Control,8.5
INT_1304,Time Series Analysis,6.7
INT_1305,SQL & Databases,8.5
INT_1305,Docker & Kubernetes,8.5
INT_1305,System Design,8.5
INT_1305,MLOps Pipelines,5.2
INT_1305,Git & Version Control,5.2
INT_1305,APIs & Microservices,5.2
INT_1306,Python Fundamentals,8.5
INT_1306,System Design,8.5
INT_1306,Git & Version Control,8.5
INT_1307,SQL & Databases,8.5
INT_1307,Cybersecurity Essentials,8.5
INT_1307,MLOps Pipelines,8.5
INT_1307,Reinforcement Learning,5.4
INT_1308,Machine Learning Basics,7.1
INT_1308,Deep Learning,8.5
INT_1308,Data Visualization,8.5
INT_1308,Data Wrangling & Pandas,8.5
INT_1309,Python Fundamentals,6.8
INT_1309,Data Visualization,6.8
INT_1309,Cloud Computing (AWS),6.8
INT_1309,Frontend Basics (React),6.8
INT_1309,Statistics & Probability,8.5
INT_1309,NLP & Text Analytics,6.8
INT_1309,MLOps Pipelines,6.8
INT_1309,A/B Testing & Experimentation,8.5
INT_1309,Git & Version Control,8.5
INT_1309,APIs & Microservices,6.8
INT_1309,Time Series Analysis,6.8
INT_1310,Python Fundamentals,6.5
INT_1310,SQL & Databases,8.5
INT_1310,Data Visualization,6.5
INT_1310,System Design,8.5
INT_1310,Frontend Basics (React),6.5
INT_1310,Data Wrangling & Pandas,8.5
INT_1310,Git & Version Control,6.5
INT_1310,APIs & Microservices,6.5
INT_1311,Python Fundamentals,8.5
INT_1311,Docker & Kubernetes,6.3
INT_1311,System Design,8.5
INT_1311,Data Wrangling & Pandas,6.3
INT_1311,Git & Version Control,8.5
INT_1312,Python Fundamentals,5.8
INT_1312,Data Visualization,8.5
INT_1312,Frontend Basics (React),5.8
INT_1312,Git & Version Control,8.5
INT_1312,APIs & Microservices,8.5
INT_1313,Cloud Computing (AWS),6.5
INT_1313,Docker & Kubernetes,8.5
INT_1313,Cybersecurity Essentials,8.5
INT_1313,MLOps Pipelines,8.5
INT_1314,Python Fundamentals,8.5
INT_1314,SQL & Databases,6.1
INT_1314,Machine Learning Basics,6.1
INT_1314,Data Visualization,6.1
INT_1314,System Design,8.5
INT_1314,Statistics & Probability,6.1
INT_1314,NLP & Text Analytics,6.1
INT_1314,Data Wrangling & Pandas,8.5
INT_1314,Git & Version Control,6.1
INT_1315,Python Fundamentals,8.5
INT_1315,Git & Version Control,8.5
INT_1315,APIs & Microservices,8.5
INT_1316,Python Fundamentals,5.5
INT_1316,SQL & Databases,5.5
INT_1316,Data Visualization,8.5
INT_1316,Cloud Computing (AWS),5.5
INT_1316,Statistics & Probability,8.5
INT_1316,A/B Testing & Experimentation,8.5
INT_1316,Business Intelligence & BI Tools,5.5
INT_1317,Python Fundamentals,8.5
INT_1317,Git & Version Control,8.5
INT_1317,APIs & Microservices,8.5
INT_1317,Business Intelligence & BI Tools,5.9
INT_1318,SQL & Databases,8.5
INT_1318,Cloud Computing (AWS),8.5
INT_1318,Docker & Kubernetes,8.5
INT_1319,Python Fundamentals,6.0
INT_1319,Deep Learning,6.0
INT_1319,Data Visualization,8.5
INT_1319,Frontend Basics (React),6.0
INT_1319,Statistics & Probability,6.0
INT_1319,A/B Testing & Experimentation,6.0
INT_1319,Data Wrangling & Pandas,6.0
INT_1319,Git & Version Control,8.5
INT_1319,APIs & Microservices,8.5
INT_1320,Python Fundamentals,5.7
INT_1320,Machine Learning Basics,8.5
INT_1320,Data Visualization,5.7
INT_1320,Cloud Computing (AWS),5.7
INT_1320,Frontend Basics (React),8.5
INT_1320,Git & Version Control,8.5
INT_1320,APIs & Microservices,5.7
INT_1320,Business Intelligence & BI Tools,5.7
INT_1321,Python Fundamentals,6.3
INT_1321,SQL & Databases,8.5
INT_1321,Data Visualization,6.3
INT_1321,Cybersecurity Essentials,6.3
INT_1321,System Design,8.5
INT_1321,Frontend Basics (React),6.3
INT_1321,NLP & Text Analytics,6.3
INT_1321,Git & Version Control,8.5
INT_1321,APIs & Microservices,6.3
INT_1321,Business Intelligence & BI Tools,6.3
INT_1322,Python Fundamentals,8.5
INT_1322,Data Visualization,6.6
INT_1322,Cybersecurity Essentials,6.6
INT_1322,Frontend Basics (React),6.6
INT_1322,Data Wrangling & Pandas,8.5
INT_1322,Git & Version Control,8.5
INT_1322,APIs & Microservices,6.6
INT_1323,SQL & Databases,4.7
INT_1323,Cloud Computing (AWS),8.5
INT_1323,Docker & Kubernetes,8.5
INT_1323,Time Series Analysis,8.5
INT_1323,Business Intelligence & BI Tools,4.7
INT_1324,Python Fundamentals,8.5
INT_1324,SQL & Databases,8.5
INT_1324,Deep Learning,6.7
INT_1324,Cloud Computing (AWS),6.7
INT_1324,Docker & Kubernetes,8.5
INT_1324,Cybersecurity Essentials,6.7
INT_1324,System Design,6.7
INT_1324,MLOps Pipelines,6.7
INT_1324,Data Wrangling & Pandas,6.7
INT_1324,Git & Version Control,6.7
INT_1324,APIs & Microservices,6.7
INT_1325,Python Fundamentals,4.9
INT_1325,SQL & Databases,8.5
INT_1325,Data Visualization,4.9
INT_1325,Cloud Computing (AWS),8.5
INT_1325,Docker & Kubernetes,4.9
INT_1325,Cybersecurity Essentials,4.9
INT_1325,System Design,4.9
INT_1325,NLP & Text Analytics,4.9
INT_1325,MLOps Pipelines,8.5
INT_1325,Git & Version Control,4.9
INT_1325,APIs & Microservices,4.9
INT_1326,SQL & Databases,4.7
INT_1326,Data Visualization,4.7
INT_1326,Docker & Kubernetes,8.5
INT_1326,Cybersecurity Essentials,8.5
INT_1326,Statistics & Probability,4.7
INT_1326,A/B Testing & Experimentation,4.7
INT_1326,Time Series Analysis,8.5
INT_1326,Business Intelligence & BI Tools,4.7
INT_1327,Python Fundamentals,5.7
INT_1327,SQL & Databases,5.7
INT_1327,Data Visualization,5.7
INT_1327,Frontend Basics (React),8.5
INT_1327,Data Wrangling & Pandas,8.5
INT_1327,Git & Version Control,5.7
INT_1327,APIs & Microservices,8.5
INT_1328,Python Fundamentals,8.5
INT_1328,SQL & Databases,5.8
INT_1328,System Design,5.8
INT_1328,Data Wrangling & Pandas,8.5
INT_1328,APIs & Microservices,8.5
INT_1329,Python Fundamentals,6.0
INT_1329,SQL & Databases,6.0
INT_1329,Cloud Computing (AWS),8.5
INT_1329,Docker & Kubernetes,6.0
INT_1329,Statistics & Probability,8.5
INT_1329,MLOps Pipelines,6.0
INT_1329,Data Wrangling & Pandas,6.0
INT_1329,Time Series Analysis,8.5
INT_1329,Business Intelligence & BI Tools,6.0
INT_1330,Python Fundamentals,5.3
INT_1330,SQL & Databases,5.3
INT_1330,Machine Learning Basics,8.5
INT_1330,Cloud Computing (AWS),5.3
INT_1330,Docker & Kubernetes,5.3
INT_1330,Cybersecurity Essentials,8.5
INT_1330,System Design,8.5
INT_1330,Git & Version Control,5.3
INT_1330,APIs & Microservices,5.3
INT_1331,Python Fundamentals,8.5
INT_1331,SQL & Databases,6.1
INT_1331,Cloud Computing (AWS),8.5
INT_1331,Docker & Kubernetes,8.5
INT_1331,Cybersecurity Essentials,6.1
INT_1331,NLP & Text Analytics,6.1
INT_1331,Git & Version Control,6.1
INT_1332,Python Fundamentals,8.5
INT_1332,SQL & Databases,8.5
INT_1332,Git & Version Control,8.5
INT_1333,Python Fundamentals,8.0
INT_1333,SQL & Databases,8.0
INT_1333,Data Visualization,8.5
INT_1333,Docker & Kubernetes,8.0
INT_1333,System Design,8.0
INT_1333,Statistics & Probability,8.0
INT_1333,MLOps Pipelines,8.0
INT_1333,Git & Version Control,8.5
INT_1333,APIs & Microservices,8.5
INT_1334,Python Fundamentals,6.0
INT_1334,SQL & Databases,8.5
INT_1334,Statistics & Probability,8.5
INT_1334,A/B Testing & Experimentation,8.5
INT_1334,Git & Version Control,6.0
INT_1335,Python Fundamentals,8.5
INT_1335,SQL & Databases,7.0
INT_1335,Machine Learning Basics,7.0
INT_1335,System Design,8.5
INT_1335,MLOps Pipelines,7.0
INT_1335,Git & Version Control,7.0
INT_1335,APIs & Microservices,8.5
INT_1336,Python Fundamentals,6.2
INT_1336,SQL & Databases,8.5
INT_1336,Cloud Computing (AWS),6.2
INT_1336,Docker & Kubernetes,8.5
INT_1336,Cybersecurity Essentials,6.2
INT_1336,System Design,6.2
INT_1336,MLOps Pipelines,6.2
INT_1336,Git & Version Control,6.2
INT_1336,APIs & Microservices,8.5
INT_1337,SQL & Databases,8.5
INT_1337,Deep Learning,6.7
INT_1337,Data Visualization,6.7
INT_1337,System Design,8.5
INT_1337,Frontend Basics (React),8.5
INT_1337,Statistics & Probability,6.7
INT_1337,NLP & Text Analytics,6.7
INT_1337,A/B Testing & Experimentation,6.7
INT_1337,Git & Version Control,6.7
INT_1337,Business Intelligence & BI Tools,6.7
INT_1338,Cloud Computing (AWS),8.5
INT_1338,Docker & Kubernetes,6.3
INT_1338,Cybersecurity Essentials,8.5
INT_1338,System Design,8.5
INT_1338,MLOps Pipelines,6.3
INT_1339,Python Fundamentals,8.5
INT_1339,SQL & Databases,5.7
INT_1339,Cloud Computing (AWS),8.5
INT_1339,Docker & Kubernetes,5.7
INT_1339,Cybersecurity Essentials,5.7
INT_1339,Data Wrangling & Pandas,5.7
INT_1339,APIs & Microservices,8.5
INT_1340,SQL & Databases,8.5
INT_1340,Data Visualization,8.5
INT_1340,NLP & Text Analytics,6.3
INT_1340,Data Wrangling & Pandas,6.3
INT_1340,APIs & Microservices,6.3
INT_1340,Business Intelligence & BI Tools,8.5
INT_1341,Cloud Computing (AWS),8.5
INT_1341,Docker & Kubernetes,8.5
INT_1341,Cybersecurity Essentials,8.5
INT_1341,System Design,6.4
INT_1341,MLOps Pipelines,6.4
INT_1341,APIs & Microservices,6.4
INT_1342,SQL & Databases,8.5
INT_1342,Machine Learning Basics,5.2
INT_1342,Deep Learning,5.2
INT_1342,Data Visualization,5.2
INT_1342,Statistics & Probability,8.5
INT_1342,NLP & Text Analytics,5.2
INT_1342,A/B Testing & Experimentation,5.2
INT_1342,Data Wrangling & Pandas,5.2
INT_1342,APIs & Microservices,5.2
INT_1342,Time Series Analysis,5.2
INT_1342,Business Intelligence & BI Tools,8.5
INT_1343,System Design,8.5
INT_1343,MLOps Pipelines,8.5
INT_1343,Git & Version Control,8.5
INT_1343,APIs & Microservices,7.4
INT_1344,Python Fundamentals,7.4
INT_1344,SQL & Databases,7.4
INT_1344,Cloud Computing (AWS),7.4
INT_1344,Docker & Kubernetes,8.5
INT_1344,System Design,8.5
INT_1344,Frontend Basics (React),7.4
INT_1344,A/B Testing & Experimentation,7.4
INT_1344,Data Wrangling & Pandas,8.5
INT_1344,Git & Version Control,7.4
INT_1344,APIs & Microservices,7.4
INT_1345,Python Fundamentals,7.2
INT_1345,Cloud Computing (AWS),8.5
INT_1345,Docker & Kubernetes,8.5
INT_1345,Cybersecurity Essentials,7.2
INT_1345,System Design,7.2
INT_1345,Frontend Basics (React),7.2
INT_1345,A/B Testing & Experimentation,7.2
INT_1345,Git & Version Control,8.5
INT_1345,APIs & Microservices,7.2
INT_1345,Time Series Analysis,7.2
INT_1346,Cloud Computing (AWS),8.5
INT_1346,Docker & Kubernetes,8.5
INT_1346,System Design,8.5
INT_1347,Python Fundamentals,6.5
INT_1347,SQL & Databases,6.5
INT_1347,Docker & Kubernetes,8.5
INT_1347,System Design,8.5
INT_1347,MLOps Pipelines,6.5
INT_1347,Data Wrangling & Pandas,6.5
INT_1347,Git & Version Control,6.5
INT_1347,Business Intelligence & BI Tools,8.5
INT_1348,SQL & Databases,6.3
INT_1348,Data Visualization,8.5
INT_1348,Cybersecurity Essentials,6.3
INT_1348,Frontend Basics (React),8.5
INT_1348,Git & Version Control,8.5
INT_1348,APIs & Microservices,6.3
INT_1348,Business Intelligence & BI Tools,6.3
INT_1349,SQL & Databases,6.1
INT_1349,Machine Learning Basics,8.5
INT_1349,Data Visualization,6.1
INT_1349,Cybersecurity Essentials,6.1
INT_1349,Statistics & Probability,6.1
INT_1349,NLP & Text Analytics,8.5
INT_1349,A/B Testing & Experimentation,6.1
INT_1349,Time Series Analysis,8.5
INT_1349,Business Intelligence & BI Tools,6.1
INT_1350,Machine Learning Basics,6.1
INT_1350,Cloud Computing (AWS),8.5
INT_1350,Docker & Kubernetes,8.5
INT_1350,Statistics & Probability,8.5
INT_1350,Git & Version Control,6.1
INT_1351,Python Fundamentals,8.5
INT_1351,SQL & Databases,7.2
INT_1351,Cloud Computing (AWS),8.5
INT_1351,Docker & Kubernetes,8.5
INT_1351,Cybersecurity Essentials,7.2
INT_1351,System Design,7.2
INT_1351,MLOps Pipelines,7.2
INT_1351,Git & Version Control,7.2
INT_1351,APIs & Microservices,7.2
INT_1352,Python Fundamentals,7.0
INT_1352,SQL & Databases,8.5
INT_1352,System Design,8.5
INT_1352,Git & Version Control,8.5
INT_1352,APIs & Microservices,7.0
INT_1353,Python Fundamentals,5.6
INT_1353,SQL & Databases,8.5
INT_1353,Cloud Computing (AWS),5.6
INT_1353,Docker & Kubernetes,8.5
INT_1353,System Design,8.5
INT_1353,Statistics & Probability,5.6
INT_1353,Data Wrangling & Pandas,5.6
INT_1353,Git & Version Control,5.6
INT_1353,APIs & Microservices,5.6
INT_1354,Python Fundamentals,8.5
INT_1354,Cloud Computing (AWS),6.0
INT_1354,Docker & Kubernetes,6.0
INT_1354,System Design,6.0
INT_1354,Data Wrangling & Pandas,8.5
INT_1354,Git & Version Control,8.5
INT_1354,APIs & Microservices,6.0
INT_1354,Business Intelligence & BI Tools,6.0
INT_1355,Python Fundamentals,6.2
INT_1355,Cloud Computing (AWS),8.5
INT_1355,Docker & Kubernetes,6.2
INT_1355,System Design,8.5
INT_1355,Data Wrangling & Pandas,8.5
INT_1355,Reinforcement Learning,6.2
INT_1356,Python Fundamentals,5.4
INT_1356,SQL & Databases,5.4
INT_1356,Cloud Computing (AWS),8.5
INT_1356,System Design,5.4
INT_1356,A/B Testing & Experimentation,5.4
INT_1356,Data Wrangling & Pandas,8.5
INT_1356,Git & Version Control,8.5
INT_1356,APIs & Microservices,5.4
INT_1357,Python Fundamentals,5.1
INT_1357,SQL & Databases,5.1
INT_1357,Cloud Computing (AWS),5.1
INT_1357,System Design,8.5
INT_1357,Frontend Basics (React),5.1
INT_1357,Data Wrangling & Pandas,8.5
INT_1357,Git & Version Control,8.5
INT_1357,APIs & Microservices,5.1
INT_1357,Time Series Analysis,5.1
INT_1358,SQL & Databases,6.2
INT_1358,System Design,8.5
INT_1358,Frontend Basics (React),6.2
INT_1358,Statistics & Probability,8.5
INT_1358,MLOps Pipelines,6.2
INT_1358,Data Wrangling & Pandas,6.2
INT_1358,Time Series Analysis,6.2
INT_1358,Business Intelligence & BI Tools,8.5
INT_1359,Python Fundamentals,8.5
INT_1359,SQL & Databases,4.7
INT_1359,Cloud Computing (AWS),4.7
INT_1359,Docker & Kubernetes,4.7
INT_1359,System Design,8.5
INT_1359,Data Wrangling & Pandas,4.7
INT_1359,Git & Version Control,4.7
INT_1359,APIs & Microservices,8.5
INT_1360,Python Fundamentals,6.0
INT_1360,Machine Learning Basics,8.5
INT_1360,Deep Learning,6.0
INT_1360,Docker & Kubernetes,6.0
INT_1360,NLP & Text Analytics,8.5
INT_1360,MLOps Pipelines,8.5
INT_1360,A/B Testing & Experimentation,6.0
INT_1360,Reinforcement Learning,6.0
INT_1361,Python Fundamentals,6.7
INT_1361,Machine Learning Basics,8.5
INT_1361,Cloud Computing (AWS),6.7
INT_1361,System Design,6.7
INT_1361,NLP & Text Analytics,8.5
INT_1361,MLOps Pipelines,8.5
INT_1361,Reinforcement Learning,6.7
INT_1362,SQL & Databases,5.2
INT_1362,Cloud Computing (AWS),8.5
INT_1362,Cybersecurity Essentials,8.5
INT_1362,MLOps Pipelines,8.5
INT_1363,Python Fundamentals,8.5
INT_1363,SQL & Databases,5.8
INT_1363,Data Visualization,5.8
INT_1363,System Design,5.8
INT_1363,Statistics & Probability,8.5
INT_1363,MLOps Pipelines,5.8
INT_1363,Data Wrangling & Pandas,5.8
INT_1363,Time Series Analysis,8.5
INT_1363,Business Intelligence & BI Tools,5.8
INT_1364,SQL & Databases,8.5
INT_1364,Machine Learning Basics,5.8
INT_1364,Deep Learning,5.8
INT_1364,Data Visualization,5.8
INT_1364,System Design,5.8
INT_1364,Statistics & Probability,5.8
INT_1364,NLP & Text Analytics,5.8
INT_1364,A/B Testing & Experimentation,5.8
INT_1364,Data Wrangling & Pandas,8.5
INT_1364,Time Series Analysis,8.5
INT_1364,Business Intelligence & BI Tools,5.8
INT_1365,Python Fundamentals,8.5
INT_1365,SQL & Databases,6.2
INT_1365,Cybersecurity Essentials,6.2
INT_1365,System Design,8.5
INT_1365,Statistics & Probability,6.2
INT_1365,APIs & Microservices,8.5
INT_1366,Python Fundamentals,7.8
INT_1366,SQL & Databases,7.8
INT_1366,Data Visualization,7.8
INT_1366,Cloud Computing (AWS),8.5
INT_1366,Docker & Kubernetes,8.5
INT_1366,MLOps Pipelines,8.5
INT_1366,Time Series Analysis,7.8
INT_1366,Business Intelligence & BI Tools,7.8
INT_1367,Python Fundamentals,5.9
INT_1367,SQL & Databases,5.9
INT_1367,Machine Learning Basics,8.5
INT_1367,Cloud Computing (AWS),8.5
INT_1367,Docker & Kubernetes,5.9
INT_1367,Cybersecurity Essentials,8.5
INT_1367,System Design,5.9
INT_1367,MLOps Pipelines,5.9
INT_1367,Git & Version Control,5.9
INT_1367,APIs & Microservices,5.9
INT_1368,Python Fundamentals,8.5
INT_1368,SQL & Databases,8.5
INT_1368,System Design,5.7
INT_1368,Git & Version Control,8.5
INT_1368,Reinforcement Learning,5.7
INT_1369,Machine Learning Basics,8.5
INT_1369,Deep Learning,8.5
INT_1369,Data Visualization,8.5
INT_1370,Python Fundamentals,4.8
INT_1370,SQL & Databases,4.8
INT_1370,Cloud Computing (AWS),8.5
INT_1370,Docker & Kubernetes,8.5
INT_1370,Data Wrangling & Pandas,4.8
INT_1370,Git & Version Control,8.5
INT_1370,APIs & Microservices,4.8
INT_1371,Python Fundamentals,6.7
INT_1371,SQL & Databases,6.7
INT_1371,Machine Learning Basics,8.5
INT_1371,Cloud Computing (AWS),6.7
INT_1371,Docker & Kubernetes,8.5
INT_1371,Cybersecurity Essentials,8.5
INT_1371,System Design,6.7
INT_1371,MLOps Pipelines,6.7
INT_1371,A/B Testing & Experimentation,6.7
INT_1371,Git & Version Control,6.7
INT_1371,APIs & Microservices,6.7
INT_1372,SQL & Databases,7.0
INT_1372,Data Visualization,7.0
INT_1372,Cloud Computing (AWS),7.0
INT_1372,Statistics & Probability,8.5
INT_1372,A/B Testing & Experimentation,7.0
INT_1372,Time Series Analysis,8.5
INT_1372,Business Intelligence & BI Tools,8.5
INT_1373,Python Fundamentals,6.9
INT_1373,SQL & Databases,6.9
INT_1373,Machine Learning Basics,6.9
INT_1373,Deep Learning,8.5
INT_1373,Statistics & Probability,6.9
INT_1373,NLP & Text Analytics,8.5
INT_1373,MLOps Pipelines,6.9
INT_1373,A/B Testing & Experimentation,6.9
INT_1373,Git & Version Control,6.9
INT_1373,Reinforcement Learning,8.5
INT_1374,Machine Learning Basics,8.5
INT_1374,Deep Learning,8.4
INT_1374,Data Visualization,8.4
INT_1374,A/B Testing & Experimentation,8.5
INT_1374,Data Wrangling & Pandas,8.4
INT_1374,Time Series Analysis,8.5
INT_1375,SQL & Databases,6.6
INT_1375,Data Visualization,6.6
INT_1375,Cloud Computing (AWS),8.5
INT_1375,Docker & Kubernetes,8.5
INT_1375,System Design,6.6
INT_1375,Statistics & Probability,6.6
INT_1375,MLOps Pipelines,6.6
INT_1375,A/B Testing & Experimentation,8.5
INT_1375,Data Wrangling & Pandas,6.6
INT_1375,Time Series Analysis,6.6
INT_1375,Business Intelligence & BI Tools,6.6
INT_1376,Python Fundamentals,5.9
INT_1376,Machine Learning Basics,8.5
INT_1376,Deep Learning,5.9
INT_1376,Data Visualization,5.9
INT_1376,Statistics & Probability,5.9
INT_1376,NLP & Text Analytics,5.9
INT_1376,A/B Testing & Experimentation,8.5
INT_1376,Time Series Analysis,8.5
INT_1376,Business Intelligence & BI Tools,5.9
INT_1377,Python Fundamentals,6.0
INT_1377,SQL & Databases,6.0
INT_1377,Data Visualization,8.5
INT_1377,Statistics & Probability,8.5
INT_1377,A/B Testing & Experimentation,6.0
INT_1377,Time Series Analysis,8.5
INT_1377,Business Intelligence & BI Tools,6.0
INT_1378,SQL & Databases,4.9
INT_1378,Machine Learning Basics,4.9
INT_1378,Data Visualization,8.5
INT_1378,Statistics & Probability,4.9
INT_1378,NLP & Text Analytics,4.9
INT_1378,A/B Testing & Experimentation,4.9
INT_1378,Git & Version Control,8.5
INT_1378,APIs & Microservices,8.5
INT_1378,Reinforcement Learning,4.9
INT_1378,Business Intelligence & BI Tools,4.9
INT_1379,SQL & Databases,6.5
INT_1379,Machine Learning Basics,6.5
INT_1379,Deep Learning,6.5
INT_1379,Data Visualization,6.5
INT_1379,Statistics & Probability,6.5
INT_1379,NLP & Text Analytics,8.5
INT_1379,Data Wrangling & Pandas,8.5
INT_1379,Business Intelligence & BI Tools,8.5
INT_1380,Python Fundamentals,6.2
INT_1380,SQL & Databases,8.5
INT_1380,System Design,6.2
INT_1380,Frontend Basics (React),8.5
INT_1380,Data Wrangling & Pandas,8.5
INT_1380,Git & Version Control,6.2
INT_1380,APIs & Microservices,6.2
INT_1381,Python Fundamentals,5.8
INT_1381,SQL & Databases,8.5
INT_1381,Data Visualization,8.5
INT_1381,Statistics & Probability,8.5
INT_1381,MLOps Pipelines,5.8
INT_1381,A/B Testing & Experimentation,5.8
INT_1381,Business Intelligence & BI Tools,5.8
INT_1382,Python Fundamentals,8.5
INT_1382,SQL & Databases,7.3
INT_1382,Data Visualization,8.5
INT_1382,Cloud Computing (AWS),8.5
INT_1382,Docker & Kubernetes,7.3
INT_1382,System Design,7.3
INT_1382,A/B Testing & Experimentation,7.3
INT_1382,Data Wrangling & Pandas,7.3
INT_1382,Time Series Analysis,7.3
INT_1383,Python Fundamentals,8.5
INT_1383,SQL & Databases,6.4
INT_1383,Machine Learning Basics,6.4
INT_1383,Cloud Computing (AWS),6.4
INT_1383,Docker & Kubernetes,6.4
INT_1383,Cybersecurity Essentials,8.5
INT_1383,System Design,6.4
INT_1383,Data Wrangling & Pandas,6.4
INT_1383,Git & Version Control,8.5
INT_1383,APIs & Microservices,6.4
INT_1383,Business Intelligence & BI Tools,6.4
INT_1384,Python Fundamentals,7.2
INT_1384,SQL & Databases,8.5
INT_1384,Docker & Kubernetes,7.2
INT_1384,System Design,7.2
INT_1384,Statistics & Probability,8.5
INT_1384,MLOps Pipelines,7.2
INT_1384,Business Intelligence & BI Tools,8.5
INT_1385,SQL & Databases,6.6
INT_1385,Data Visualization,8.5
INT_1385,Statistics & Probability,8.5
INT_1385,A/B Testing & Experimentation,6.6
INT_1385,Data Wrangling & Pandas,8.5
INT_1385,Time Series Analysis,6.6
INT_1385,Business Intelligence & BI Tools,6.6
INT_1386,Python Fundamentals,6.6
INT_1386,SQL & Databases,8.5
INT_1386,Machine Learning Basics,6.6
INT_1386,Deep Learning,6.6
INT_1386,Cloud Computing (AWS),6.6
INT_1386,Docker & Kubernetes,6.6
INT_1386,Cybersecurity Essentials,6.6
INT_1386,System Design,8.5
INT_1386,Git & Version Control,6.6
INT_1386,APIs & Microservices,8.5
INT_1387,SQL & Databases,5.6
INT_1387,Cloud Computing (AWS),8.5
INT_1387,Docker & Kubernetes,8.5
INT_1387,Cybersecurity Essentials,8.5
INT_1387,APIs & Microservices,5.6
INT_1388,Python Fundamentals,4.8
INT_1388,SQL & Databases,4.8
INT_1388,Cloud Computing (AWS),4.8
INT_1388,Docker & Kubernetes,8.5
INT_1388,Cybersecurity Essentials,4.8
INT_1388,System Design,4.8
INT_1388,MLOps Pipelines,4.8
INT_1388,Git & Version Control,8.5
INT_1388,APIs & Microservices,8.5
INT_1389,Cybersecurity Essentials,6.0
INT_1389,System Design,8.5
INT_1389,Git & Version Control,8.5
INT_1389,APIs & Microservices,8.5
INT_1390,Machine Learning Basics,6.0
INT_1390,Deep Learning,8.5
INT_1390,Data Visualization,6.0
INT_1390,Docker & Kubernetes,6.0
INT_1390,Cybersecurity Essentials,6.0
INT_1390,Statistics & Probability,6.0
INT_1390,NLP & Text Analytics,8.5
INT_1390,A/B Testing & Experimentation,6.0
INT_1390,Data Wrangling & Pandas,8.5
INT_1390,Business Intelligence & BI Tools,6.0
INT_1391,Python Fundamentals,6.6
INT_1391,SQL & Databases,6.6
INT_1391,Machine Learning Basics,6.6
INT_1391,Deep Learning,6.6
INT_1391,Cloud Computing (AWS),8.5
INT_1391,Docker & Kubernetes,6.6
INT_1391,Cybersecurity Essentials,8.5
INT_1391,System Design,6.6
INT_1391,Data Wrangling & Pandas,6.6
INT_1391,Git & Version Control,6.6
INT_1391,APIs & Microservices,8.5
INT_1392,SQL & Databases,8.3
INT_1392,Cloud Computing (AWS),8.5
INT_1392,Docker & Kubernetes,8.3
INT_1392,Cybersecurity Essentials,8.3
INT_1392,System Design,8.5
INT_1392,Git & Version Control,8.5
INT_1392,APIs & Microservices,8.3
INT_1393,Cloud Computing (AWS),8.5
INT_1393,Docker & Kubernetes,8.5
INT_1393,APIs & Microservices,8.5
INT_1394,Python Fundamentals,6.7
INT_1394,SQL & Databases,6.7
INT_1394,Data Visualization,6.7
INT_1394,System Design,8.5
INT_1394,Frontend Basics (React),8.5
INT_1394,Statistics & Probability,6.7
INT_1394,NLP & Text Analytics,6.7
INT_1394,A/B Testing & Experimentation,6.7
INT_1394,Data Wrangling & Pandas,8.5
INT_1394,Business Intelligence & BI Tools,6.7
INT_1395,Python Fundamentals,8.5
INT_1395,SQL & Databases,5.3
INT_1395,Deep Learning,5.3
INT_1395,Cloud Computing (AWS),5.3
INT_1395,Docker & Kubernetes,8.5
INT_1395,System Design,8.5
INT_1395,Data Wrangling & Pandas,5.3
INT_1395,Git & Version Control,5.3
INT_1395,APIs & Microservices,5.3
INT_1396,Python Fundamentals,5.8
INT_1396,SQL & Databases,5.8
INT_1396,Cloud Computing (AWS),5.8
INT_1396,Docker & Kubernetes,8.5
INT_1396,System Design,5.8
INT_1396,A/B Testing & Experimentation,8.5
INT_1396,Data Wrangling & Pandas,5.8
INT_1396,Git & Version Control,5.8
INT_1396,APIs & Microservices,8.5
INT_1396,Reinforcement Learning,5.8
INT_1397,Python Fundamentals,4.3
INT_1397,SQL & Databases,8.5
INT_1397,Data Visualization,4.3
INT_1397,Docker & Kubernetes,8.5
INT_1397,Cybersecurity Essentials,4.3
INT_1397,System Design,4.3
INT_1397,Frontend Basics (React),4.3
INT_1397,NLP & Text Analytics,4.3
INT_1397,Git & Version Control,4.3
INT_1397,APIs & Microservices,8.5
INT_1398,Python Fundamentals,5.7
INT_1398,Docker & Kubernetes,5.7
INT_1398,Cybersecurity Essentials,8.5
INT_1398,System Design,8.5
INT_1398,Git & Version Control,8.5
INT_1398,APIs & Microservices,5.7
INT_1399,SQL & Databases,8.5
INT_1399,Data Visualization,6.4
INT_1399,Statistics & Probability,8.5
INT_1399,Business Intelligence & BI Tools,8.5
INT_1400,Machine Learning Basics,6.2
INT_1400,Deep Learning,8.5
INT_1400,Data Visualization,8.5
INT_1400,Statistics & Probability,6.2
INT_1400,NLP & Text Analytics,6.2
INT_1400,Business Intelligence & BI Tools,8.5
INT_1401,SQL & Databases,8.5
INT_1401,Machine Learning Basics,6.1
INT_1401,Deep Learning,6.1
INT_1401,Data Visualization,6.1
INT_1401,A/B Testing & Experimentation,8.5
INT_1401,Business Intelligence & BI Tools,8.5
INT_1402,SQL & Databases,8.5
INT_1402,Cloud Computing (AWS),8.5
INT_1402,Docker & Kubernetes,8.5
INT_1403,SQL & Databases,5.7
INT_1403,Data Visualization,8.5
INT_1403,Cloud Computing (AWS),8.5
INT_1403,Docker & Kubernetes,8.5
INT_1403,Statistics & Probability,5.7
INT_1403,A/B Testing & Experimentation,5.7
INT_1403,Reinforcement Learning,5.7
INT_1403,Business Intelligence & BI Tools,5.7
INT_1404,Python Fundamentals,8.5
INT_1404,SQL & Databases,5.6
INT_1404,Cloud Computing (AWS),8.5
INT_1404,Docker & Kubernetes,8.5
INT_1404,System Design,5.6
INT_1404,Data Wrangling & Pandas,5.6
INT_1404,Git & Version Control,5.6
INT_1404,APIs & Microservices,5.6
INT_1404,Time Series Analysis,5.6
INT_1405,Python Fundamentals,7.0
INT_1405,SQL & Databases,8.5
INT_1405,Docker & Kubernetes,8.5
INT_1405,Cybersecurity Essentials,7.0
INT_1405,System Design,8.5
INT_1405,Frontend Basics (React),7.0
INT_1405,Data Wrangling & Pandas,7.0
INT_1405,Git & Version Control,7.0
INT_1405,APIs & Microservices,7.0
INT_1406,SQL & Databases,8.5
INT_1406,Machine Learning Basics,6.3
INT_1406,Deep Learning,8.5
INT_1406,Data Visualization,6.3
INT_1406,NLP & Text Analytics,6.3
INT_1406,Data Wrangling & Pandas,6.3
INT_1406,Time Series Analysis,6.3
INT_1406,Business Intelligence & BI Tools,8.5
INT_1407,Python Fundamentals,8.5
INT_1407,SQL & Databases,6.9
INT_1407,Data Visualization,6.9
INT_1407,Cloud Computing (AWS),8.5
INT_1407,Frontend Basics (React),6.9
INT_1407,NLP & Text Analytics,6.9
INT_1407,A/B Testing & Experimentation,6.9
INT_1407,Git & Version Control,6.9
INT_1407,APIs & Microservices,6.9
INT_1407,Business Intelligence & BI Tools,8.5
INT_1408,SQL & Databases,7.3
INT_1408,Deep Learning,7.3
INT_1408,Data Visualization,8.5
INT_1408,Statistics & Probability,7.3
INT_1408,A/B Testing & Experimentation,8.5
INT_1408,Business Intelligence & BI Tools,8.5
INT_1409,Python Fundamentals,6.6
INT_1409,SQL & Databases,8.5
INT_1409,Cloud Computing (AWS),6.6
INT_1409,Docker & Kubernetes,8.5
INT_1409,System Design,6.6
INT_1409,Frontend Basics (React),8.5
INT_1409,Data Wrangling & Pandas,6.6
INT_1410,SQL & Databases,6.3
INT_1410,Machine Learning Basics,6.3
INT_1410,Deep Learning,8.5
INT_1410,Docker & Kubernetes,6.3
INT_1410,Statistics & Probability,6.3
INT_1410,NLP & Text Analytics,8.5
INT_1410,A/B Testing & Experimentation,6.3
INT_1410,Git & Version Control,6.3
INT_1410,Reinforcement Learning,8.5
INT_1411,Python Fundamentals,5.5
INT_1411,Data Visualization,5.5
INT_1411,Cloud Computing (AWS),8.5
INT_1411,Docker & Kubernetes,8.5
INT_1411,Cybersecurity Essentials,5.5
INT_1411,Frontend Basics (React),5.5
INT_1411,Git & Version Control,5.5
INT_1411,APIs & Microservices,8.5
INT_1412,SQL & Databases,8.5
INT_1412,Machine Learning Basics,8.5
INT_1412,Data Visualization,6.5
INT_1412,Cybersecurity Essentials,6.5
INT_1412,Frontend Basics (React),6.5
INT_1412,Statistics & Probability,8.5
INT_1412,A/B Testing & Experimentation,6.5
INT_1412,Data Wrangling & Pandas,6.5
INT_1412,Reinforcement Learning,6.5
INT_1412,Business Intelligence & BI Tools,6.5
INT_1413,Python Fundamentals,6.0
INT_1413,Cloud Computing (AWS),6.0
INT_1413,Docker & Kubernetes,8.5
INT_1413,System Design,8.5
INT_1413,Git & Version Control,6.0
INT_1413,APIs & Microservices,8.5
INT_1413,Reinforcement Learning,6.0
INT_1414,Python Fundamentals,6.9
INT_1414,Deep Learning,8.5
INT_1414,System Design,6.9
INT_1414,Statistics & Probability,8.5
INT_1414,NLP & Text Analytics,6.9
INT_1414,MLOps Pipelines,6.9
INT_1414,A/B Testing & Experimentation,8.5
INT_1415,Python Fundamentals,8.5
INT_1415,System Design,8.5
INT_1415,Data Wrangling & Pandas,8.5
INT_1416,SQL & Databases,6.0
INT_1416,Machine Learning Basics,6.0
INT_1416,Deep Learning,6.0
INT_1416,Data Visualization,6.0
INT_1416,Statistics & Probability,8.5
INT_1416,NLP & Text Analytics,6.0
INT_1416,A/B Testing & Experimentation,6.0
INT_1416,Data Wrangling & Pandas,8.5
INT_1416,Time Series Analysis,6.0
INT_1416,Business Intelligence & BI Tools,8.5
INT_1417,SQL & Databases,8.5
INT_1417,Cloud Computing (AWS),8.5
INT_1417,Docker & Kubernetes,8.5
INT_1418,Python Fundamentals,8.5
INT_1418,Docker & Kubernetes,5.6
INT_1418,System Design,8.5
INT_1418,Git & Version Control,5.6
INT_1418,APIs & Microservices,8.5
INT_1419,Python Fundamentals,5.4
INT_1419,SQL & Databases,8.5
INT_1419,Cloud Computing (AWS),5.4
INT_1419,Cybersecurity Essentials,5.4
INT_1419,System Design,5.4
INT_1419,Data Wrangling & Pandas,5.4
INT_1419,Git & Version Control,8.5
INT_1419,APIs & Microservices,8.5
INT_1420,Python Fundamentals,8.5
INT_1420,SQL & Databases,8.5
INT_1420,Docker & Kubernetes,6.1
INT_1420,Cybersecurity Essentials,6.1
INT_1420,System Design,6.1
INT_1420,Git & Version Control,8.5
INT_1420,APIs & Microservices,6.1
INT_1420,Reinforcement Learning,6.1
INT_1421,Python Fundamentals,5.0
INT_1421,Deep Learning,5.0
INT_1421,Docker & Kubernetes,5.0
INT_1421,System Design,5.0
INT_1421,Statistics & Probability,8.5
INT_1421,MLOps Pipelines,8.5
INT_1421,Git & Version Control,5.0
INT_1421,Time Series Analysis,8.5
INT_1422,Python Fundamentals,8.5
INT_1422,SQL & Databases,7.2
INT_1422,Cloud Computing (AWS),7.2
INT_1422,Docker & Kubernetes,8.5
INT_1422,System Design,7.2
INT_1422,Data Wrangling & Pandas,7.2
INT_1422,Git & Version Control,8.5
INT_1423,Python Fundamentals,6.6
INT_1423,Machine Learning Basics,6.6
INT_1423,Deep Learning,8.5
INT_1423,Data Visualization,8.5
INT_1423,Business Intelligence & BI Tools,8.5
INT_1424,SQL & Databases,8.5
INT_1424,Statistics & Probability,8.5
INT_1424,Business Intelligence & BI Tools,8.5
INT_1425,Python Fundamentals,5.0
INT_1425,SQL & Databases,5.0
INT_1425,Cloud Computing (AWS),8.5
INT_1425,Docker & Kubernetes,8.5
INT_1425,Cybersecurity Essentials,5.0
INT_1425,MLOps Pipelines,8.5
INT_1425,Git & Version Control,5.0
INT_1425,Time Series Analysis,5.0
INT_1426,SQL & Databases,6.2
INT_1426,Machine Learning Basics,8.5
INT_1426,Data Visualization,6.2
INT_1426,Frontend Basics (React),6.2
INT_1426,Statistics & Probability,6.2
INT_1426,MLOps Pipelines,8.5
INT_1426,A/B Testing & Experimentation,6.2
INT_1426,Git & Version Control,6.2
INT_1426,Time Series Analysis,8.5
INT_1426,Business Intelligence & BI Tools,6.2
INT_1427,SQL & Databases,5.2
INT_1427,Docker & Kubernetes,8.5
INT_1427,Cybersecurity Essentials,8.5
INT_1427,MLOps Pipelines,8.5
INT_1428,Python Fundamentals,6.0
INT_1428,SQL & Databases,8.5
INT_1428,Cloud Computing (AWS),6.0
INT_1428,Docker & Kubernetes,6.0
INT_1428,System Design,8.5
INT_1428,Data Wrangling & Pandas,8.5
INT_1428,Git & Version Control,6.0
INT_1429,Python Fundamentals,8.5
INT_1429,SQL & Databases,8.5
INT_1429,Docker & Kubernetes,5.8
INT_1429,System Design,8.5
INT_1429,MLOps Pipelines,5.8
INT_1430,Python Fundamentals,8.5
INT_1430,SQL & Databases,5.8
INT_1430,Cloud Computing (AWS),5.8
INT_1430,Docker & Kubernetes,5.8
INT_1430,Cybersecurity Essentials,5.8
INT_1430,System Design,5.8
INT_1430,Statistics & Probability,8.5
INT_1430,Git & Version Control,5.8
INT_1430,APIs & Microservices,5.8
INT_1430,Time Series Analysis,8.5
INT_1431,Python Fundamentals,8.5
INT_1431,Data Visualization,8.5
INT_1431,Frontend Basics (React),8.5
INT_1432,Python Fundamentals,8.5
INT_1432,SQL & Databases,8.5
INT_1432,APIs & Microservices,8.5
INT_1433,Python Fundamentals,5.7
INT_1433,Machine Learning Basics,5.7
INT_1433,Data Visualization,8.5
INT_1433,Docker & Kubernetes,5.7
INT_1433,Cybersecurity Essentials,5.7
INT_1433,Frontend Basics (React),5.7
INT_1433,Statistics & Probability,5.7
INT_1433,A/B Testing & Experimentation,8.5
INT_1433,Git & Version Control,8.5
INT_1433,APIs & Microservices,5.7
INT_1434,Python Fundamentals,8.5
INT_1434,SQL & Databases,6.4
INT_1434,Cloud Computing (AWS),6.4
INT_1434,Cybersecurity Essentials,6.4
INT_1434,MLOps Pipelines,6.4
INT_1434,Git & Version Control,8.5
INT_1434,APIs & Microservices,8.5
INT_1435,Cloud Computing (AWS),5.5
INT_1435,Docker & Kubernetes,8.5
INT_1435,System Design,5.5
INT_1435,Data Wrangling & Pandas,8.5
INT_1435,Git & Version Control,5.5
INT_1435,APIs & Microservices,8.5
INT_1436,Cloud Computing (AWS),8.5
INT_1436,NLP & Text Analytics,5.7
INT_1436,MLOps Pipelines,8.5
INT_1436,Business Intelligence & BI Tools,8.5
INT_1437,Python Fundamentals,8.5
INT_1437,SQL & Databases,8.5
INT_1437,Machine Learning Basics,8.5
INT_1438,Python Fundamentals,7.4
INT_1438,SQL & Databases,7.4
INT_1438,Machine Learning Basics,8.5
INT_1438,Deep Learning,7.4
INT_1438,Cloud Computing (AWS),7.4
INT_1438,Frontend Basics (React),7.4
INT_1438,Statistics & Probability,8.5
INT_1438,A/B Testing & Experimentation,7.4
INT_1438,Git & Version Control,7.4
INT_1438,Reinforcement Learning,8.5
INT_1439,SQL & Databases,8.5
INT_1439,Cloud Computing (AWS),8.5
INT_1439,Docker & Kubernetes,5.6
INT_1439,Cybersecurity Essentials,8.5
INT_1439,Data Wrangling & Pandas,5.6
INT_1440,SQL & Databases,6.8
INT_1440,Cloud Computing (AWS),8.5
INT_1440,Docker & Kubernetes,6.8
INT_1440,Cybersecurity Essentials,6.8
INT_1440,System Design,6.8
INT_1440,Data Wrangling & Pandas,8.5
INT_1440,Git & Version Control,6.8
INT_1440,APIs & Microservices,8.5
INT_1441,Docker & Kubernetes,8.5
INT_1441,Statistics & Probability,8.5
INT_1441,MLOps Pipelines,8.5
INT_1442,Machine Learning Basics,8.5
INT_1442,Deep Learning,8.5
INT_1442,Data Visualization,8.5
INT_1442,MLOps Pipelines,6.4
INT_1443,SQL & Databases,6.0
INT_1443,Machine Learning Basics,6.0
INT_1443,Data Visualization,6.0
INT_1443,Frontend Basics (React),6.0
INT_1443,Statistics & Probability,6.0
INT_1443,A/B Testing & Experimentation,8.5
INT_1443,Data Wrangling & Pandas,6.0
INT_1443,Git & Version Control,8.5
INT_1443,APIs & Microservices,8.5
INT_1443,Business Intelligence & BI Tools,6.0
INT_1444,SQL & Databases,8.5
INT_1444,Cloud Computing (AWS),8.5
INT_1444,Docker & Kubernetes,8.5
INT_1445,SQL & Databases,8.5
INT_1445,Cloud Computing (AWS),5.8
INT_1445,Docker & Kubernetes,8.5
INT_1445,Statistics & Probability,8.5
INT_1445,A/B Testing & Experimentation,5.8
INT_1445,Data Wrangling & Pandas,5.8
INT_1446,Docker & Kubernetes,8.5
INT_1446,Cybersecurity Essentials,5.6
INT_1446,System Design,8.5
INT_1446,Statistics & Probability,5.6
INT_1446,MLOps Pipelines,8.5
INT_1446,APIs & Microservices,5.6
INT_1447,SQL & Databases,6.5
INT_1447,Docker & Kubernetes,8.5
INT_1447,Cybersecurity Essentials,8.5
INT_1447,MLOps Pipelines,6.5
INT_1447,Git & Version Control,8.5
INT_1447,APIs & Microservices,6.5
INT_1448,Python Fundamentals,6.9
INT_1448,SQL & Databases,8.5
INT_1448,Machine Learning Basics,6.9
INT_1448,Data Visualization,6.9
INT_1448,Cloud Computing (AWS),6.9
INT_1448,Cybersecurity Essentials,8.5
INT_1448,System Design,6.9
INT_1448,MLOps Pipelines,6.9
INT_1448,Git & Version Control,8.5
INT_1448,APIs & Microservices,6.9
INT_1449,Python Fundamentals,8.5
INT_1449,MLOps Pipelines,8.5
INT_1449,Git & Version Control,6.9
INT_1449,APIs & Microservices,8.5
INT_1449,Reinforcement Learning,6.9
INT_1450,System Design,8.5
INT_1450,Data Wrangling & Pandas,8.5
INT_1450,APIs & Microservices,8.5
INT_1450,Time Series Analysis,6.0
INT_1451,Deep Learning,5.1
INT_1451,Cloud Computing (AWS),8.5
INT_1451,Docker & Kubernetes,5.1
INT_1451,System Design,8.5
INT_1451,Statistics & Probability,5.1
INT_1451,Data Wrangling & Pandas,5.1
INT_1451,Git & Version Control,5.1
INT_1451,APIs & Microservices,8.5
INT_1452,SQL & Databases,8.5
INT_1452,Machine Learning Basics,5.8
INT_1452,Cloud Computing (AWS),5.8
INT_1452,Docker & Kubernetes,8.5
INT_1452,Cybersecurity Essentials,5.8
INT_1452,Git & Version Control,8.5
INT_1453,Python Fundamentals,6.1
INT_1453,SQL & Databases,6.1
INT_1453,Machine Learning Basics,8.5
INT_1453,Deep Learning,6.1
INT_1453,Cloud Computing (AWS),6.1
INT_1453,System Design,6.1
INT_1453,NLP & Text Analytics,8.5
INT_1453,MLOps Pipelines,6.1
INT_1453,Git & Version Control,6.1
INT_1453,Reinforcement Learning,8.5
INT_1454,Deep Learning,7.4
INT_1454,System Design,7.4
INT_1454,Frontend Basics (React),7.4
INT_1454,Data Wrangling & Pandas,8.5
INT_1454,Git & Version Control,8.5
INT_1454,APIs & Microservices,8.5
INT_1455,Cloud Computing (AWS),8.5
INT_1455,Docker & Kubernetes,8.5
INT_1455,Cybersecurity Essentials,8.5
INT_1456,Python Fundamentals,6.1
INT_1456,SQL & Databases,6.1
INT_1456,Data Visualization,8.5
INT_1456,Cloud Computing (AWS),6.1
INT_1456,Docker & Kubernetes,6.1
INT_1456,System Design,6.1
INT_1456,Frontend Basics (React),8.5
INT_1456,Data Wrangling & Pandas,6.1
INT_1456,Git & Version Control,6.1
INT_1456,APIs & Microservices,8.5
INT_1457,Python Fundamentals,8.5
INT_1457,Cloud Computing (AWS),8.5
INT_1457,Docker & Kubernetes,8.5
INT_1457,Cybersecurity Essentials,5.6
INT_1457,System Design,5.6
INT_1457,MLOps Pipelines,5.6
INT_1457,A/B Testing & Experimentation,5.6
INT_1457,Git & Version Control,5.6
INT_1457,APIs & Microservices,5.6
INT_1458,Cloud Computing (AWS),7.8
INT_1458,Docker & Kubernetes,7.8
INT_1458,Cybersecurity Essentials,8.5
INT_1458,System Design,8.5
INT_1458,Git & Version Control,8.5
INT_1459,Python Fundamentals,8.5
INT_1459,SQL & Databases,8.5
INT_1459,System Design,8.5
INT_1460,Python Fundamentals,7.0
INT_1460,SQL & Databases,8.5
INT_1460,Cloud Computing (AWS),8.5
INT_1460,Docker & Kubernetes,7.0
INT_1460,Cybersecurity Essentials,8.5
INT_1460,Git & Version Control,7.0
INT_1460,APIs & Microservices,7.0
INT_1461,Python Fundamentals,6.4
INT_1461,SQL & Databases,8.5
INT_1461,Cloud Computing (AWS),6.4
INT_1461,Docker & Kubernetes,6.4
INT_1461,Cybersecurity Essentials,6.4
INT_1461,System Design,8.5
INT_1461,NLP & Text Analytics,6.4
INT_1461,MLOps Pipelines,6.4
INT_1461,Git & Version Control,8.5
INT_1461,APIs & Microservices,6.4
INT_1462,Python Fundamentals,6.3
INT_1462,SQL & Databases,6.3
INT_1462,Cloud Computing (AWS),6.3
INT_1462,Docker & Kubernetes,8.5
INT_1462,Cybersecurity Essentials,6.3
INT_1462,System Design,8.5
INT_1462,MLOps Pipelines,8.5
INT_1462,Git & Version Control,6.3
INT_1462,APIs & Microservices,6.3
INT_1462,Business Intelligence & BI Tools,6.3
INT_1463,SQL & Databases,5.9
INT_1463,Deep Learning,8.5
INT_1463,Data Visualization,5.9
INT_1463,Statistics & Probability,5.9
INT_1463,MLOps Pipelines,8.5
INT_1463,A/B Testing & Experimentation,5.9
INT_1463,Data Wrangling & Pandas,5.9
INT_1463,Git & Version Control,5.9
INT_1463,Reinforcement Learning,8.5
INT_1463,Business Intelligence & BI Tools,5.9
INT_1464,Data Visualization,8.5
INT_1464,Statistics & Probability,8.5
INT_1464,A/B Testing & Experimentation,8.5
INT_1464,APIs & Microservices,5.4
INT_1465,SQL & Databases,8.5
INT_1465,Machine Learning Basics,5.6
INT_1465,Deep Learning,5.6
INT_1465,Cloud Computing (AWS),5.6
INT_1465,Docker & Kubernetes,5.6
INT_1465,Statistics & Probability,5.6
INT_1465,MLOps Pipelines,5.6
INT_1465,A/B Testing & Experimentation,8.5
INT_1465,Git & Version Control,8.5
INT_1465,Reinforcement Learning,5.6
INT_1466,Machine Learning Basics,8.5
INT_1466,Deep Learning,5.0
INT_1466,Data Visualization,5.0
INT_1466,Cloud Computing (AWS),5.0
INT_1466,Statistics & Probability,8.5
INT_1466,NLP & Text Analytics,8.5
INT_1466,A/B Testing & Experimentation,5.0
INT_1466,Time Series Analysis,5.0
INT_1467,Python Fundamentals,8.5
INT_1467,Data Visualization,5.3
INT_1467,Cloud Computing (AWS),5.3
INT_1467,Docker & Kubernetes,8.5
INT_1467,System Design,8.5
INT_1467,Frontend Basics (React),5.3
INT_1467,Data Wrangling & Pandas,5.3
INT_1467,Git & Version Control,5.3
INT_1467,APIs & Microservices,5.3
INT_1467,Time Series Analysis,5.3
INT_1467,Business Intelligence & BI Tools,5.3
INT_1468,Python Fundamentals,8.5
INT_1468,SQL & Databases,8.5
INT_1468,Git & Version Control,8.5
INT_1469,Python Fundamentals,8.5
INT_1469,Data Visualization,8.5
INT_1469,Frontend Basics (React),8.5
INT_1469,Statistics & Probability,6.9
INT_1470,Cloud Computing (AWS),8.5
INT_1470,Docker & Kubernetes,8.5
INT_1470,Cybersecurity Essentials,8.5
INT_1471,Python Fundamentals,8.5
INT_1471,SQL & Databases,6.8
INT_1471,Cloud Computing (AWS),6.8
INT_1471,Docker & Kubernetes,8.5
INT_1471,Data Wrangling & Pandas,6.8
INT_1471,APIs & Microservices,8.5
INT_1472,SQL & Databases,7.0
INT_1472,Machine Learning Basics,7.0
INT_1472,Data Visualization,7.0
INT_1472,Docker & Kubernetes,8.5
INT_1472,Cybersecurity Essentials,7.0
INT_1472,Frontend Basics (React),8.5
INT_1472,Statistics & Probability,7.0
INT_1472,MLOps Pipelines,7.0
INT_1472,A/B Testing & Experimentation,7.0
INT_1472,Data Wrangling & Pandas,8.5
INT_1472,Business Intelligence & BI Tools,7.0
INT_1473,SQL & Databases,6.5
INT_1473,Data Visualization,6.5
INT_1473,System Design,8.5
INT_1473,Frontend Basics (React),6.5
INT_1473,Statistics & Probability,6.5
INT_1473,MLOps Pipelines,6.5
INT_1473,Data Wrangling & Pandas,8.5
INT_1473,Time Series Analysis,8.5
INT_1474,Data Visualization,7.0
INT_1474,Cloud Computing (AWS),8.5
INT_1474,Docker & Kubernetes,8.5
INT_1474,System Design,7.0
INT_1474,Statistics & Probability,8.5
INT_1474,Time Series Analysis,7.0
INT_1475,Python Fundamentals,5.7
INT_1475,SQL & Databases,8.5
INT_1475,Cloud Computing (AWS),5.7
INT_1475,Docker & Kubernetes,8.5
INT_1475,Cybersecurity Essentials,5.7
INT_1475,System Design,5.7
INT_1475,NLP & Text Analytics,8.5
INT_1475,MLOps Pipelines,5.7
INT_1475,A/B Testing & Experimentation,5.7
INT_1475,Git & Version Control,5.7
INT_1475,APIs & Microservices,5.7
INT_1476,SQL & Databases,8.5
INT_1476,System Design,8.5
INT_1476,MLOps Pipelines,8.5
INT_1477,Deep Learning,5.3
INT_1477,Cloud Computing (AWS),5.3
INT_1477,Docker & Kubernetes,5.3
INT_1477,Statistics & Probability,8.5
INT_1477,NLP & Text Analytics,8.5
INT_1477,A/B Testing & Experimentation,8.5
INT_1477,Data Wrangling & Pandas,5.3
INT_1477,Reinforcement Learning,5.3
INT_1478,System Design,8.5
INT_1478,Statistics & Probability,8.5
INT_1478,A/B Testing & Experimentation,5.0
INT_1478,Data Wrangling & Pandas,8.5
INT_1479,Python Fundamentals,5.0
INT_1479,SQL & Databases,5.0
INT_1479,Data Visualization,8.5
INT_1479,Statistics & Probability,5.0
INT_1479,NLP & Text Analytics,5.0
INT_1479,A/B Testing & Experimentation,5.0
INT_1479,Data Wrangling & Pandas,5.0
INT_1479,Git & Version Control,8.5
INT_1479,APIs & Microservices,8.5
INT_1479,Business Intelligence & BI Tools,5.0
INT_1480,Python Fundamentals,5.1
INT_1480,SQL & Databases,8.5
INT_1480,Cloud Computing (AWS),5.1
INT_1480,Docker & Kubernetes,5.1
INT_1480,Cybersecurity Essentials,5.1
INT_1480,System Design,5.1
INT_1480,NLP & Text Analytics,5.1
INT_1480,MLOps Pipelines,5.1
INT_1480,A/B Testing & Experimentation,5.1
INT_1480,Git & Version Control,8.5
INT_1480,APIs & Microservices,8.5
INT_1481,Python Fundamentals,8.5
INT_1481,Cybersecurity Essentials,6.5
INT_1481,System Design,8.5
INT_1481,Git & Version Control,8.5
INT_1482,Cloud Computing (AWS),8.5
INT_1482,Docker & Kubernetes,8.5
INT_1482,Cybersecurity Essentials,8.5
INT_1483,Python Fundamentals,8.5
INT_1483,SQL & Databases,5.3
INT_1483,System Design,8.5
INT_1483,Data Wrangling & Pandas,5.3
INT_1483,Git & Version Control,8.5
INT_1484,Python Fundamentals,8.5
INT_1484,SQL & Databases,5.5
INT_1484,Data Visualization,8.5
INT_1484,Cloud Computing (AWS),8.5
INT_1484,Docker & Kubernetes,5.5
INT_1484,Statistics & Probability,5.5
INT_1484,MLOps Pipelines,5.5
INT_1484,Data Wrangling & Pandas,5.5
INT_1484,Git & Version Control,5.5
INT_1484,APIs & Microservices,5.5
INT_1484,Time Series Analysis,5.5
INT_1485,SQL & Databases,4.7
INT_1485,Machine Learning Basics,4.7
INT_1485,Deep Learning,4.7
INT_1485,Data Visualization,4.7
INT_1485,Statistics & Probability,8.5
INT_1485,NLP & Text Analytics,4.7
INT_1485,A/B Testing & Experimentation,4.7
INT_1485,Data Wrangling & Pandas,8.5
INT_1485,Time Series Analysis,8.5
INT_1485,Business Intelligence & BI Tools,4.7
INT_1486,Python Fundamentals,4.8
INT_1486,Cloud Computing (AWS),4.8
INT_1486,System Design,8.5
INT_1486,Git & Version Control,8.5
INT_1486,APIs & Microservices,8.5
INT_1487,Python Fundamentals,5.3
INT_1487,Cloud Computing (AWS),5.3
INT_1487,Docker & Kubernetes,5.3
INT_1487,Cybersecurity Essentials,8.5
INT_1487,System Design,5.3
INT_1487,Frontend Basics (React),5.3
INT_1487,NLP & Text Analytics,5.3
INT_1487,MLOps Pipelines,5.3
INT_1487,Git & Version Control,8.5
INT_1487,APIs & Microservices,8.5
INT_1488,Python Fundamentals,6.0
INT_1488,SQL & Databases,8.5
INT_1488,Cloud Computing (AWS),8.5
INT_1488,Docker & Kubernetes,8.5
INT_1488,NLP & Text Analytics,6.0
INT_1488,Data Wrangling & Pandas,6.0
INT_1489,SQL & Databases,8.5
INT_1489,Statistics & Probability,8.5
INT_1489,MLOps Pipelines,5.0
INT_1489,A/B Testing & Experimentation,8.5
INT_1490,Python Fundamentals,6.9
INT_1490,SQL & Databases,6.9
INT_1490,Deep Learning,8.5
INT_1490,Cloud Computing (AWS),6.9
INT_1490,Docker & Kubernetes,8.5
INT_1490,Cybersecurity Essentials,8.5
INT_1490,System Design,6.9
INT_1490,MLOps Pipelines,6.9
INT_1490,Git & Version Control,6.9
INT_1490,APIs & Microservices,6.9
INT_1491,Python Fundamentals,8.5
INT_1491,Data Visualization,8.5
INT_1491,A/B Testing & Experimentation,7.9
INT_1491,APIs & Microservices,8.5
INT_1491,Business Intelligence & BI Tools,7.9
INT_1492,Python Fundamentals,6.9
INT_1492,Deep Learning,6.9
INT_1492,Data Visualization,6.9
INT_1492,Frontend Basics (React),6.9
INT_1492,MLOps Pipelines,8.5
INT_1492,Git & Version Control,6.9
INT_1492,APIs & Microservices,8.5
INT_1492,Reinforcement Learning,8.5
INT_1493,Python Fundamentals,8.5
INT_1493,SQL & Databases,4.5
INT_1493,Cloud Computing (AWS),4.5
INT_1493,Docker & Kubernetes,8.5
INT_1493,Cybersecurity Essentials,4.5
INT_1493,System Design,4.5
INT_1493,Frontend Basics (React),4.5
INT_1493,MLOps Pipelines,8.5
INT_1493,Git & Version Control,4.5
INT_1493,APIs & Microservices,4.5
INT_1494,Docker & Kubernetes,6.1
INT_1494,System Design,8.5
INT_1494,Git & Version Control,8.5
INT_1494,APIs & Microservices,8.5
INT_1495,Python Fundamentals,8.5
INT_1495,SQL & Databases,8.5
INT_1495,Statistics & Probability,6.9
INT_1495,Git & Version Control,8.5
INT_1495,Reinforcement Learning,6.9
INT_1496,SQL & Databases,7.3
INT_1496,Data Visualization,8.5
INT_1496,Statistics & Probability,8.5
INT_1496,A/B Testing & Experimentation,7.3
INT_1496,Business Intelligence & BI Tools,8.5
INT_1497,SQL & Databases,6.4
INT_1497,Machine Learning Basics,8.5
INT_1497,Deep Learning,6.4
INT_1497,Data Visualization,8.5
INT_1497,Statistics & Probability,6.4
INT_1497,NLP & Text Analytics,8.5
INT_1497,A/B Testing & Experimentation,6.4
INT_1497,Reinforcement Learning,6.4
INT_1498,Machine Learning Basics,8.5
INT_1498,Deep Learning,5.7
INT_1498,Data Visualization,8.5
INT_1498,NLP & Text Analytics,8.5
INT_1498,A/B Testing & Experimentation,5.7
INT_1499,Python Fundamentals,7.1
INT_1499,SQL & Databases,7.1
INT_1499,Cloud Computing (AWS),8.5
INT_1499,Docker & Kubernetes,8.5
INT_1499,Statistics & Probability,8.5
INT_1499,A/B Testing & Experimentation,7.1
INT_1499,Data Wrangling & Pandas,7.1
INT_1499,Git & Version Control,7.1
INT_1499,APIs & Microservices,7.1
INT_1499,Time Series Analysis,7.1
INT_1499,Business Intelligence & BI Tools,7.1
INT_1500,SQL & Databases,8.5
INT_1500,System Design,8.5
INT_1500,APIs & Microservices,8.5
INT_1501,Python Fundamentals,4.2
INT_1501,Data Visualization,4.2
INT_1501,System Design,4.2
INT_1501,Frontend Basics (React),8.5
INT_1501,Statistics & Probability,4.2
INT_1501,NLP & Text Analytics,4.2
INT_1501,A/B Testing & Experimentation,8.5
INT_1501,Git & Version Control,4.2
INT_1501,APIs & Microservices,4.2
INT_1501,Time Series Analysis,8.5
INT_1502,Python Fundamentals,5.3
INT_1502,SQL & Databases,8.5
INT_1502,Frontend Basics (React),5.3
INT_1502,Data Wrangling & Pandas,8.5
INT_1502,Git & Version Control,8.5
INT_1502,APIs & Microservices,5.3
INT_1502,Time Series Analysis,5.3
INT_1502,Reinforcement Learning,5.3
INT_1503,Python Fundamentals,8.5
INT_1503,SQL & Databases,6.4
INT_1503,Cloud Computing (AWS),8.5
INT_1503,Docker & Kubernetes,8.5
INT_1503,System Design,6.4
INT_1503,Data Wrangling & Pandas,6.4
INT_1503,Git & Version Control,6.4
INT_1503,APIs & Microservices,6.4
INT_1504,SQL & Databases,8.5
INT_1504,Cloud Computing (AWS),8.5
INT_1504,Docker & Kubernetes,8.5
INT_1505,Python Fundamentals,5.9
INT_1505,Statistics & Probability,8.5
INT_1505,MLOps Pipelines,8.5
INT_1505,Data Wrangling & Pandas,5.9
INT_1505,Git & Version Control,5.9
INT_1505,APIs & Microservices,8.5
INT_1505,Time Series Analysis,5.9
INT_1506,Python Fundamentals,8.5
INT_1506,SQL & Databases,4.4
INT_1506,Data Visualization,4.4
INT_1506,Cloud Computing (AWS),8.5
INT_1506,Docker & Kubernetes,8.5
INT_1506,System Design,4.4
INT_1506,Frontend Basics (React),4.4
INT_1506,Data Wrangling & Pandas,4.4
INT_1506,Git & Version Control,4.4
INT_1506,Time Series Analysis,4.4
INT_1507,SQL & Databases,8.5
INT_1507,Machine Learning Basics,5.9
INT_1507,System Design,5.9
INT_1507,Frontend Basics (React),8.5
INT_1507,Data Wrangling & Pandas,8.5
INT_1507,Git & Version Control,5.9
INT_1508,Python Fundamentals,8.5
INT_1508,Data Visualization,4.9
INT_1508,Frontend Basics (React),4.9
INT_1508,Git & Version Control,8.5
INT_1508,APIs & Microservices,8.5
INT_1509,Python Fundamentals,6.3
INT_1509,Data Visualization,8.5
INT_1509,Cloud Computing (AWS),6.3
INT_1509,Docker & Kubernetes,6.3
INT_1509,System Design,8.5
INT_1509,MLOps Pipelines,6.3
INT_1509,Data Wrangling & Pandas,6.3
INT_1509,Git & Version Control,6.3
INT_1509,APIs & Microservices,6.3
INT_1509,Business Intelligence & BI Tools,8.5
INT_1510,Cloud Computing (AWS),6.7
INT_1510,Statistics & Probability,8.5
INT_1510,NLP & Text Analytics,8.5
INT_1510,A/B Testing & Experimentation,8.5
INT_1511,Machine Learning Basics,8.5
INT_1511,Deep Learning,5.3
INT_1511,Data Visualization,5.3
INT_1511,Statistics & Probability,5.3
INT_1511,NLP & Text Analytics,5.3
INT_1511,Data Wrangling & Pandas,8.5
INT_1511,Time Series Analysis,8.5
INT_1512,Docker & Kubernetes,6.8
INT_1512,System Design,8.5
INT_1512,MLOps Pipelines,8.5
INT_1512,Git & Version Control,6.8
INT_1512,APIs & Microservices,8.5
INT_1512,Business Intelligence & BI Tools,6.8
INT_1513,Python Fundamentals,5.8
INT_1513,SQL & Databases,5.8
INT_1513,Docker & Kubernetes,5.8
INT_1513,System Design,5.8
INT_1513,Frontend Basics (React),8.5
INT_1513,Data Wrangling & Pandas,8.5
INT_1513,Git & Version Control,5.8
INT_1513,APIs & Microservices,8.5
INT_1513,Reinforcement Learning,5.8
INT_1514,Python Fundamentals,8.5
INT_1514,SQL & Databases,5.4
INT_1514,Cloud Computing (AWS),8.5
INT_1514,Docker & Kubernetes,5.4
INT_1514,Cybersecurity Essentials,8.5
INT_1514,System Design,5.4
INT_1514,Data Wrangling & Pandas,5.4
INT_1514,Git & Version Control,5.4
INT_1514,APIs & Microservices,5.4
INT_1515,SQL & Databases,6.4
INT_1515,Cloud Computing (AWS),8.5
INT_1515,Docker & Kubernetes,8.5
INT_1515,System Design,8.5
INT_1515,Frontend Basics (React),6.4
INT_1515,APIs & Microservices,6.4
INT_1515,Time Series Analysis,6.4
INT_1516,Python Fundamentals,6.9
INT_1516,SQL & Databases,6.9
INT_1516,Cloud Computing (AWS),6.9
INT_1516,Docker & Kubernetes,8.5
INT_1516,Cybersecurity Essentials,6.9
INT_1516,System Design,8.5
INT_1516,MLOps Pipelines,6.9
INT_1516,Git & Version Control,6.9
INT_1516,APIs & Microservices,8.5
INT_1517,Python Fundamentals,7.1
INT_1517,SQL & Databases,8.5
INT_1517,Cloud Computing (AWS),7.1
INT_1517,Docker & Kubernetes,8.5
INT_1517,System Design,7.1
INT_1517,Frontend Basics (React),7.1
INT_1517,Data Wrangling & Pandas,7.1
INT_1517,Git & Version Control,7.1
INT_1517,APIs & Microservices,8.5
INT_1517,Time Series Analysis,7.1
INT_1518,Python Fundamentals,6.1
INT_1518,Machine Learning Basics,8.5
INT_1518,Data Visualization,6.1
INT_1518,Frontend Basics (React),6.1
INT_1518,Statistics & Probability,8.5
INT_1518,A/B Testing & Experimentation,6.1
INT_1518,Git & Version Control,6.1
INT_1518,APIs & Microservices,6.1
INT_1518,Time Series Analysis,8.5
INT_1519,Python Fundamentals,6.1
INT_1519,SQL & Databases,6.1
INT_1519,Cloud Computing (AWS),6.1
INT_1519,Docker & Kubernetes,8.5
INT_1519,Cybersecurity Essentials,6.1
INT_1519,System Design,6.1
INT_1519,NLP & Text Analytics,8.5
INT_1519,Git & Version Control,6.1
INT_1519,APIs & Microservices,6.1
INT_1519,Reinforcement Learning,8.5
INT_1519,Business Intelligence & BI Tools,6.1
INT_1520,Python Fundamentals,8.5
INT_1520,SQL & Databases,8.5
INT_1520,Data Wrangling & Pandas,8.5
INT_1521,SQL & Databases,7.3
INT_1521,Machine Learning Basics,8.5
INT_1521,Deep Learning,8.5
INT_1521,Data Visualization,7.3
INT_1521,Frontend Basics (React),7.3
INT_1521,Statistics & Probability,7.3
INT_1521,NLP & Text Analytics,8.5
INT_1521,A/B Testing & Experimentation,7.3
INT_1521,APIs & Microservices,7.3
INT_1521,Time Series Analysis,7.3
INT_1521,Business Intelligence & BI Tools,7.3
INT_1522,Cloud Computing (AWS),8.5
INT_1522,Docker & Kubernetes,8.5
INT_1522,Cybersecurity Essentials,8.5
INT_1522,Reinforcement Learning,7.0
INT_1523,SQL & Databases,8.5
INT_1523,Cloud Computing (AWS),4.5
INT_1523,System Design,8.5
INT_1523,NLP & Text Analytics,4.5
INT_1523,Git & Version Control,8.5
INT_1524,Python Fundamentals,8.5
INT_1524,SQL & Databases,8.5
INT_1524,Git & Version Control,8.5
INT_1525,Python Fundamentals,8.5
INT_1525,Deep Learning,5.9
INT_1525,Data Visualization,5.9
INT_1525,System Design,5.9
INT_1525,Frontend Basics (React),5.9
INT_1525,Statistics & Probability,8.5
INT_1525,Data Wrangling & Pandas,5.9
INT_1525,Git & Version Control,5.9
INT_1525,APIs & Microservices,5.9
INT_1525,Time Series Analysis,8.5
INT_1526,SQL & Databases,6.1
INT_1526,Machine Learning Basics,8.5
INT_1526,Data Visualization,6.1
INT_1526,Statistics & Probability,8.5
INT_1526,A/B Testing & Experimentation,8.5
INT_1526,Time Series Analysis,6.1
INT_1526,Business Intelligence & BI Tools,6.1
INT_1527,Python Fundamentals,5.9
INT_1527,Cloud Computing (AWS),8.5
INT_1527,Docker & Kubernetes,5.9
INT_1527,Cybersecurity Essentials,8.5
INT_1527,System Design,5.9
INT_1527,Statistics & Probability,5.9
INT_1527,MLOps Pipelines,8.5
INT_1527,Git & Version Control,5.9
INT_1527,APIs & Microservices,5.9
INT_1527,Time Series Analysis,5.9
INT_1528,Python Fundamentals,6.6
INT_1528,SQL & Databases,6.6
INT_1528,Machine Learning Basics,6.6
INT_1528,Data Visualization,6.6
INT_1528,Cybersecurity Essentials,6.6
INT_1528,Statistics & Probability,6.6
INT_1528,NLP & Text Analytics,8.5
INT_1528,MLOps Pipelines,8.5
INT_1528,A/B Testing & Experimentation,6.6
INT_1528,Data Wrangling & Pandas,8.5
INT_1528,Business Intelligence & BI Tools,6.6
INT_1529,SQL & Databases,8.5
INT_1529,Data Visualization,8.5
INT_1529,Statistics & Probability,5.8
INT_1529,A/B Testing & Experimentation,5.8
INT_1529,Data Wrangling & Pandas,5.8
INT_1529,Time Series Analysis,8.5
INT_1529,Business Intelligence & BI Tools,5.8
INT_1530,Python Fundamentals,8.5
INT_1530,Frontend Basics (React),8.5
INT_1530,Git & Version Control,8.5
INT_1531,SQL & Databases,8.5
INT_1531,Machine Learning Basics,6.5
INT_1531,Deep Learning,6.5
INT_1531,Data Visualization,6.5
INT_1531,Statistics & Probability,6.5
INT_1531,A/B Testing & Experimentation,6.5
INT_1531,Data Wrangling & Pandas,8.5
INT_1531,Time Series Analysis,8.5
INT_1532,SQL & Databases,8.5
INT_1532,Cloud Computing (AWS),8.5
INT_1532,Docker & Kubernetes,8.5
INT_1532,APIs & Microservices,5.7
INT_1533,SQL & Databases,6.2
INT_1533,Machine Learning Basics,6.2
INT_1533,Deep Learning,6.2
INT_1533,NLP & Text Analytics,8.5
INT_1533,MLOps Pipelines,8.5
INT_1533,A/B Testing & Experimentation,8.5
INT_1533,Data Wrangling & Pandas,6.2
INT_1533,Git & Version Control,6.2
INT_1533,Reinforcement Learning,6.2
INT_1534,SQL & Databases,5.3
INT_1534,Cloud Computing (AWS),8.5
INT_1534,Docker & Kubernetes,8.5
INT_1534,System Design,8.5
INT_1535,Python Fundamentals,8.5
INT_1535,Machine Learning Basics,5.2
INT_1535,Data Visualization,8.5
INT_1535,Cloud Computing (AWS),5.2
INT_1535,Frontend Basics (React),5.2
INT_1535,NLP & Text Analytics,5.2
INT_1535,Git & Version Control,5.2
INT_1535,APIs & Microservices,5.2
INT_1535,Reinforcement Learning,8.5
INT_1536,Python Fundamentals,8.5
INT_1536,SQL & Databases,8.5
INT_1536,Cloud Computing (AWS),8.5
INT_1536,Docker & Kubernetes,5.7
INT_1536,Cybersecurity Essentials,5.7
INT_1536,System Design,5.7
INT_1536,Git & Version Control,5.7
INT_1536,APIs & Microservices,5.7
INT_1537,Python Fundamentals,5.5
INT_1537,SQL & Databases,5.5
INT_1537,Machine Learning Basics,8.5
INT_1537,Deep Learning,5.5
INT_1537,Docker & Kubernetes,5.5
INT_1537,Statistics & Probability,5.5
INT_1537,NLP & Text Analytics,5.5
INT_1537,MLOps Pipelines,8.5
INT_1537,Data Wrangling & Pandas,5.5
INT_1537,Reinforcement Learning,8.5
INT_1538,Cybersecurity Essentials,8.5
INT_1538,MLOps Pipelines,8.5
INT_1538,A/B Testing & Experimentation,6.4
INT_1538,Git & Version Control,8.5
INT_1539,SQL & Databases,5.7
INT_1539,Deep Learning,8.5
INT_1539,Data Visualization,5.7
INT_1539,Frontend Basics (React),5.7
INT_1539,Statistics & Probability,5.7
INT_1539,MLOps Pipelines,8.5
INT_1539,A/B Testing & Experimentation,5.7
INT_1539,Time Series Analysis,8.5
INT_1539,Business Intelligence & BI Tools,5.7
INT_1540,Python Fundamentals,7.0
INT_1540,SQL & Databases,7.0
INT_1540,Cloud Computing (AWS),7.0
INT_1540,Docker & Kubernetes,8.5
INT_1540,Cybersecurity Essentials,7.0
INT_1540,System Design,7.0
INT_1540,NLP & Text Analytics,7.0
INT_1540,MLOps Pipelines,7.0
INT_1540,Git & Version Control,8.5
INT_1540,APIs & Microservices,8.5
INT_1541,SQL & Databases,6.3
INT_1541,Machine Learning Basics,6.3
INT_1541,Deep Learning,6.3
INT_1541,Data Visualization,6.3
INT_1541,Cloud Computing (AWS),6.3
INT_1541,Statistics & Probability,6.3
INT_1541,NLP & Text Analytics,8.5
INT_1541,A/B Testing & Experimentation,8.5
INT_1541,Time Series Analysis,8.5
INT_1541,Business Intelligence & BI Tools,6.3
INT_1542,Cloud Computing (AWS),8.5
INT_1542,Docker & Kubernetes,8.5
INT_1542,Cybersecurity Essentials,8.5
INT_1543,Machine Learning Basics,8.5
INT_1543,MLOps Pipelines,8.5
INT_1543,Reinforcement Learning,8.5
INT_1544,Python Fundamentals,6.7
INT_1544,SQL & Databases,8.5
INT_1544,Cloud Computing (AWS),6.7
INT_1544,Docker & Kubernetes,6.7
INT_1544,System Design,8.5
INT_1544,Frontend Basics (React),6.7
INT_1544,Data Wrangling & Pandas,6.7
INT_1544,Git & Version Control,8.5
INT_1544,APIs & Microservices,6.7
INT_1545,Python Fundamentals,7.0
INT_1545,SQL & Databases,8.5
INT_1545,System Design,8.5
INT_1545,MLOps Pipelines,7.0
INT_1545,Git & Version Control,7.0
INT_1545,APIs & Microservices,8.5
INT_1546,Python Fundamentals,8.5
INT_1546,SQL & Databases,8.5
INT_1546,Data Visualization,4.0
INT_1546,Frontend Basics (React),4.0
INT_1546,Statistics & Probability,8.5
INT_1546,A/B Testing & Experimentation,4.0
INT_1546,Business Intelligence & BI Tools,4.0
INT_1547,Python Fundamentals,6.5
INT_1547,Data Visualization,8.5
INT_1547,System Design,6.5
INT_1547,Frontend Basics (React),6.5
INT_1547,Statistics & Probability,6.5
INT_1547,MLOps Pipelines,8.5
INT_1547,Git & Version Control,8.5
INT_1547,APIs & Microservices,6.5
INT_1548,Python Fundamentals,6.5
INT_1548,SQL & Databases,6.5
INT_1548,Machine Learning Basics,6.5
INT_1548,Docker & Kubernetes,8.5
INT_1548,System Design,6.5
INT_1548,Frontend Basics (React),6.5
INT_1548,Data Wrangling & Pandas,8.5
INT_1548,Git & Version Control,8.5
INT_1548,APIs & Microservices,6.5
INT_1548,Reinforcement Learning,6.5
INT_1549,Machine Learning Basics,7.0
INT_1549,Deep Learning,8.5
INT_1549,Data Visualization,7.0
INT_1549,Statistics & Probability,7.0
INT_1549,NLP & Text Analytics,8.5
INT_1549,A/B Testing & Experimentation,7.0
INT_1549,Data Wrangling & Pandas,7.0
INT_1549,Git & Version Control,7.0
INT_1549,Time Series Analysis,8.5
INT_1549,Reinforcement Learning,7.0
INT_1549,Business Intelligence & BI Tools,7.0
INT_1550,Python Fundamentals,6.8
INT_1550,Machine Learning Basics,6.8
INT_1550,Deep Learning,8.5
INT_1550,Data Visualization,6.8
INT_1550,Frontend Basics (React),6.8
INT_1550,NLP & Text Analytics,6.8
INT_1550,MLOps Pipelines,8.5
INT_1550,Git & Version Control,6.8
INT_1550,APIs & Microservices,8.5
INT_1550,Business Intelligence & BI Tools,6.8
INT_1551,Python Fundamentals,8.5
INT_1551,Cloud Computing (AWS),7.0
INT_1551,Docker & Kubernetes,8.5
INT_1551,Cybersecurity Essentials,7.0
INT_1551,System Design,7.0
INT_1551,NLP & Text Analytics,7.0
INT_1551,Git & Version Control,7.0
INT_1551,APIs & Microservices,8.5
INT_1552,Python Fundamentals,5.7
INT_1552,SQL & Databases,8.5
INT_1552,System Design,8.5
INT_1552,Data Wrangling & Pandas,5.7
INT_1552,Git & Version Control,5.7
INT_1552,APIs & Microservices,8.5
INT_1553,SQL & Databases,8.5
INT_1553,Cloud Computing (AWS),8.5
INT_1553,Docker & Kubernetes,8.5
INT_1553,MLOps Pipelines,5.4
INT_1554,Python Fundamentals,6.9
INT_1554,Cloud Computing (AWS),8.5
INT_1554,Docker & Kubernetes,8.5
INT_1554,MLOps Pipelines,6.9
INT_1554,Data Wrangling & Pandas,6.9
INT_1554,Git & Version Control,8.5
INT_1555,Python Fundamentals,5.6
INT_1555,SQL & Databases,8.5
INT_1555,Cloud Computing (AWS),8.5
INT_1555,Docker & Kubernetes,5.6
INT_1555,Cybersecurity Essentials,5.6
INT_1555,System Design,5.6
INT_1555,Git & Version Control,5.6
INT_1555,APIs & Microservices,8.5
INT_1555,Reinforcement Learning,5.6
INT_1556,Machine Learning Basics,5.8
INT_1556,Deep Learning,5.8
INT_1556,Data Visualization,8.5
INT_1556,System Design,5.8
INT_1556,NLP & Text Analytics,5.8
INT_1556,A/B Testing & Experimentation,8.5
INT_1556,Time Series Analysis,8.5
INT_1556,Business Intelligence & BI Tools,5.8
INT_1557,Cloud Computing (AWS),8.5
INT_1557,Docker & Kubernetes,5.7
INT_1557,Frontend Basics (React),8.5
INT_1557,Git & Version Control,5.7
INT_1557,APIs & Microservices,8.5
INT_1558,Python Fundamentals,5.6
INT_1558,System Design,8.5
INT_1558,NLP & Text Analytics,5.6
INT_1558,MLOps Pipelines,8.5
INT_1558,Git & Version Control,8.5
INT_1558,APIs & Microservices,5.6
INT_1559,Python Fundamentals,8.5
INT_1559,SQL & Databases,5.3
INT_1559,Docker & Kubernetes,5.3
INT_1559,System Design,5.3
INT_1559,Git & Version Control,8.5
INT_1559,APIs & Microservices,8.5
INT_1560,Python Fundamentals,6.0
INT_1560,Cloud Computing (AWS),6.0
INT_1560,Docker & Kubernetes,6.0
INT_1560,System Design,6.0
INT_1560,Frontend Basics (React),6.0
INT_1560,Data Wrangling & Pandas,8.5
INT_1560,Git & Version Control,8.5
INT_1560,APIs & Microservices,8.5
INT_1561,Python Fundamentals,8.5
INT_1561,Docker & Kubernetes,8.5
INT_1561,Data Wrangling & Pandas,8.5
INT_1562,SQL & Databases,8.5
INT_1562,Data Visualization,6.2
INT_1562,Docker & Kubernetes,6.2
INT_1562,System Design,6.2
INT_1562,Statistics & Probability,8.5
INT_1562,Data Wrangling & Pandas,6.2
INT_1562,Git & Version Control,6.2
INT_1562,APIs & Microservices,6.2
INT_1562,Time Series Analysis,8.5
INT_1563,Python Fundamentals,5.9
INT_1563,Deep Learning,8.5
INT_1563,Data Visualization,5.9
INT_1563,Docker & Kubernetes,5.9
INT_1563,System Design,8.5
INT_1563,Frontend Basics (React),8.5
INT_1563,Data Wrangling & Pandas,5.9
INT_1563,Git & Version Control,5.9
INT_1563,APIs & Microservices,5.9
INT_1564,SQL & Databases,6.2
INT_1564,Docker & Kubernetes,6.2
INT_1564,System Design,6.2
INT_1564,Frontend Basics (React),8.5
INT_1564,A/B Testing & Experimentation,6.2
INT_1564,Data Wrangling & Pandas,8.5
INT_1564,Git & Version Control,8.5
INT_1564,APIs & Microservices,6.2
INT_1565,Machine Learning Basics,8.5
INT_1565,Deep Learning,5.5
INT_1565,Data Visualization,5.5
INT_1565,System Design,5.5
INT_1565,NLP & Text Analytics,5.5
INT_1565,A/B Testing & Experimentation,8.5
INT_1565,Data Wrangling & Pandas,5.5
INT_1565,Time Series Analysis,8.5
INT_1565,Reinforcement Learning,5.5
INT_1566,SQL & Databases,8.5
INT_1566,Data Visualization,6.7
INT_1566,Statistics & Probability,8.5
INT_1566,A/B Testing & Experimentation,8.5
INT_1567,Machine Learning Basics,8.5
INT_1567,Deep Learning,5.7
INT_1567,Data Visualization,8.5
INT_1567,Data Wrangling & Pandas,8.5
INT_1568,Python Fundamentals,8.5
INT_1568,Frontend Basics (React),8.5
INT_1568,APIs & Microservices,8.5
INT_1569,Machine Learning Basics,4.7
INT_1569,Deep Learning,8.5
INT_1569,Data Visualization,8.5
INT_1569,Time Series Analysis,8.5
INT_1570,SQL & Databases,8.5
INT_1570,System Design,5.8
INT_1570,Statistics & Probability,8.5
INT_1570,Data Wrangling & Pandas,5.8
INT_1570,Reinforcement Learning,5.8
INT_1570,Business Intelligence & BI Tools,8.5
INT_1571,SQL & Databases,8.5
INT_1571,Data Visualization,6.6
INT_1571,Docker & Kubernetes,6.6
INT_1571,Statistics & Probability,6.6
INT_1571,Data Wrangling & Pandas,6.6
INT_1571,APIs & Microservices,6.6
INT_1571,Time Series Analysis,8.5
INT_1571,Business Intelligence & BI Tools,8.5
INT_1572,Machine Learning Basics,8.5
INT_1572,Deep Learning,8.5
INT_1572,Data Visualization,8.5
INT_1573,Python Fundamentals,8.5
INT_1573,SQL & Databases,5.6
INT_1573,Cloud Computing (AWS),5.6
INT_1573,Docker & Kubernetes,5.6
INT_1573,Cybersecurity Essentials,5.6
INT_1573,MLOps Pipelines,8.5
INT_1573,Git & Version Control,8.5
INT_1573,APIs & Microservices,5.6
INT_1574,SQL & Databases,8.5
INT_1574,Cloud Computing (AWS),5.6
INT_1574,Cybersecurity Essentials,5.6
INT_1574,MLOps Pipelines,5.6
INT_1574,Git & Version Control,5.6
INT_1574,APIs & Microservices,8.5
INT_1574,Time Series Analysis,5.6
INT_1574,Business Intelligence & BI Tools,8.5
INT_1575,Python Fundamentals,6.4
INT_1575,Deep Learning,6.4
INT_1575,Data Visualization,6.4
INT_1575,System Design,8.5
INT_1575,MLOps Pipelines,6.4
INT_1575,A/B Testing & Experimentation,6.4
INT_1575,Data Wrangling & Pandas,8.5
INT_1575,Git & Version Control,8.5
INT_1576,Python Fundamentals,6.1
INT_1576,SQL & Databases,8.5
INT_1576,Machine Learning Basics,6.1
INT_1576,Cloud Computing (AWS),6.1
INT_1576,Docker & Kubernetes,8.5
INT_1576,Cybersecurity Essentials,8.5
INT_1576,Git & Version Control,6.1
INT_1577,Python Fundamentals,8.5
INT_1577,SQL & Databases,5.7
INT_1577,Cloud Computing (AWS),5.7
INT_1577,Docker & Kubernetes,5.7
INT_1577,System Design,8.5
INT_1577,Data Wrangling & Pandas,5.7
INT_1577,Git & Version Control,8.5
INT_1577,APIs & Microservices,5.7
INT_1578,SQL & Databases,8.5
INT_1578,Data Visualization,8.5
INT_1578,Frontend Basics (React),7.7
INT_1578,Statistics & Probability,7.7
INT_1578,A/B Testing & Experimentation,7.7
INT_1578,Time Series Analysis,8.5
INT_1578,Reinforcement Learning,7.7
INT_1578,Business Intelligence & BI Tools,7.7
INT_1579,Machine Learning Basics,6.6
INT_1579,Docker & Kubernetes,6.6
INT_1579,System Design,8.5
INT_1579,Git & Version Control,8.5
INT_1579,APIs & Microservices,8.5
INT_1579,Time Series Analysis,6.6
INT_1580,Python Fundamentals,8.5
INT_1580,SQL & Databases,8.5
INT_1580,Data Wrangling & Pandas,8.5
INT_1580,Git & Version Control,6.9
INT_1581,Machine Learning Basics,6.7
INT_1581,Cloud Computing (AWS),8.5
INT_1581,Docker & Kubernetes,6.7
INT_1581,Statistics & Probability,8.5
INT_1581,A/B Testing & Experimentation,8.5
INT_1581,Git & Version Control,6.7
INT_1582,SQL & Databases,8.5
INT_1582,Statistics & Probability,8.5
INT_1582,A/B Testing & Experimentation,8.5
INT_1583,Python Fundamentals,5.6
INT_1583,Machine Learning Basics,5.6
INT_1583,Deep Learning,8.5
INT_1583,Docker & Kubernetes,5.6
INT_1583,System Design,5.6
INT_1583,Statistics & Probability,5.6
INT_1583,NLP & Text Analytics,8.5
INT_1583,MLOps Pipelines,8.5
INT_1583,Data Wrangling & Pandas,5.6
INT_1583,Git & Version Control,5.6
INT_1583,Reinforcement Learning,5.6
INT_1584,Machine Learning Basics,8.5
INT_1584,Cloud Computing (AWS),6.2
INT_1584,NLP & Text Analytics,8.5
INT_1584,MLOps Pipelines,6.2
INT_1584,A/B Testing & Experimentation,6.2
INT_1584,Reinforcement Learning,8.5
INT_1585,SQL & Databases,8.5
INT_1585,Data Visualization,7.2
INT_1585,Docker & Kubernetes,7.2
INT_1585,System Design,7.2
INT_1585,Statistics & Probability,8.5
INT_1585,MLOps Pipelines,7.2
INT_1585,Data Wrangling & Pandas,7.2
INT_1585,APIs & Microservices,8.5
INT_1585,Time Series Analysis,7.2
INT_1585,Business Intelligence & BI Tools,7.2
INT_1586,Python Fundamentals,6.2
INT_1586,Machine Learning Basics,8.5
INT_1586,Deep Learning,8.5
INT_1586,Data Visualization,6.2
INT_1586,Frontend Basics (React),6.2
INT_1586,Git & Version Control,6.2
INT_1586,APIs & Microservices,6.2
INT_1586,Reinforcement Learning,8.5
INT_1587,Cloud Computing (AWS),6.5
INT_1587,Docker & Kubernetes,8.5
INT_1587,Cybersecurity Essentials,8.5
INT_1587,System Design,8.5
INT_1588,Machine Learning Basics,8.5
INT_1588,Deep Learning,8.5
INT_1588,Data Visualization,8.5
INT_1589,Python Fundamentals,5.8
INT_1589,SQL & Databases,5.8
INT_1589,Docker & Kubernetes,5.8
INT_1589,System Design,8.5
INT_1589,Git & Version Control,8.5
INT_1589,APIs & Microservices,8.5
INT_1590,SQL & Databases,8.5
INT_1590,MLOps Pipelines,5.6
INT_1590,Git & Version Control,8.5
INT_1590,APIs & Microservices,8.5
INT_1591,Python Fundamentals,8.5
INT_1591,System Design,8.5
INT_1591,MLOps Pipelines,8.5
INT_1592,SQL & Databases,8.5
INT_1592,Machine Learning Basics,6.3
INT_1592,Deep Learning,8.5
INT_1592,Data Visualization,8.5
INT_1592,NLP & Text Analytics,6.3
INT_1592,A/B Testing & Experimentation,6.3
INT_1593,Python Fundamentals,7.3
INT_1593,Data Visualization,7.3
INT_1593,Docker & Kubernetes,7.3
INT_1593,Frontend Basics (React),7.3
INT_1593,Statistics & Probability,8.5
INT_1593,A/B Testing & Experimentation,8.5
INT_1593,Data Wrangling & Pandas,7.3
INT_1593,Git & Version Control,7.3
INT_1593,APIs & Microservices,7.3
INT_1593,Time Series Analysis,7.3
INT_1593,Reinforcement Learning,8.5
INT_1594,Python Fundamentals,6.0
INT_1594,SQL & Databases,8.5
INT_1594,Data Visualization,8.5
INT_1594,Cybersecurity Essentials,6.0
INT_1594,Statistics & Probability,6.0
INT_1594,A/B Testing & Experimentation,8.5
INT_1594,Business Intelligence & BI Tools,6.0
INT_1595,Python Fundamentals,8.5
INT_1595,Frontend Basics (React),8.5
INT_1595,Git & Version Control,6.3
INT_1595,APIs & Microservices,8.5
INT_1596,Python Fundamentals,8.5
INT_1596,SQL & Databases,8.5
INT_1596,Cloud Computing (AWS),8.5
INT_1596,Docker & Kubernetes,5.8
INT_1596,Cybersecurity Essentials,5.8
INT_1596,System Design,5.8
INT_1596,MLOps Pipelines,5.8
INT_1596,Git & Version Control,5.8
INT_1596,APIs & Microservices,5.8
INT_1597,Python Fundamentals,8.5
INT_1597,Data Visualization,7.4
INT_1597,Cloud Computing (AWS),7.4
INT_1597,Docker & Kubernetes,7.4
INT_1597,Cybersecurity Essentials,7.4
INT_1597,System Design,7.4
INT_1597,Statistics & Probability,7.4
INT_1597,NLP & Text Analytics,7.4
INT_1597,Data Wrangling & Pandas,8.5
INT_1597,APIs & Microservices,8.5
INT_1597,Time Series Analysis,7.4
INT_1598,Data Visualization,7.0
INT_1598,Cloud Computing (AWS),7.0
INT_1598,Docker & Kubernetes,7.0
INT_1598,Statistics & Probability,7.0
INT_1598,MLOps Pipelines,8.5
INT_1598,Data Wrangling & Pandas,7.0
INT_1598,Git & Version Control,7.0
INT_1598,APIs & Microservices,8.5
INT_1598,Time Series Analysis,8.5
INT_1598,Business Intelligence & BI Tools,7.0
INT_1599,Python Fundamentals,4.6
INT_1599,SQL & Databases,8.5
INT_1599,System Design,8.5
INT_1599,Git & Version Control,4.6
INT_1599,APIs & Microservices,8.5
INT_1600,Python Fundamentals,8.5
INT_1600,SQL & Databases,8.5
INT_1600,Data Visualization,6.2
INT_1600,Data Wrangling & Pandas,6.2
INT_1600,Business Intelligence & BI Tools,8.5
INT_1601,SQL & Databases,5.5
INT_1601,Deep Learning,5.5
INT_1601,Data Visualization,5.5
INT_1601,Docker & Kubernetes,5.5
INT_1601,System Design,5.5
INT_1601,Frontend Basics (React),8.5
INT_1601,Statistics & Probability,5.5
INT_1601,NLP & Text Analytics,8.5
INT_1601,A/B Testing & Experimentation,8.5
INT_1601,Git & Version Control,5.5
INT_1601,Business Intelligence & BI Tools,5.5
INT_1602,Python Fundamentals,8.5
INT_1602,SQL & Databases,5.1
INT_1602,Docker & Kubernetes,5.1
INT_1602,System Design,5.1
INT_1602,Data Wrangling & Pandas,8.5
INT_1602,Git & Version Control,5.1
INT_1602,APIs & Microservices,8.5
INT_1603,Machine Learning Basics,8.5
INT_1603,Deep Learning,8.5
INT_1603,Data Visualization,4.0
INT_1603,Data Wrangling & Pandas,4.0
INT_1603,Business Intelligence & BI Tools,8.5
INT_1604,SQL & Databases,6.7
INT_1604,Data Visualization,6.7
INT_1604,Cloud Computing (AWS),6.7
INT_1604,Statistics & Probability,8.5
INT_1604,A/B Testing & Experimentation,6.7
INT_1604,Data Wrangling & Pandas,6.7
INT_1604,Time Series Analysis,8.5
INT_1604,Business Intelligence & BI Tools,8.5
INT_1605,Python Fundamentals,8.5
INT_1605,System Design,8.5
INT_1605,Git & Version Control,8.5
INT_1606,Python Fundamentals,6.2
INT_1606,SQL & Databases,6.2
INT_1606,Cloud Computing (AWS),6.2
INT_1606,Docker & Kubernetes,8.5
INT_1606,System Design,6.2
INT_1606,Frontend Basics (React),6.2
INT_1606,Data Wrangling & Pandas,6.2
INT_1606,Git & Version Control,6.2
INT_1606,APIs & Microservices,8.5
INT_1606,Time Series Analysis,8.5
INT_1607,Python Fundamentals,6.2
INT_1607,SQL & Databases,8.5
INT_1607,Cloud Computing (AWS),6.2
INT_1607,Docker & Kubernetes,8.5
INT_1607,System Design,6.2
INT_1607,Statistics & Probability,6.2
INT_1607,Data Wrangling & Pandas,6.2
INT_1607,Git & Version Control,6.2
INT_1607,APIs & Microservices,8.5
INT_1608,Python Fundamentals,5.7
INT_1608,Machine Learning Basics,8.5
INT_1608,Docker & Kubernetes,5.7
INT_1608,System Design,5.7
INT_1608,Statistics & Probability,5.7
INT_1608,NLP & Text Analytics,5.7
INT_1608,MLOps Pipelines,8.5
INT_1608,Git & Version Control,5.7
INT_1608,Reinforcement Learning,8.5
INT_1608,Business Intelligence & BI Tools,5.7
INT_1609,Python Fundamentals,6.0
INT_1609,SQL & Databases,6.0
INT_1609,Machine Learning Basics,6.0
INT_1609,Deep Learning,6.0
INT_1609,Cloud Computing (AWS),6.0
INT_1609,Docker & Kubernetes,8.5
INT_1609,Cybersecurity Essentials,6.0
INT_1609,System Design,8.5
INT_1609,MLOps Pipelines,8.5
INT_1609,Git & Version Control,6.0
INT_1609,APIs & Microservices,6.0
INT_1610,Cloud Computing (AWS),8.5
INT_1610,System Design,8.5
INT_1610,Data Wrangling & Pandas,8.5
INT_1610,Git & Version Control,5.8
INT_1611,Machine Learning Basics,8.5
INT_1611,Deep Learning,5.4
INT_1611,Data Visualization,8.5
INT_1611,Data Wrangling & Pandas,8.5
INT_1612,Cloud Computing (AWS),5.5
INT_1612,Docker & Kubernetes,8.5
INT_1612,System Design,8.5
INT_1612,APIs & Microservices,8.5
INT_1613,Python Fundamentals,7.3
INT_1613,SQL & Databases,8.5
INT_1613,System Design,7.3
INT_1613,Frontend Basics (React),8.5
INT_1613,Data Wrangling & Pandas,8.5
INT_1613,Git & Version Control,7.3
INT_1613,APIs & Microservices,7.3
INT_1613,Reinforcement Learning,7.3
INT_1614,Python Fundamentals,8.5
INT_1614,SQL & Databases,6.9
INT_1614,System Design,8.5
INT_1614,A/B Testing & Experimentation,8.5
INT_1615,Python Fundamentals,7.7
INT_1615,SQL & Databases,7.7
INT_1615,Data Visualization,7.7
INT_1615,Cloud Computing (AWS),8.5
INT_1615,Docker & Kubernetes,7.7
INT_1615,Cybersecurity Essentials,8.5
INT_1615,System Design,8.5
INT_1615,MLOps Pipelines,7.7
INT_1615,Git & Version Control,7.7
INT_1615,APIs & Microservices,7.7
INT_1615,Time Series Analysis,7.7
INT_1616,Python Fundamentals,7.1
INT_1616,Docker & Kubernetes,7.1
INT_1616,System Design,8.5
INT_1616,Frontend Basics (React),7.1
INT_1616,MLOps Pipelines,8.5
INT_1616,Git & Version Control,8.5
INT_1616,APIs & Microservices,7.1
INT_1617,Python Fundamentals,4.2
INT_1617,SQL & Databases,4.2
INT_1617,Cloud Computing (AWS),8.5
INT_1617,Docker & Kubernetes,4.2
INT_1617,System Design,4.2
INT_1617,Data Wrangling & Pandas,8.5
INT_1617,Git & Version Control,4.2
INT_1617,APIs & Microservices,8.5
INT_1618,System Design,8.5
INT_1618,Statistics & Probability,8.5
INT_1618,Time Series Analysis,8.5
INT_1619,Python Fundamentals,6.4
INT_1619,Cloud Computing (AWS),8.5
INT_1619,Docker & Kubernetes,6.4
INT_1619,System Design,8.5
INT_1619,MLOps Pipelines,6.4
INT_1619,Data Wrangling & Pandas,8.5
INT_1619,APIs & Microservices,6.4
INT_1620,Machine Learning Basics,5.7
INT_1620,Deep Learning,8.5
INT_1620,Data Visualization,8.5
INT_1620,NLP & Text Analytics,8.5
INT_1620,A/B Testing & Experimentation,5.7
INT_1621,Python Fundamentals,8.5
INT_1621,Deep Learning,6.1
INT_1621,System Design,8.5
INT_1621,Data Wrangling & Pandas,8.5
INT_1622,Python Fundamentals,5.5
INT_1622,SQL & Databases,8.5
INT_1622,Cloud Computing (AWS),5.5
INT_1622,Docker & Kubernetes,8.5
INT_1622,Git & Version Control,8.5
INT_1623,Python Fundamentals,6.4
INT_1623,SQL & Databases,6.4
INT_1623,Data Visualization,8.5
INT_1623,Cloud Computing (AWS),6.4
INT_1623,Docker & Kubernetes,6.4
INT_1623,System Design,6.4
INT_1623,Frontend Basics (React),8.5
INT_1623,Statistics & Probability,6.4
INT_1623,Data Wrangling & Pandas,6.4
INT_1623,Git & Version Control,8.5
INT_1623,APIs & Microservices,6.4
INT_1624,Python Fundamentals,6.4
INT_1624,SQL & Databases,6.4
INT_1624,Cloud Computing (AWS),6.4
INT_1624,Docker & Kubernetes,6.4
INT_1624,System Design,6.4
INT_1624,Frontend Basics (React),6.4
INT_1624,NLP & Text Analytics,8.5
INT_1624,Data Wrangling & Pandas,8.5
INT_1624,Git & Version Control,6.4
INT_1624,APIs & Microservices,8.5
INT_1625,Machine Learning Basics,5.2
INT_1625,Deep Learning,5.2
INT_1625,Data Visualization,8.5
INT_1625,Docker & Kubernetes,5.2
INT_1625,A/B Testing & Experimentation,8.5
INT_1625,Data Wrangling & Pandas,8.5
INT_1626,Python Fundamentals,8.5
INT_1626,System Design,8.5
INT_1626,MLOps Pipelines,6.9
INT_1626,Git & Version Control,8.5
INT_1627,Python Fundamentals,7.3
INT_1627,SQL & Databases,7.3
INT_1627,Cloud Computing (AWS),7.3
INT_1627,Docker & Kubernetes,7.3
INT_1627,Cybersecurity Essentials,8.5
INT_1627,System Design,7.3
INT_1627,Git & Version Control,8.5
INT_1627,APIs & Microservices,8.5
INT_1628,Python Fundamentals,6.3
INT_1628,SQL & Databases,6.3
INT_1628,Cloud Computing (AWS),8.5
INT_1628,Docker & Kubernetes,6.3
INT_1628,Cybersecurity Essentials,6.3
INT_1628,System Design,6.3
INT_1628,Git & Version Control,8.5
INT_1628,APIs & Microservices,8.5
INT_1629,SQL & Databases,8.5
INT_1629,Cloud Computing (AWS),8.5
INT_1629,Docker & Kubernetes,8.5
INT_1629,System Design,5.8
INT_1630,Python Fundamentals,6.6
INT_1630,SQL & Databases,6.6
INT_1630,Deep Learning,6.6
INT_1630,Cloud Computing (AWS),8.5
INT_1630,Docker & Kubernetes,8.5
INT_1630,System Design,6.6
INT_1630,Data Wrangling & Pandas,8.5
INT_1630,Git & Version Control,6.6
INT_1630,APIs & Microservices,6.6
INT_1631,Python Fundamentals,5.9
INT_1631,SQL & Databases,5.9
INT_1631,Cloud Computing (AWS),8.5
INT_1631,Docker & Kubernetes,5.9
INT_1631,System Design,8.5
INT_1631,Statistics & Probability,5.9
INT_1631,NLP & Text Analytics,5.9
INT_1631,A/B Testing & Experimentation,5.9
INT_1631,Data Wrangling & Pandas,8.5
INT_1631,Git & Version Control,5.9
INT_1631,Reinforcement Learning,5.9
INT_1632,Python Fundamentals,6.1
INT_1632,SQL & Databases,8.5
INT_1632,Docker & Kubernetes,6.1
INT_1632,Cybersecurity Essentials,6.1
INT_1632,System Design,8.5
INT_1632,Git & Version Control,6.1
INT_1632,APIs & Microservices,8.5
INT_1632,Business Intelligence & BI Tools,6.1
INT_1633,Python Fundamentals,5.5
INT_1633,SQL & Databases,5.5
INT_1633,Cloud Computing (AWS),5.5
INT_1633,Docker & Kubernetes,5.5
INT_1633,Cybersecurity Essentials,5.5
INT_1633,System Design,8.5
INT_1633,Git & Version Control,8.5
INT_1633,APIs & Microservices,5.5
INT_1633,Business Intelligence & BI Tools,8.5
INT_1634,Data Visualization,6.2
INT_1634,System Design,8.5
INT_1634,NLP & Text Analytics,6.2
INT_1634,Git & Version Control,8.5
INT_1634,APIs & Microservices,8.5
INT_1635,Python Fundamentals,5.8
INT_1635,SQL & Databases,8.5
INT_1635,Cloud Computing (AWS),5.8
INT_1635,Docker & Kubernetes,5.8
INT_1635,Cybersecurity Essentials,8.5
INT_1635,System Design,8.5
INT_1635,MLOps Pipelines,5.8
INT_1635,Git & Version Control,5.8
INT_1635,APIs & Microservices,5.8
INT_1635,Reinforcement Learning,5.8
INT_1636,Deep Learning,8.5
INT_1636,Statistics & Probability,6.8
INT_1636,NLP & Text Analytics,8.5
INT_1636,MLOps Pipelines,6.8
INT_1636,A/B Testing & Experimentation,8.5
INT_1637,Python Fundamentals,8.5
INT_1637,SQL & Databases,6.5
INT_1637,Cloud Computing (AWS),6.5
INT_1637,Docker & Kubernetes,8.5
INT_1637,Cybersecurity Essentials,8.5
INT_1637,APIs & Microservices,6.5
INT_1638,Data Visualization,5.7
INT_1638,System Design,5.7
INT_1638,Statistics & Probability,8.5
INT_1638,MLOps Pipelines,5.7
INT_1638,APIs & Microservices,5.7
INT_1638,Time Series Analysis,8.5
INT_1638,Business Intelligence & BI Tools,8.5
INT_1639,SQL & Databases,6.9
INT_1639,Machine Learning Basics,6.9
INT_1639,Cloud Computing (AWS),8.5
INT_1639,Docker & Kubernetes,8.5
INT_1639,Cybersecurity Essentials,6.9
INT_1639,System Design,6.9
INT_1639,MLOps Pipelines,6.9
INT_1639,Data Wrangling & Pandas,6.9
INT_1639,Git & Version Control,8.5
INT_1639,APIs & Microservices,6.9
INT_1639,Time Series Analysis,6.9
INT_1640,Python Fundamentals,8.5
INT_1640,Deep Learning,8.5
INT_1640,Data Visualization,8.5
INT_1640,Cybersecurity Essentials,6.1
INT_1640,Frontend Basics (React),6.1
INT_1640,Git & Version Control,6.1
INT_1640,APIs & Microservices,6.1
INT_1640,Time Series Analysis,6.1
INT_1641,Python Fundamentals,8.5
INT_1641,SQL & Databases,6.2
INT_1641,Deep Learning,6.2
INT_1641,Docker & Kubernetes,6.2
INT_1641,System Design,8.5
INT_1641,Statistics & Probability,6.2
INT_1641,A/B Testing & Experimentation,8.5
INT_1641,Git & Version Control,6.2
INT_1641,APIs & Microservices,6.2
INT_1641,Reinforcement Learning,6.2
INT_1642,Python Fundamentals,6.2
INT_1642,SQL & Databases,6.2
INT_1642,Deep Learning,6.2
INT_1642,Cloud Computing (AWS),6.2
INT_1642,System Design,8.5
INT_1642,NLP & Text Analytics,6.2
INT_1642,MLOps Pipelines,6.2
INT_1642,A/B Testing & Experimentation,6.2
INT_1642,Data Wrangling & Pandas,8.5
INT_1642,Git & Version Control,8.5
INT_1642,Reinforcement Learning,6.2
INT_1643,Python Fundamentals,7.0
INT_1643,Cloud Computing (AWS),8.5
INT_1643,Docker & Kubernetes,8.5
INT_1643,System Design,7.0
INT_1643,Git & Version Control,7.0
INT_1643,APIs & Microservices,8.5
INT_1643,Time Series Analysis,7.0
INT_1644,Python Fundamentals,8.5
INT_1644,SQL & Databases,5.8
INT_1644,Cloud Computing (AWS),5.8
INT_1644,Docker & Kubernetes,8.5
INT_1644,Cybersecurity Essentials,5.8
INT_1644,System Design,5.8
INT_1644,NLP & Text Analytics,5.8
INT_1644,MLOps Pipelines,5.8
INT_1644,Git & Version Control,5.8
INT_1644,APIs & Microservices,8.5
INT_1645,Python Fundamentals,5.6
INT_1645,SQL & Databases,5.6
INT_1645,Cloud Computing (AWS),5.6
INT_1645,Docker & Kubernetes,5.6
INT_1645,System Design,8.5
INT_1645,Statistics & Probability,5.6
INT_1645,Data Wrangling & Pandas,8.5
INT_1645,Git & Version Control,8.5
INT_1645,APIs & Microservices,5.6
INT_1645,Business Intelligence & BI Tools,5.6
INT_1646,SQL & Databases,8.5
INT_1646,Cloud Computing (AWS),5.6
INT_1646,Docker & Kubernetes,5.6
INT_1646,Statistics & Probability,5.6
INT_1646,NLP & Text Analytics,8.5
INT_1646,MLOps Pipelines,5.6
INT_1646,A/B Testing & Experimentation,5.6
INT_1646,Data Wrangling & Pandas,5.6
INT_1646,Git & Version Control,5.6
INT_1646,Time Series Analysis,5.6
INT_1646,Reinforcement Learning,8.5
INT_1647,Python Fundamentals,5.6
INT_1647,SQL & Databases,8.5
INT_1647,Data Visualization,5.6
INT_1647,Cloud Computing (AWS),5.6
INT_1647,Docker & Kubernetes,5.6
INT_1647,Statistics & Probability,5.6
INT_1647,MLOps Pipelines,5.6
INT_1647,Data Wrangling & Pandas,5.6
INT_1647,Time Series Analysis,8.5
INT_1647,Reinforcement Learning,5.6
INT_1647,Business Intelligence & BI Tools,8.5
INT_1648,SQL & Databases,8.5
INT_1648,Machine Learning Basics,5.8
INT_1648,Deep Learning,5.8
INT_1648,Data Visualization,5.8
INT_1648,Statistics & Probability,8.5
INT_1648,NLP & Text Analytics,5.8
INT_1648,A/B Testing & Experimentation,5.8
INT_1648,Data Wrangling & Pandas,5.8
INT_1648,Time Series Analysis,5.8
INT_1648,Reinforcement Learning,8.5
INT_1648,Business Intelligence & BI Tools,5.8
INT_1649,Python Fundamentals,6.6
INT_1649,Data Visualization,8.5
INT_1649,Frontend Basics (React),6.6
INT_1649,Data Wrangling & Pandas,8.5
INT_1649,Git & Version Control,6.6
INT_1649,APIs & Microservices,8.5
INT_1650,SQL & Databases,6.1
INT_1650,Machine Learning Basics,6.1
INT_1650,Cloud Computing (AWS),8.5
INT_1650,Docker & Kubernetes,6.1
INT_1650,System Design,6.1
INT_1650,Statistics & Probability,8.5
INT_1650,NLP & Text Analytics,6.1
INT_1650,A/B Testing & Experimentation,8.5
INT_1650,Git & Version Control,6.1
INT_1651,SQL & Databases,8.5
INT_1651,Cloud Computing (AWS),4.6
INT_1651,Cybersecurity Essentials,8.5
INT_1651,MLOps Pipelines,8.5
INT_1652,SQL & Databases,8.5
INT_1652,Machine Learning Basics,5.9
INT_1652,Deep Learning,8.5
INT_1652,Data Visualization,5.9
INT_1652,NLP & Text Analytics,5.9
INT_1652,Business Intelligence & BI Tools,8.5
INT_1653,Python Fundamentals,8.5
INT_1653,Docker & Kubernetes,6.7
INT_1653,System Design,6.7
INT_1653,Data Wrangling & Pandas,8.5
INT_1653,Git & Version Control,8.5
INT_1653,Reinforcement Learning,6.7
INT_1654,SQL & Databases,8.5
INT_1654,Machine Learning Basics,5.9
INT_1654,Deep Learning,5.9
INT_1654,Data Visualization,5.9
INT_1654,Statistics & Probability,5.9
INT_1654,NLP & Text Analytics,5.9
INT_1654,A/B Testing & Experimentation,5.9
INT_1654,Data Wrangling & Pandas,8.5
INT_1654,Time Series Analysis,5.9
INT_1654,Business Intelligence & BI Tools,8.5
INT_1655,Python Fundamentals,8.5
INT_1655,SQL & Databases,8.5
INT_1655,Deep Learning,4.8
INT_1655,Cloud Computing (AWS),4.8
INT_1655,Docker & Kubernetes,4.8
INT_1655,System Design,4.8
INT_1655,Frontend Basics (React),8.5
INT_1655,Data Wrangling & Pandas,4.8
INT_1655,Git & Version Control,4.8
INT_1655,APIs & Microservices,4.8
INT_1656,SQL & Databases,7.7
INT_1656,Data Visualization,7.7
INT_1656,Statistics & Probability,8.5
INT_1656,A/B Testing & Experimentation,8.5
INT_1656,Business Intelligence & BI Tools,8.5
INT_1657,Cybersecurity Essentials,5.9
INT_1657,System Design,8.5
INT_1657,MLOps Pipelines,8.5
INT_1657,Git & Version Control,5.9
INT_1657,APIs & Microservices,8.5
INT_1658,Python Fundamentals,6.5
INT_1658,Machine Learning Basics,6.5
INT_1658,Deep Learning,8.5
INT_1658,Data Visualization,6.5
INT_1658,System Design,6.5
INT_1658,Statistics & Probability,8.5
INT_1658,NLP & Text Analytics,6.5
INT_1658,A/B Testing & Experimentation,6.5
INT_1658,Time Series Analysis,8.5
INT_1659,Python Fundamentals,8.5
INT_1659,SQL & Databases,6.5
INT_1659,Cloud Computing (AWS),6.5
INT_1659,Git & Version Control,8.5
INT_1659,APIs & Microservices,8.5
INT_1660,Python Fundamentals,8.5
INT_1660,Cloud Computing (AWS),7.0
INT_1660,Docker & Kubernetes,7.0
INT_1660,System Design,8.5
INT_1660,Git & Version Control,8.5
INT_1660,APIs & Microservices,7.0
INT_1661,Python Fundamentals,8.5
INT_1661,SQL & Databases,7.1
INT_1661,Cloud Computing (AWS),8.5
INT_1661,Docker & Kubernetes,7.1
INT_1661,Cybersecurity Essentials,7.1
INT_1661,System Design,7.1
INT_1661,A/B Testing & Experimentation,7.1
INT_1661,Data Wrangling & Pandas,7.1
INT_1661,Git & Version Control,7.1
INT_1661,APIs & Microservices,7.1
INT_1661,Business Intelligence & BI Tools,8.5
INT_1662,SQL & Databases,8.5
INT_1662,Machine Learning Basics,7.7
INT_1662,Cloud Computing (AWS),8.5
INT_1662,Docker & Kubernetes,7.7
INT_1662,System Design,8.5
INT_1662,Statistics & Probability,7.7
INT_1662,NLP & Text Analytics,7.7
INT_1662,MLOps Pipelines,7.7
INT_1662,Git & Version Control,7.7
INT_1662,Reinforcement Learning,7.7
INT_1663,Python Fundamentals,8.5
INT_1663,SQL & Databases,8.5
INT_1663,Cybersecurity Essentials,6.7
INT_1663,System Design,8.5
INT_1663,MLOps Pipelines,6.7
INT_1663,Git & Version Control,6.7
INT_1664,Cloud Computing (AWS),8.5
INT_1664,Docker & Kubernetes,8.5
INT_1664,Cybersecurity Essentials,8.5
INT_1664,Frontend Basics (React),4.5
INT_1664,APIs & Microservices,4.5
INT_1665,Python Fundamentals,6.7
INT_1665,SQL & Databases,8.5
INT_1665,Docker & Kubernetes,8.5
INT_1665,Statistics & Probability,6.7
INT_1665,MLOps Pipelines,6.7
INT_1665,A/B Testing & Experimentation,8.5
INT_1665,Reinforcement Learning,6.7
INT_1666,Python Fundamentals,8.5
INT_1666,Cybersecurity Essentials,7.6
INT_1666,A/B Testing & Experimentation,7.6
INT_1666,Git & Version Control,8.5
INT_1666,APIs & Microservices,8.5
INT_1667,Python Fundamentals,6.7
INT_1667,SQL & Databases,6.7
INT_1667,Machine Learning Basics,6.7
INT_1667,Data Visualization,8.5
INT_1667,Cloud Computing (AWS),6.7
INT_1667,System Design,6.7
INT_1667,Frontend Basics (React),6.7
INT_1667,Git & Version Control,8.5
INT_1667,APIs & Microservices,6.7
INT_1667,Time Series Analysis,8.5
INT_1668,Python Fundamentals,5.6
INT_1668,SQL & Databases,5.6
INT_1668,Cloud Computing (AWS),8.5
INT_1668,Docker & Kubernetes,8.5
INT_1668,Cybersecurity Essentials,5.6
INT_1668,System Design,5.6
INT_1668,MLOps Pipelines,8.5
INT_1668,Git & Version Control,5.6
INT_1668,APIs & Microservices,5.6
INT_1669,Python Fundamentals,8.5
INT_1669,SQL & Databases,8.5
INT_1669,Data Wrangling & Pandas,8.5
INT_1670,SQL & Databases,8.5
INT_1670,Cloud Computing (AWS),8.5
INT_1670,Docker & Kubernetes,6.9
INT_1670,Cybersecurity Essentials,8.5
INT_1671,Python Fundamentals,5.0
INT_1671,SQL & Databases,5.0
INT_1671,System Design,8.5
INT_1671,Git & Version Control,8.5
INT_1671,APIs & Microservices,8.5
INT_1672,SQL & Databases,7.1
INT_1672,Machine Learning Basics,8.5
INT_1672,Deep Learning,7.1
INT_1672,Data Visualization,7.1
INT_1672,Statistics & Probability,8.5
INT_1672,NLP & Text Analytics,7.1
INT_1672,A/B Testing & Experimentation,7.1
INT_1672,Time Series Analysis,8.5
INT_1672,Business Intelligence & BI Tools,7.1
INT_1673,Python Fundamentals,5.6
INT_1673,Data Visualization,8.5
INT_1673,Cybersecurity Essentials,8.5
INT_1673,Frontend Basics (React),5.6
INT_1673,Git & Version Control,8.5
INT_1673,APIs & Microservices,5.6
INT_1674,Python Fundamentals,7.8
INT_1674,SQL & Databases,8.5
INT_1674,Cloud Computing (AWS),7.8
INT_1674,Docker & Kubernetes,7.8
INT_1674,Cybersecurity Essentials,7.8
INT_1674,System Design,7.8
INT_1674,MLOps Pipelines,8.5
INT_1674,Git & Version Control,8.5
INT_1674,APIs & Microservices,7.8
INT_1675,Cloud Computing (AWS),8.5
INT_1675,Docker & Kubernetes,8.5
INT_1675,Cybersecurity Essentials,8.5
INT_1675,Git & Version Control,7.1
INT_1676,Machine Learning Basics,8.5
INT_1676,Deep Learning,8.5
INT_1676,Data Visualization,6.4
INT_1676,Data Wrangling & Pandas,8.5
INT_1677,Machine Learning Basics,5.8
INT_1677,Deep Learning,5.8
INT_1677,Data Visualization,8.5
INT_1677,Statistics & Probability,8.5
INT_1677,NLP & Text Analytics,5.8
INT_1677,A/B Testing & Experimentation,5.8
INT_1677,Data Wrangling & Pandas,8.5
INT_1677,Time Series Analysis,5.8
INT_1678,Cloud Computing (AWS),8.5
INT_1678,Statistics & Probability,8.5
INT_1678,A/B Testing & Experimentation,8.5
INT_1679,Python Fundamentals,8.5
INT_1679,Cloud Computing (AWS),8.5
INT_1679,Docker & Kubernetes,8.5
INT_1680,Python Fundamentals,8.5
INT_1680,Machine Learning Basics,5.2
INT_1680,Deep Learning,5.2
INT_1680,Data Visualization,8.5
INT_1680,Frontend Basics (React),5.2
INT_1680,Git & Version Control,5.2
INT_1680,APIs & Microservices,8.5
INT_1680,Reinforcement Learning,5.2
INT_1681,Python Fundamentals,7.0
INT_1681,SQL & Databases,8.5
INT_1681,Machine Learning Basics,8.5
INT_1681,Data Visualization,7.0
INT_1681,Docker & Kubernetes,7.0
INT_1681,Statistics & Probability,7.0
INT_1681,NLP & Text Analytics,7.0
INT_1681,A/B Testing & Experimentation,7.0
INT_1681,Time Series Analysis,7.0
INT_1681,Reinforcement Learning,8.5
INT_1681,Business Intelligence & BI Tools,7.0
INT_1682,Python Fundamentals,6.9
INT_1682,SQL & Databases,6.9
INT_1682,Data Visualization,6.9
INT_1682,Cloud Computing (AWS),8.5
INT_1682,Docker & Kubernetes,6.9
INT_1682,Cybersecurity Essentials,6.9
INT_1682,System Design,8.5
INT_1682,Git & Version Control,8.5
INT_1682,APIs & Microservices,6.9
INT_1683,Python Fundamentals,6.8
INT_1683,SQL & Databases,8.5
INT_1683,Data Visualization,6.8
INT_1683,Docker & Kubernetes,6.8
INT_1683,Cybersecurity Essentials,6.8
INT_1683,Frontend Basics (React),8.5
INT_1683,Git & Version Control,6.8
INT_1683,APIs & Microservices,6.8
INT_1683,Reinforcement Learning,6.8
INT_1683,Business Intelligence & BI Tools,8.5
INT_1684,Python Fundamentals,8.5
INT_1684,SQL & Databases,8.5
INT_1684,Machine Learning Basics,4.8
INT_1684,Data Visualization,4.8
INT_1684,Docker & Kubernetes,4.8
INT_1684,System Design,8.5
INT_1684,Statistics & Probability,4.8
INT_1684,A/B Testing & Experimentation,4.8
INT_1684,Data Wrangling & Pandas,4.8
INT_1684,Reinforcement Learning,4.8
INT_1684,Business Intelligence & BI Tools,4.8
INT_1685,Python Fundamentals,7.0
INT_1685,SQL & Databases,8.5
INT_1685,Deep Learning,7.0
INT_1685,Data Visualization,7.0
INT_1685,Cloud Computing (AWS),7.0
INT_1685,Docker & Kubernetes,8.5
INT_1685,Frontend Basics (React),7.0
INT_1685,Statistics & Probability,7.0
INT_1685,Git & Version Control,7.0
INT_1685,APIs & Microservices,7.0
INT_1685,Business Intelligence & BI Tools,8.5
INT_1686,Python Fundamentals,5.9
INT_1686,SQL & Databases,8.5
INT_1686,Cloud Computing (AWS),5.9
INT_1686,Docker & Kubernetes,5.9
INT_1686,Cybersecurity Essentials,5.9
INT_1686,System Design,8.5
INT_1686,Statistics & Probability,5.9
INT_1686,MLOps Pipelines,5.9
INT_1686,Git & Version Control,5.9
INT_1686,APIs & Microservices,8.5
INT_1686,Business Intelligence & BI Tools,5.9
INT_1687,Python Fundamentals,8.5
INT_1687,NLP & Text Analytics,4.7
INT_1687,MLOps Pipelines,4.7
INT_1687,A/B Testing & Experimentation,4.7
INT_1687,Data Wrangling & Pandas,8.5
INT_1687,Git & Version Control,8.5
INT_1688,SQL & Databases,6.8
INT_1688,Cloud Computing (AWS),8.5
INT_1688,Docker & Kubernetes,8.5
INT_1688,Cybersecurity Essentials,8.5
INT_1688,Git & Version Control,6.8
INT_1688,Time Series Analysis,6.8
INT_1689,Python Fundamentals,7.4
INT_1689,Data Visualization,7.4
INT_1689,System Design,8.5
INT_1689,Frontend Basics (React),7.4
INT_1689,Data Wrangling & Pandas,8.5
INT_1689,Git & Version Control,7.4
INT_1689,APIs & Microservices,8.5
INT_1689,Reinforcement Learning,7.4
INT_1690,Python Fundamentals,8.5
INT_1690,SQL & Databases,8.5
INT_1690,Cloud Computing (AWS),8.5
INT_1690,Docker & Kubernetes,6.2
INT_1690,System Design,6.2
INT_1690,MLOps Pipelines,6.2
INT_1690,APIs & Microservices,6.2
INT_1690,Time Series Analysis,6.2
INT_1690,Business Intelligence & BI Tools,6.2
INT_1691,SQL & Databases,8.5
INT_1691,Machine Learning Basics,5.6
INT_1691,Data Visualization,5.6
INT_1691,MLOps Pipelines,5.6
INT_1691,A/B Testing & Experimentation,8.5
INT_1691,Reinforcement Learning,5.6
INT_1691,Business Intelligence & BI Tools,8.5
INT_1692,Python Fundamentals,8.5
INT_1692,Data Visualization,8.5
INT_1692,Docker & Kubernetes,6.6
INT_1692,Frontend Basics (React),6.6
INT_1692,Git & Version Control,8.5
INT_1692,APIs & Microservices,6.6
INT_1693,Python Fundamentals,5.8
INT_1693,SQL & Databases,5.8
INT_1693,Data Visualization,8.5
INT_1693,Docker & Kubernetes,5.8
INT_1693,Statistics & Probability,8.5
INT_1693,MLOps Pipelines,5.8
INT_1693,Data Wrangling & Pandas,5.8
INT_1693,Git & Version Control,5.8
INT_1693,APIs & Microservices,5.8
INT_1693,Time Series Analysis,5.8
INT_1693,Business Intelligence & BI Tools,8.5
INT_1694,SQL & Databases,5.9
INT_1694,Machine Learning Basics,5.9
INT_1694,Deep Learning,5.9
INT_1694,Data Visualization,5.9
INT_1694,Cybersecurity Essentials,5.9
INT_1694,Statistics & Probability,8.5
INT_1694,NLP & Text Analytics,8.5
INT_1694,A/B Testing & Experimentation,5.9
INT_1694,Data Wrangling & Pandas,8.5
INT_1694,Business Intelligence & BI Tools,5.9
INT_1695,Python Fundamentals,6.0
INT_1695,SQL & Databases,8.5
INT_1695,Data Visualization,6.0
INT_1695,Cloud Computing (AWS),6.0
INT_1695,Docker & Kubernetes,6.0
INT_1695,System Design,6.0
INT_1695,MLOps Pipelines,6.0
INT_1695,Data Wrangling & Pandas,6.0
INT_1695,Git & Version Control,6.0
INT_1695,APIs & Microservices,8.5
INT_1695,Business Intelligence & BI Tools,8.5
INT_1696,SQL & Databases,8.5
INT_1696,Statistics & Probability,8.5
INT_1696,MLOps Pipelines,5.1
INT_1696,Data Wrangling & Pandas,5.1
INT_1696,Time Series Analysis,8.5
INT_1696,Business Intelligence & BI Tools,5.1
INT_1697,Python Fundamentals,8.5
INT_1697,SQL & Databases,8.5
INT_1697,Frontend Basics (React),8.5
INT_1698,Machine Learning Basics,8.5
INT_1698,Deep Learning,4.3
INT_1698,Data Visualization,4.3
INT_1698,Statistics & Probability,4.3
INT_1698,NLP & Text Analytics,4.3
INT_1698,MLOps Pipelines,4.3
INT_1698,A/B Testing & Experimentation,8.5
INT_1698,Git & Version Control,4.3
INT_1698,Time Series Analysis,4.3
INT_1698,Reinforcement Learning,8.5
INT_1699,Cloud Computing (AWS),8.5
INT_1699,Docker & Kubernetes,8.5
INT_1699,Cybersecurity Essentials,8.5
INT_1700,Machine Learning Basics,8.5
INT_1700,Deep Learning,6.2
INT_1700,Data Visualization,6.2
INT_1700,Statistics & Probability,8.5
INT_1700,NLP & Text Analytics,6.2
INT_1700,Time Series Analysis,8.5
INT_1701,Python Fundamentals,8.5
INT_1701,System Design,8.5
INT_1701,Data Wrangling & Pandas,8.5
INT_1702,Python Fundamentals,6.9
INT_1702,Docker & Kubernetes,6.9
INT_1702,System Design,8.5
INT_1702,Frontend Basics (React),8.5
INT_1702,A/B Testing & Experimentation,6.9
INT_1702,Git & Version Control,8.5
INT_1702,APIs & Microservices,6.9
INT_1703,Data Visualization,6.3
INT_1703,Statistics & Probability,8.5
INT_1703,A/B Testing & Experimentation,8.5
INT_1703,Business Intelligence & BI Tools,8.5
INT_1704,Python Fundamentals,8.5
INT_1704,SQL & Databases,7.4
INT_1704,Machine Learning Basics,7.4
INT_1704,Deep Learning,7.4
INT_1704,Cloud Computing (AWS),7.4
INT_1704,Docker & Kubernetes,8.5
INT_1704,System Design,8.5
INT_1704,MLOps Pipelines,7.4
INT_1704,Git & Version Control,7.4
INT_1704,APIs & Microservices,7.4
INT_1705,Python Fundamentals,6.0
INT_1705,SQL & Databases,8.5
INT_1705,Cloud Computing (AWS),8.5
INT_1705,Docker & Kubernetes,6.0
INT_1705,Data Wrangling & Pandas,8.5
INT_1705,APIs & Microservices,6.0
INT_1706,Python Fundamentals,5.9
INT_1706,Data Visualization,5.9
INT_1706,Cloud Computing (AWS),8.5
INT_1706,Docker & Kubernetes,5.9
INT_1706,Cybersecurity Essentials,5.9
INT_1706,System Design,5.9
INT_1706,Frontend Basics (React),8.5
INT_1706,MLOps Pipelines,8.5
INT_1706,Git & Version Control,5.9
INT_1706,APIs & Microservices,5.9
INT_1706,Reinforcement Learning,5.9
INT_1707,Python Fundamentals,8.5
INT_1707,SQL & Databases,6.3
INT_1707,Cloud Computing (AWS),8.5
INT_1707,Docker & Kubernetes,8.5
INT_1707,Cybersecurity Essentials,6.3
INT_1707,System Design,6.3
INT_1707,MLOps Pipelines,6.3
INT_1707,APIs & Microservices,6.3
INT_1708,Python Fundamentals,7.3
INT_1708,SQL & Databases,8.5
INT_1708,Deep Learning,7.3
INT_1708,Cybersecurity Essentials,7.3
INT_1708,MLOps Pipelines,8.5
INT_1708,APIs & Microservices,8.5
INT_1708,Reinforcement Learning,7.3
INT_1709,Cloud Computing (AWS),8.5
INT_1709,Data Wrangling & Pandas,5.6
INT_1709,Git & Version Control,8.5
INT_1709,APIs & Microservices,8.5
INT_1710,SQL & Databases,5.8
INT_1710,Deep Learning,5.8
INT_1710,Data Visualization,5.8
INT_1710,Cloud Computing (AWS),8.5
INT_1710,Docker & Kubernetes,8.5
INT_1710,Cybersecurity Essentials,5.8
INT_1710,Statistics & Probability,5.8
INT_1710,A/B Testing & Experimentation,8.5
INT_1710,Business Intelligence & BI Tools,5.8
INT_1711,Python Fundamentals,6.5
INT_1711,SQL & Databases,8.5
INT_1711,Cloud Computing (AWS),8.5
INT_1711,Cybersecurity Essentials,8.5
INT_1712,Data Visualization,8.5
INT_1712,Git & Version Control,8.5
INT_1712,APIs & Microservices,8.5
INT_1712,Time Series Analysis,5.5
INT_1713,Python Fundamentals,8.5
INT_1713,SQL & Databases,5.7
INT_1713,Cloud Computing (AWS),8.5
INT_1713,Docker & Kubernetes,5.7
INT_1713,Cybersecurity Essentials,5.7
INT_1713,System Design,5.7
INT_1713,MLOps Pipelines,5.7
INT_1713,Git & Version Control,5.7
INT_1713,APIs & Microservices,5.7
INT_1713,Business Intelligence & BI Tools,8.5
INT_1714,Python Fundamentals,5.8
INT_1714,Data Visualization,5.8
INT_1714,System Design,8.5
INT_1714,Statistics & Probability,5.8
INT_1714,Data Wrangling & Pandas,8.5
INT_1714,Git & Version Control,5.8
INT_1714,APIs & Microservices,8.5
INT_1714,Time Series Analysis,5.8
INT_1714,Business Intelligence & BI Tools,5.8
INT_1715,Python Fundamentals,8.5
INT_1715,SQL & Databases,8.5
INT_1715,System Design,5.4
INT_1715,APIs & Microservices,8.5
INT_1716,Python Fundamentals,5.8
INT_1716,SQL & Databases,8.5
INT_1716,Docker & Kubernetes,5.8
INT_1716,System Design,8.5
INT_1716,Data Wrangling & Pandas,5.8
INT_1716,Git & Version Control,8.5
INT_1716,APIs & Microservices,5.8
INT_1716,Time Series Analysis,5.8
INT_1717,Python Fundamentals,6.5
INT_1717,SQL & Databases,6.5
INT_1717,Cloud Computing (AWS),8.5
INT_1717,Docker & Kubernetes,8.5
INT_1717,Cybersecurity Essentials,8.5
INT_1717,System Design,6.5
INT_1717,Statistics & Probability,6.5
INT_1717,NLP & Text Analytics,6.5
INT_1717,MLOps Pipelines,6.5
INT_1717,APIs & Microservices,6.5
INT_1717,Reinforcement Learning,6.5
INT_1718,Python Fundamentals,5.0
INT_1718,Data Visualization,5.0
INT_1718,Cybersecurity Essentials,5.0
INT_1718,Frontend Basics (React),8.5
INT_1718,Statistics & Probability,8.5
INT_1718,A/B Testing & Experimentation,8.5
INT_1718,Data Wrangling & Pandas,5.0
INT_1718,Git & Version Control,5.0
INT_1718,APIs & Microservices,5.0
INT_1718,Reinforcement Learning,5.0
INT_1719,Python Fundamentals,8.5
INT_1719,SQL & Databases,6.5
INT_1719,Cloud Computing (AWS),8.5
INT_1719,Docker & Kubernetes,6.5
INT_1719,MLOps Pipelines,8.5
INT_1719,APIs & Microservices,6.5
INT_1720,Python Fundamentals,5.7
INT_1720,Machine Learning Basics,5.7
INT_1720,Data Visualization,5.7
INT_1720,Cybersecurity Essentials,5.7
INT_1720,Frontend Basics (React),5.7
INT_1720,Statistics & Probability,8.5
INT_1720,A/B Testing & Experimentation,8.5
INT_1720,Git & Version Control,5.7
INT_1720,APIs & Microservices,5.7
INT_1720,Time Series Analysis,8.5
INT_1721,Python Fundamentals,6.3
INT_1721,SQL & Databases,8.5
INT_1721,Machine Learning Basics,6.3
INT_1721,Data Visualization,6.3
INT_1721,Cloud Computing (AWS),8.5
INT_1721,Docker & Kubernetes,8.5
INT_1721,System Design,6.3
INT_1721,Data Wrangling & Pandas,6.3
INT_1721,Git & Version Control,6.3
INT_1721,APIs & Microservices,6.3
INT_1722,Python Fundamentals,5.5
INT_1722,SQL & Databases,5.5
INT_1722,Deep Learning,5.5
INT_1722,Cloud Computing (AWS),8.5
INT_1722,Docker & Kubernetes,8.5
INT_1722,System Design,5.5
INT_1722,Frontend Basics (React),5.5
INT_1722,A/B Testing & Experimentation,8.5
INT_1722,Data Wrangling & Pandas,5.5
INT_1722,Git & Version Control,5.5
INT_1722,APIs & Microservices,5.5
INT_1723,Python Fundamentals,8.5
INT_1723,Cloud Computing (AWS),8.5
INT_1723,Cybersecurity Essentials,7.1
INT_1723,Git & Version Control,8.5
INT_1724,Machine Learning Basics,8.5
INT_1724,Deep Learning,8.5
INT_1724,Data Visualization,6.5
INT_1724,A/B Testing & Experimentation,8.5
INT_1725,SQL & Databases,6.4
INT_1725,Machine Learning Basics,8.5
INT_1725,Deep Learning,6.4
INT_1725,Data Visualization,8.5
INT_1725,NLP & Text Analytics,6.4
INT_1725,Time Series Analysis,8.5
INT_1726,Deep Learning,5.4
INT_1726,Statistics & Probability,8.5
INT_1726,A/B Testing & Experimentation,8.5
INT_1726,Git & Version Control,8.5
INT_1727,Python Fundamentals,7.4
INT_1727,Data Visualization,7.4
INT_1727,Cloud Computing (AWS),8.5
INT_1727,Docker & Kubernetes,7.4
INT_1727,System Design,7.4
INT_1727,Data Wrangling & Pandas,8.5
INT_1727,Git & Version Control,8.5
INT_1727,APIs & Microservices,7.4
INT_1728,Cloud Computing (AWS),4.8
INT_1728,System Design,4.8
INT_1728,NLP & Text Analytics,8.5
INT_1728,MLOps Pipelines,8.5
INT_1728,Git & Version Control,4.8
INT_1728,Reinforcement Learning,8.5
INT_1729,SQL & Databases,6.6
INT_1729,Machine Learning Basics,6.6
INT_1729,Data Visualization,6.6
INT_1729,Docker & Kubernetes,6.6
INT_1729,Statistics & Probability,6.6
INT_1729,NLP & Text Analytics,8.5
INT_1729,A/B Testing & Experimentation,8.5
INT_1729,Data Wrangling & Pandas,6.6
INT_1729,Reinforcement Learning,8.5
INT_1730,Machine Learning Basics,8.5
INT_1730,Deep Learning,8.5
INT_1730,Data Visualization,8.5
INT_1731,SQL & Databases,8.5
INT_1731,A/B Testing & Experimentation,8.5
INT_1731,Business Intelligence & BI Tools,8.5
INT_1732,SQL & Databases,7.6
INT_1732,Data Visualization,8.5
INT_1732,Docker & Kubernetes,7.6
INT_1732,System Design,8.5
INT_1732,Statistics & Probability,7.6
INT_1732,NLP & Text Analytics,7.6
INT_1732,A/B Testing & Experimentation,8.5
INT_1732,Data Wrangling & Pandas,7.6
INT_1732,Business Intelligence & BI Tools,7.6
INT_1733,Python Fundamentals,7.7
INT_1733,SQL & Databases,7.7
INT_1733,Cloud Computing (AWS),7.7
INT_1733,Docker & Kubernetes,7.7
INT_1733,System Design,8.5
INT_1733,Statistics & Probability,7.7
INT_1733,MLOps Pipelines,7.7
INT_1733,A/B Testing & Experimentation,7.7
INT_1733,Data Wrangling & Pandas,8.5
INT_1733,Git & Version Control,8.5
INT_1733,APIs & Microservices,7.7
INT_1734,Python Fundamentals,6.1
INT_1734,SQL & Databases,6.1
INT_1734,Data Visualization,8.5
INT_1734,Cloud Computing (AWS),6.1
INT_1734,Docker & Kubernetes,8.5
INT_1734,Cybersecurity Essentials,6.1
INT_1734,System Design,6.1
INT_1734,Statistics & Probability,6.1
INT_1734,Data Wrangling & Pandas,8.5
INT_1734,Git & Version Control,6.1
INT_1734,APIs & Microservices,6.1
INT_1735,Python Fundamentals,8.5
INT_1735,SQL & Databases,4.7
INT_1735,Cloud Computing (AWS),4.7
INT_1735,Docker & Kubernetes,4.7
INT_1735,Cybersecurity Essentials,4.7
INT_1735,System Design,4.7
INT_1735,Data Wrangling & Pandas,8.5
INT_1735,Git & Version Control,8.5
INT_1735,APIs & Microservices,4.7
INT_1736,Machine Learning Basics,8.5
INT_1736,Deep Learning,8.5
INT_1736,Data Visualization,8.5
INT_1737,SQL & Databases,4.8
INT_1737,Cloud Computing (AWS),4.8
INT_1737,Docker & Kubernetes,4.8
INT_1737,System Design,8.5
INT_1737,Data Wrangling & Pandas,8.5
INT_1737,APIs & Microservices,8.5
INT_1738,SQL & Databases,8.5
INT_1738,Data Visualization,8.5
INT_1738,Statistics & Probability,8.5
INT_1738,Business Intelligence & BI Tools,7.2
INT_1739,Python Fundamentals,7.0
INT_1739,Cloud Computing (AWS),8.5
INT_1739,Docker & Kubernetes,8.5
INT_1739,Cybersecurity Essentials,8.5
INT_1739,System Design,7.0
INT_1739,APIs & Microservices,7.0
INT_1740,Python Fundamentals,6.2
INT_1740,SQL & Databases,6.2
INT_1740,Data Visualization,8.5
INT_1740,Cloud Computing (AWS),8.5
INT_1740,Docker & Kubernetes,6.2
INT_1740,System Design,6.2
INT_1740,NLP & Text Analytics,6.2
INT_1740,Data Wrangling & Pandas,6.2
INT_1740,Git & Version Control,8.5
INT_1740,APIs & Microservices,6.2
INT_1740,Reinforcement Learning,6.2
INT_1741,Cloud Computing (AWS),6.0
INT_1741,Docker & Kubernetes,8.5
INT_1741,System Design,6.0
INT_1741,Frontend Basics (React),6.0
INT_1741,Data Wrangling & Pandas,8.5
INT_1741,Git & Version Control,6.0
INT_1741,APIs & Microservices,8.5
INT_1742,Python Fundamentals,8.5
INT_1742,SQL & Databases,6.7
INT_1742,Deep Learning,6.7
INT_1742,Data Visualization,6.7
INT_1742,Cloud Computing (AWS),8.5
INT_1742,Docker & Kubernetes,6.7
INT_1742,System Design,6.7
INT_1742,Data Wrangling & Pandas,6.7
INT_1742,Git & Version Control,6.7
INT_1742,APIs & Microservices,6.7
INT_1742,Business Intelligence & BI Tools,8.5
INT_1743,SQL & Databases,8.5
INT_1743,Docker & Kubernetes,6.2
INT_1743,System Design,8.5
INT_1743,Data Wrangling & Pandas,8.5
INT_1743,APIs & Microservices,6.2
INT_1744,SQL & Databases,6.3
INT_1744,Machine Learning Basics,6.3
INT_1744,Data Visualization,8.5
INT_1744,Cloud Computing (AWS),6.3
INT_1744,Frontend Basics (React),8.5
INT_1744,Statistics & Probability,6.3
INT_1744,A/B Testing & Experimentation,6.3
INT_1744,Data Wrangling & Pandas,6.3
INT_1744,APIs & Microservices,8.5
INT_1744,Business Intelligence & BI Tools,6.3
INT_1745,Machine Learning Basics,8.5
INT_1745,Deep Learning,5.8
INT_1745,Data Visualization,8.5
INT_1745,NLP & Text Analytics,8.5
INT_1745,Data Wrangling & Pandas,5.8
INT_1746,SQL & Databases,8.5
INT_1746,Machine Learning Basics,8.5
INT_1746,Deep Learning,5.5
INT_1746,Data Visualization,5.5
INT_1746,Statistics & Probability,5.5
INT_1746,NLP & Text Analytics,5.5
INT_1746,MLOps Pipelines,8.5
INT_1746,A/B Testing & Experimentation,5.5
INT_1746,Data Wrangling & Pandas,5.5
INT_1746,Time Series Analysis,5.5
INT_1746,Business Intelligence & BI Tools,5.5
INT_1747,Python Fundamentals,8.5
INT_1747,System Design,6.4
INT_1747,Data Wrangling & Pandas,8.5
INT_1747,APIs & Microservices,8.5
INT_1748,Python Fundamentals,8.5
INT_1748,Data Visualization,8.5
INT_1748,Cybersecurity Essentials,5.8
INT_1748,Frontend Basics (React),5.8
INT_1748,Data Wrangling & Pandas,8.5
INT_1748,Git & Version Control,5.8
INT_1748,APIs & Microservices,5.8
INT_1749,SQL & Databases,8.5
INT_1749,Docker & Kubernetes,8.5
INT_1749,Cybersecurity Essentials,8.5
INT_1749,APIs & Microservices,5.9
INT_1750,Cloud Computing (AWS),8.5
INT_1750,Docker & Kubernetes,8.5
INT_1750,System Design,5.9
INT_1750,Statistics & Probability,5.9
INT_1750,MLOps Pipelines,8.5
INT_1750,Git & Version Control,5.9
INT_1751,Python Fundamentals,8.5
INT_1751,Git & Version Control,8.5
INT_1751,APIs & Microservices,8.5
INT_1752,SQL & Databases,5.9
INT_1752,Machine Learning Basics,5.9
INT_1752,Deep Learning,5.9
INT_1752,Data Visualization,5.9
INT_1752,Statistics & Probability,8.5
INT_1752,NLP & Text Analytics,8.5
INT_1752,A/B Testing & Experimentation,8.5
INT_1753,Python Fundamentals,5.3
INT_1753,SQL & Databases,8.5
INT_1753,Deep Learning,5.3
INT_1753,Cloud Computing (AWS),8.5
INT_1753,Docker & Kubernetes,5.3
INT_1753,Frontend Basics (React),5.3
INT_1753,Statistics & Probability,5.3
INT_1753,MLOps Pipelines,5.3
INT_1753,Git & Version Control,8.5
INT_1753,Time Series Analysis,5.3
INT_1754,Machine Learning Basics,8.5
INT_1754,Deep Learning,8.5
INT_1754,Data Visualization,6.8
INT_1754,Statistics & Probability,6.8
INT_1754,A/B Testing & Experimentation,6.8
INT_1754,Data Wrangling & Pandas,8.5
INT_1755,SQL & Databases,5.0
INT_1755,Machine Learning Basics,5.0
INT_1755,Deep Learning,5.0
INT_1755,Data Visualization,8.5
INT_1755,Cloud Computing (AWS),5.0
INT_1755,Docker & Kubernetes,5.0
INT_1755,Statistics & Probability,8.5
INT_1755,A/B Testing & Experimentation,5.0
INT_1755,Business Intelligence & BI Tools,8.5
INT_1756,Python Fundamentals,8.5
INT_1756,SQL & Databases,5.8
INT_1756,Deep Learning,5.8
INT_1756,Cloud Computing (AWS),5.8
INT_1756,Docker & Kubernetes,8.5
INT_1756,Cybersecurity Essentials,5.8
INT_1756,System Design,5.8
INT_1756,MLOps Pipelines,5.8
INT_1756,Git & Version Control,5.8
INT_1756,APIs & Microservices,5.8
INT_1756,Reinforcement Learning,8.5
INT_1757,SQL & Databases,8.5
INT_1757,Cloud Computing (AWS),5.8
INT_1757,System Design,8.5
INT_1757,Data Wrangling & Pandas,8.5
INT_1757,Git & Version Control,5.8
INT_1758,SQL & Databases,5.7
INT_1758,Cloud Computing (AWS),5.7
INT_1758,Docker & Kubernetes,8.5
INT_1758,Cybersecurity Essentials,5.7
INT_1758,System Design,5.7
INT_1758,Statistics & Probability,8.5
INT_1758,NLP & Text Analytics,5.7
INT_1758,MLOps Pipelines,8.5
INT_1758,Data Wrangling & Pandas,5.7
INT_1758,Time Series Analysis,5.7
INT_1759,Python Fundamentals,8.5
INT_1759,System Design,8.5
INT_1759,Frontend Basics (React),5.6
INT_1759,Data Wrangling & Pandas,5.6
INT_1759,Git & Version Control,5.6
INT_1759,APIs & Microservices,8.5
INT_1759,Time Series Analysis,5.6
INT_1760,Python Fundamentals,5.7
INT_1760,SQL & Databases,5.7
INT_1760,Cloud Computing (AWS),5.7
INT_1760,Docker & Kubernetes,5.7
INT_1760,System Design,8.5
INT_1760,Data Wrangling & Pandas,5.7
INT_1760,Git & Version Control,8.5
INT_1760,APIs & Microservices,8.5
INT_1760,Time Series Analysis,5.7
INT_1761,Python Fundamentals,4.3
INT_1761,SQL & Databases,4.3
INT_1761,Cloud Computing (AWS),4.3
INT_1761,Docker & Kubernetes,4.3
INT_1761,System Design,4.3
INT_1761,Data Wrangling & Pandas,8.5
INT_1761,Git & Version Control,8.5
INT_1761,APIs & Microservices,8.5
INT_1762,SQL & Databases,5.0
INT_1762,Data Visualization,8.5
INT_1762,Cybersecurity Essentials,5.0
INT_1762,Statistics & Probability,5.0
INT_1762,A/B Testing & Experimentation,8.5
INT_1762,Business Intelligence & BI Tools,8.5
INT_1763,SQL & Databases,5.6
INT_1763,Statistics & Probability,8.5
INT_1763,A/B Testing & Experimentation,8.5
INT_1763,Data Wrangling & Pandas,8.5
INT_1764,Python Fundamentals,7.1
INT_1764,System Design,8.5
INT_1764,NLP & Text Analytics,7.1
INT_1764,Data Wrangling & Pandas,8.5
INT_1764,APIs & Microservices,8.5
INT_1765,Machine Learning Basics,8.5
INT_1765,Deep Learning,8.5
INT_1765,Data Visualization,7.0
INT_1765,Statistics & Probability,8.5
INT_1765,A/B Testing & Experimentation,7.0
INT_1765,Time Series Analysis,7.0
INT_1766,Python Fundamentals,8.5
INT_1766,SQL & Databases,5.6
INT_1766,Deep Learning,5.6
INT_1766,Cloud Computing (AWS),5.6
INT_1766,Docker & Kubernetes,5.6
INT_1766,System Design,5.6
INT_1766,Frontend Basics (React),5.6
INT_1766,Data Wrangling & Pandas,5.6
INT_1766,Git & Version Control,5.6
INT_1766,APIs & Microservices,8.5
INT_1766,Business Intelligence & BI Tools,8.5
INT_1767,Python Fundamentals,8.5
INT_1767,Cloud Computing (AWS),8.5
INT_1767,Docker & Kubernetes,6.2
INT_1767,System Design,6.2
INT_1767,Frontend Basics (React),6.2
INT_1767,Data Wrangling & Pandas,6.2
INT_1767,Git & Version Control,6.2
INT_1767,APIs & Microservices,8.5
INT_1768,Python Fundamentals,5.3
INT_1768,SQL & Databases,5.3
INT_1768,Cloud Computing (AWS),5.3
INT_1768,Docker & Kubernetes,5.3
INT_1768,Cybersecurity Essentials,8.5
INT_1768,System Design,8.5
INT_1768,Git & Version Control,8.5
INT_1768,APIs & Microservices,5.3
INT_1768,Time Series Analysis,5.3
INT_1769,Data Visualization,5.7
INT_1769,Statistics & Probability,5.7
INT_1769,MLOps Pipelines,5.7
INT_1769,Data Wrangling & Pandas,8.5
INT_1769,Git & Version Control,8.5
INT_1769,APIs & Microservices,5.7
INT_1769,Business Intelligence & BI Tools,8.5
INT_1770,SQL & Databases,8.5
INT_1770,Machine Learning Basics,6.0
INT_1770,Deep Learning,6.0
INT_1770,Cloud Computing (AWS),8.5
INT_1770,Docker & Kubernetes,6.0
INT_1770,System Design,6.0
INT_1770,Statistics & Probability,6.0
INT_1770,NLP & Text Analytics,6.0
INT_1770,A/B Testing & Experimentation,8.5
INT_1770,Data Wrangling & Pandas,6.0
INT_1771,SQL & Databases,7.0
INT_1771,Machine Learning Basics,7.0
INT_1771,Deep Learning,7.0
INT_1771,Data Visualization,7.0
INT_1771,Statistics & Probability,8.5
INT_1771,NLP & Text Analytics,7.0
INT_1771,A/B Testing & Experimentation,7.0
INT_1771,Data Wrangling & Pandas,7.0
INT_1771,APIs & Microservices,8.5
INT_1771,Time Series Analysis,8.5
INT_1771,Business Intelligence & BI Tools,7.0
INT_1772,SQL & Databases,8.5
INT_1772,Cloud Computing (AWS),8.5
INT_1772,Docker & Kubernetes,8.5
INT_1772,Cybersecurity Essentials,5.5
INT_1772,APIs & Microservices,5.5
INT_1773,Python Fundamentals,3.9
INT_1773,Data Visualization,3.9
INT_1773,Cloud Computing (AWS),8.5
INT_1773,Docker & Kubernetes,3.9
INT_1773,Cybersecurity Essentials,8.5
INT_1773,System Design,3.9
INT_1773,Frontend Basics (React),3.9
INT_1773,MLOps Pipelines,3.9
INT_1773,Git & Version Control,3.9
INT_1773,APIs & Microservices,8.5
INT_1773,Reinforcement Learning,3.9
INT_1774,SQL & Databases,8.5
INT_1774,Cloud Computing (AWS),8.5
INT_1774,Docker & Kubernetes,6.6
INT_1774,Cybersecurity Essentials,6.6
INT_1774,MLOps Pipelines,8.5
INT_1775,Python Fundamentals,8.5
INT_1775,SQL & Databases,7.2
INT_1775,Deep Learning,7.2
INT_1775,Cloud Computing (AWS),7.2
INT_1775,System Design,7.2
INT_1775,Statistics & Probability,7.2
INT_1775,NLP & Text Analytics,7.2
INT_1775,A/B Testing & Experimentation,8.5
INT_1775,Data Wrangling & Pandas,8.5
INT_1775,Git & Version Control,7.2
INT_1776,Python Fundamentals,8.5
INT_1776,System Design,8.5
INT_1776,Git & Version Control,6.0
INT_1776,APIs & Microservices,8.5
INT_1777,Machine Learning Basics,8.5
INT_1777,Deep Learning,8.5
INT_1777,Statistics & Probability,5.1
INT_1777,NLP & Text Analytics,8.5
INT_1778,Python Fundamentals,6.8
INT_1778,SQL & Databases,8.5
INT_1778,Cloud Computing (AWS),6.8
INT_1778,Docker & Kubernetes,8.5
INT_1778,System Design,8.5
INT_1778,MLOps Pipelines,6.8
INT_1778,Data Wrangling & Pandas,6.8
INT_1778,Git & Version Control,6.8
INT_1778,APIs & Microservices,6.8
INT_1778,Business Intelligence & BI Tools,6.8
INT_1779,SQL & Databases,6.3
INT_1779,Deep Learning,8.5
INT_1779,MLOps Pipelines,8.5
INT_1779,A/B Testing & Experimentation,6.3
INT_1779,Data Wrangling & Pandas,6.3
INT_1779,Reinforcement Learning,8.5
INT_1780,SQL & Databases,8.5
INT_1780,Frontend Basics (React),8.5
INT_1780,APIs & Microservices,8.5
INT_1781,SQL & Databases,7.1
INT_1781,Data Visualization,8.5
INT_1781,Docker & Kubernetes,7.1
INT_1781,System Design,7.1
INT_1781,Statistics & Probability,7.1
INT_1781,MLOps Pipelines,7.1
INT_1781,APIs & Microservices,8.5
INT_1781,Business Intelligence & BI Tools,8.5
INT_1782,SQL & Databases,8.5
INT_1782,Data Visualization,6.0
INT_1782,A/B Testing & Experimentation,8.5
INT_1782,Business Intelligence & BI Tools,8.5
INT_1783,Python Fundamentals,8.5
INT_1783,System Design,8.5
INT_1783,Git & Version Control,8.5
INT_1784,Python Fundamentals,5.4
INT_1784,Machine Learning Basics,5.4
INT_1784,Data Visualization,5.4
INT_1784,Frontend Basics (React),5.4
INT_1784,NLP & Text Analytics,8.5
INT_1784,MLOps Pipelines,8.5
INT_1784,Data Wrangling & Pandas,5.4
INT_1784,Git & Version Control,5.4
INT_1784,APIs & Microservices,5.4
INT_1784,Reinforcement Learning,8.5
INT_1785,SQL & Databases,5.7
INT_1785,Cloud Computing (AWS),5.7
INT_1785,Docker & Kubernetes,5.7
INT_1785,System Design,8.5
INT_1785,Data Wrangling & Pandas,8.5
INT_1785,Git & Version Control,8.5
INT_1786,Python Fundamentals,8.5
INT_1786,Data Visualization,8.5
INT_1786,Cloud Computing (AWS),7.3
INT_1786,Frontend Basics (React),8.5
INT_1786,Git & Version Control,7.3
INT_1787,Python Fundamentals,6.9
INT_1787,SQL & Databases,8.5
INT_1787,Data Visualization,6.9
INT_1787,Cybersecurity Essentials,6.9
INT_1787,Frontend Basics (React),6.9
INT_1787,A/B Testing & Experimentation,6.9
INT_1787,Git & Version Control,8.5
INT_1787,APIs & Microservices,8.5
INT_1788,Python Fundamentals,6.8
INT_1788,SQL & Databases,6.8
INT_1788,Deep Learning,8.5
INT_1788,Data Visualization,6.8
INT_1788,Cybersecurity Essentials,6.8
INT_1788,Statistics & Probability,6.8
INT_1788,A/B Testing & Experimentation,6.8
INT_1788,APIs & Microservices,6.8
INT_1788,Reinforcement Learning,8.5
INT_1788,Business Intelligence & BI Tools,8.5
INT_1789,Python Fundamentals,8.5
INT_1789,Cloud Computing (AWS),6.1
INT_1789,System Design,8.5
INT_1789,APIs & Microservices,8.5
INT_1790,SQL & Databases,3.6
INT_1790,Deep Learning,8.5
INT_1790,Data Visualization,3.6
INT_1790,Docker & Kubernetes,3.6
INT_1790,System Design,3.6
INT_1790,Statistics & Probability,3.6
INT_1790,NLP & Text Analytics,8.5
INT_1790,A/B Testing & Experimentation,3.6
INT_1790,Git & Version Control,3.6
INT_1790,Time Series Analysis,3.6
INT_1790,Business Intelligence & BI Tools,8.5
INT_1791,Python Fundamentals,8.5
INT_1791,Data Visualization,8.5
INT_1791,APIs & Microservices,8.5
INT_1792,Python Fundamentals,6.2
INT_1792,SQL & Databases,8.5
INT_1792,Cloud Computing (AWS),8.5
INT_1792,Cybersecurity Essentials,8.5
INT_1793,Python Fundamentals,8.5
INT_1793,SQL & Databases,5.0
INT_1793,Cloud Computing (AWS),5.0
INT_1793,System Design,5.0
INT_1793,NLP & Text Analytics,5.0
INT_1793,MLOps Pipelines,5.0
INT_1793,Git & Version Control,8.5
INT_1793,APIs & Microservices,8.5
INT_1794,Python Fundamentals,8.5
INT_1794,Cloud Computing (AWS),6.9
INT_1794,Docker & Kubernetes,6.9
INT_1794,Cybersecurity Essentials,6.9
INT_1794,System Design,6.9
INT_1794,MLOps Pipelines,8.5
INT_1794,Git & Version Control,8.5
INT_1794,APIs & Microservices,6.9
INT_1795,Python Fundamentals,5.5
INT_1795,SQL & Databases,5.5
INT_1795,Deep Learning,5.5
INT_1795,Cloud Computing (AWS),8.5
INT_1795,Docker & Kubernetes,5.5
INT_1795,System Design,5.5
INT_1795,Data Wrangling & Pandas,8.5
INT_1795,Git & Version Control,5.5
INT_1795,APIs & Microservices,8.5
INT_1796,Cloud Computing (AWS),8.5
INT_1796,Docker & Kubernetes,8.5
INT_1796,Git & Version Control,8.5
INT_1796,Time Series Analysis,3.1
INT_1797,SQL & Databases,5.4
INT_1797,Machine Learning Basics,5.4
INT_1797,Deep Learning,5.4
INT_1797,Data Visualization,8.5
INT_1797,NLP & Text Analytics,5.4
INT_1797,A/B Testing & Experimentation,8.5
INT_1797,Time Series Analysis,8.5
INT_1798,Python Fundamentals,8.5
INT_1798,Frontend Basics (React),8.5
INT_1798,APIs & Microservices,8.5
INT_1799,SQL & Databases,6.0
INT_1799,Cloud Computing (AWS),8.5
INT_1799,Docker & Kubernetes,6.0
INT_1799,Cybersecurity Essentials,6.0
INT_1799,System Design,8.5
INT_1799,Statistics & Probability,6.0
INT_1799,MLOps Pipelines,6.0
INT_1799,Git & Version Control,8.5
INT_1799,Time Series Analysis,6.0
INT_1800,Machine Learning Basics,6.4
INT_1800,Deep Learning,8.5
INT_1800,Data Visualization,6.4
INT_1800,Statistics & Probability,6.4
INT_1800,NLP & Text Analytics,6.4
INT_1800,A/B Testing & Experimentation,8.5
INT_1800,Data Wrangling & Pandas,6.4
INT_1800,Time Series Analysis,8.5
INT_1801,Python Fundamentals,8.5
INT_1801,SQL & Databases,6.0
INT_1801,System Design,8.5
INT_1801,MLOps Pipelines,8.5
INT_1801,Git & Version Control,6.0
INT_1801,APIs & Microservices,6.0
INT_1802,Python Fundamentals,5.4
INT_1802,Cloud Computing (AWS),8.5
INT_1802,Docker & Kubernetes,8.5
INT_1802,Cybersecurity Essentials,8.5
INT_1802,APIs & Microservices,5.4
INT_1803,Python Fundamentals,8.5
INT_1803,SQL & Databases,6.0
INT_1803,Docker & Kubernetes,6.0
INT_1803,Frontend Basics (React),6.0
INT_1803,Git & Version Control,8.5
INT_1803,APIs & Microservices,8.5
INT_1803,Reinforcement Learning,6.0
INT_1804,Python Fundamentals,6.8
INT_1804,SQL & Databases,6.8
INT_1804,Cloud Computing (AWS),6.8
INT_1804,Docker & Kubernetes,6.8
INT_1804,Cybersecurity Essentials,8.5
INT_1804,System Design,6.8
INT_1804,MLOps Pipelines,6.8
INT_1804,Git & Version Control,8.5
INT_1804,APIs & Microservices,8.5
INT_1805,Python Fundamentals,8.5
INT_1805,SQL & Databases,7.3
INT_1805,Cloud Computing (AWS),7.3
INT_1805,Docker & Kubernetes,7.3
INT_1805,Cybersecurity Essentials,8.5
INT_1805,System Design,7.3
INT_1805,MLOps Pipelines,7.3
INT_1805,Git & Version Control,7.3
INT_1805,APIs & Microservices,7.3
INT_1805,Business Intelligence & BI Tools,8.5
INT_1806,Python Fundamentals,8.5
INT_1806,Docker & Kubernetes,4.8
INT_1806,Frontend Basics (React),4.8
INT_1806,Data Wrangling & Pandas,8.5
INT_1806,Git & Version Control,8.5
INT_1806,Business Intelligence & BI Tools,4.8
INT_1807,SQL & Databases,8.5
INT_1807,Cloud Computing (AWS),8.5
INT_1807,Docker & Kubernetes,6.6
INT_1807,Frontend Basics (React),6.6
INT_1807,Git & Version Control,8.5
INT_1808,Cloud Computing (AWS),8.5
INT_1808,Docker & Kubernetes,8.5
INT_1808,Statistics & Probability,7.3
INT_1808,A/B Testing & Experimentation,8.5
INT_1808,Data Wrangling & Pandas,7.3
INT_1809,Python Fundamentals,4.8
INT_1809,SQL & Databases,4.8
INT_1809,Cloud Computing (AWS),4.8
INT_1809,Docker & Kubernetes,4.8
INT_1809,Cybersecurity Essentials,8.5
INT_1809,System Design,4.8
INT_1809,MLOps Pipelines,4.8
INT_1809,A/B Testing & Experimentation,8.5
INT_1809,Data Wrangling & Pandas,4.8
INT_1809,Git & Version Control,4.8
INT_1809,APIs & Microservices,8.5
INT_1810,Python Fundamentals,8.5
INT_1810,SQL & Databases,8.5
INT_1810,Git & Version Control,5.9
INT_1810,APIs & Microservices,8.5
INT_1811,Python Fundamentals,8.5
INT_1811,SQL & Databases,7.3
INT_1811,Deep Learning,7.3
INT_1811,Cybersecurity Essentials,7.3
INT_1811,System Design,8.5
INT_1811,Git & Version Control,7.3
INT_1811,APIs & Microservices,8.5
INT_1812,Python Fundamentals,4.8
INT_1812,SQL & Databases,4.8
INT_1812,Data Visualization,4.8
INT_1812,Frontend Basics (React),8.5
INT_1812,Statistics & Probability,8.5
INT_1812,A/B Testing & Experimentation,8.5
INT_1812,Data Wrangling & Pandas,4.8
INT_1812,Git & Version Control,4.8
INT_1812,APIs & Microservices,4.8
INT_1812,Reinforcement Learning,4.8
INT_1813,Python Fundamentals,4.1
INT_1813,SQL & Databases,4.1
INT_1813,Data Visualization,4.1
INT_1813,Cloud Computing (AWS),4.1
INT_1813,Docker & Kubernetes,4.1
INT_1813,System Design,8.5
INT_1813,Data Wrangling & Pandas,8.5
INT_1813,Git & Version Control,4.1
INT_1813,APIs & Microservices,4.1
INT_1813,Time Series Analysis,8.5
INT_1813,Business Intelligence & BI Tools,4.1
INT_1814,Python Fundamentals,5.8
INT_1814,SQL & Databases,8.5
INT_1814,Data Visualization,5.8
INT_1814,System Design,8.5
INT_1814,Frontend Basics (React),5.8
INT_1814,NLP & Text Analytics,5.8
INT_1814,MLOps Pipelines,5.8
INT_1814,Data Wrangling & Pandas,5.8
INT_1814,Git & Version Control,5.8
INT_1814,APIs & Microservices,5.8
INT_1814,Business Intelligence & BI Tools,8.5
INT_1815,Cloud Computing (AWS),4.9
INT_1815,Docker & Kubernetes,8.5
INT_1815,System Design,4.9
INT_1815,Data Wrangling & Pandas,8.5
INT_1815,Git & Version Control,8.5
INT_1815,APIs & Microservices,4.9
INT_1816,SQL & Databases,8.5
INT_1816,Cloud Computing (AWS),5.8
INT_1816,Docker & Kubernetes,8.5
INT_1816,Data Wrangling & Pandas,5.8
INT_1816,APIs & Microservices,8.5
INT_1817,Python Fundamentals,8.5
INT_1817,SQL & Databases,6.0
INT_1817,Data Visualization,6.0
INT_1817,Frontend Basics (React),6.0
INT_1817,Statistics & Probability,6.0
INT_1817,A/B Testing & Experimentation,8.5
INT_1817,Data Wrangling & Pandas,6.0
INT_1817,Git & Version Control,6.0
INT_1817,APIs & Microservices,8.5
INT_1817,Business Intelligence & BI Tools,6.0
INT_1818,Python Fundamentals,6.3
INT_1818,SQL & Databases,8.5
INT_1818,System Design,8.5
INT_1818,Frontend Basics (React),6.3
INT_1818,Data Wrangling & Pandas,6.3
INT_1818,Git & Version Control,6.3
INT_1818,APIs & Microservices,8.5
INT_1818,Time Series Analysis,6.3
INT_1819,Python Fundamentals,5.2
INT_1819,Data Visualization,5.2
INT_1819,Frontend Basics (React),8.5
INT_1819,A/B Testing & Experimentation,5.2
INT_1819,Data Wrangling & Pandas,8.5
INT_1819,Git & Version Control,5.2
INT_1819,APIs & Microservices,8.5
INT_1819,Business Intelligence & BI Tools,5.2
INT_1820,Python Fundamentals,5.3
INT_1820,SQL & Databases,5.3
INT_1820,Cloud Computing (AWS),8.5
INT_1820,Docker & Kubernetes,5.3
INT_1820,Cybersecurity Essentials,8.5
INT_1820,System Design,8.5
INT_1820,Frontend Basics (React),5.3
INT_1820,Git & Version Control,5.3
INT_1820,APIs & Microservices,5.3
INT_1821,Python Fundamentals,8.5
INT_1821,SQL & Databases,6.3
INT_1821,Cloud Computing (AWS),8.5
INT_1821,Docker & Kubernetes,6.3
INT_1821,System Design,6.3
INT_1821,MLOps Pipelines,6.3
INT_1821,Git & Version Control,8.5
INT_1821,APIs & Microservices,6.3
INT_1822,Python Fundamentals,5.7
INT_1822,Data Visualization,5.7
INT_1822,System Design,8.5
INT_1822,Frontend Basics (React),5.7
INT_1822,Statistics & Probability,5.7
INT_1822,A/B Testing & Experimentation,8.5
INT_1822,Git & Version Control,5.7
INT_1822,APIs & Microservices,5.7
INT_1822,Time Series Analysis,8.5
INT_1822,Reinforcement Learning,5.7
INT_1823,Python Fundamentals,6.2
INT_1823,Data Visualization,8.5
INT_1823,Cloud Computing (AWS),6.2
INT_1823,Frontend Basics (React),6.2
INT_1823,NLP & Text Analytics,6.2
INT_1823,MLOps Pipelines,6.2
INT_1823,Data Wrangling & Pandas,6.2
INT_1823,Git & Version Control,8.5
INT_1823,APIs & Microservices,8.5
INT_1823,Time Series Analysis,6.2
INT_1824,Deep Learning,6.7
INT_1824,Data Visualization,6.7
INT_1824,Docker & Kubernetes,6.7
INT_1824,Statistics & Probability,8.5
INT_1824,A/B Testing & Experimentation,8.5
INT_1824,APIs & Microservices,6.7
INT_1824,Business Intelligence & BI Tools,8.5
INT_1825,Python Fundamentals,8.5
INT_1825,SQL & Databases,8.5
INT_1825,System Design,8.0
INT_1825,Git & Version Control,8.0
INT_1825,APIs & Microservices,8.5
INT_1826,SQL & Databases,4.9
INT_1826,Cloud Computing (AWS),8.5
INT_1826,Docker & Kubernetes,8.5
INT_1826,Cybersecurity Essentials,8.5
INT_1826,Git & Version Control,4.9
INT_1827,SQL & Databases,8.5
INT_1827,Data Visualization,8.5
INT_1827,A/B Testing & Experimentation,8.5
INT_1827,Reinforcement Learning,6.9
INT_1828,SQL & Databases,6.1
INT_1828,Cloud Computing (AWS),8.5
INT_1828,Docker & Kubernetes,8.5
INT_1828,MLOps Pipelines,8.5
INT_1828,Reinforcement Learning,6.1
INT_1829,Python Fundamentals,8.5
INT_1829,SQL & Databases,5.1
INT_1829,MLOps Pipelines,5.1
INT_1829,Git & Version Control,8.5
INT_1829,APIs & Microservices,8.5
INT_1830,SQL & Databases,8.5
INT_1830,Cloud Computing (AWS),5.9
INT_1830,Docker & Kubernetes,5.9
INT_1830,Git & Version Control,8.5
INT_1830,APIs & Microservices,8.5
INT_1831,Python Fundamentals,5.2
INT_1831,SQL & Databases,8.5
INT_1831,Machine Learning Basics,5.2
INT_1831,Docker & Kubernetes,8.5
INT_1831,Cybersecurity Essentials,5.2
INT_1831,System Design,8.5
INT_1831,Git & Version Control,5.2
INT_1831,APIs & Microservices,5.2
INT_1832,SQL & Databases,5.9
INT_1832,Machine Learning Basics,8.5
INT_1832,Deep Learning,5.9
INT_1832,Data Visualization,8.5
INT_1832,Statistics & Probability,5.9
INT_1832,MLOps Pipelines,8.5
INT_1832,A/B Testing & Experimentation,5.9
INT_1832,Business Intelligence & BI Tools,5.9
INT_1833,Python Fundamentals,5.7
INT_1833,SQL & Databases,8.5
INT_1833,Cloud Computing (AWS),8.5
INT_1833,System Design,8.5
INT_1833,Git & Version Control,5.7
INT_1833,APIs & Microservices,5.7
INT_1833,Time Series Analysis,5.7
INT_1834,Python Fundamentals,8.5
INT_1834,SQL & Databases,6.0
INT_1834,Cloud Computing (AWS),8.5
INT_1834,Docker & Kubernetes,6.0
INT_1834,Cybersecurity Essentials,8.5
INT_1834,System Design,6.0
INT_1834,MLOps Pipelines,6.0
INT_1834,Git & Version Control,6.0
INT_1834,APIs & Microservices,6.0
INT_1834,Business Intelligence & BI Tools,6.0
INT_1835,Python Fundamentals,8.5
INT_1835,SQL & Databases,6.1
INT_1835,Data Visualization,6.1
INT_1835,Cloud Computing (AWS),6.1
INT_1835,Docker & Kubernetes,8.5
INT_1835,System Design,8.5
INT_1836,Python Fundamentals,7.2
INT_1836,SQL & Databases,8.5
INT_1836,Cloud Computing (AWS),7.2
INT_1836,Docker & Kubernetes,7.2
INT_1836,MLOps Pipelines,8.5
INT_1836,Git & Version Control,7.2
INT_1836,APIs & Microservices,7.2
INT_1837,SQL & Databases,6.4
INT_1837,System Design,8.5
INT_1837,MLOps Pipelines,8.5
INT_1837,APIs & Microservices,8.5
INT_1838,Python Fundamentals,8.5
INT_1838,SQL & Databases,8.5
INT_1838,Data Wrangling & Pandas,8.5
INT_1838,Reinforcement Learning,6.3
INT_1839,SQL & Databases,8.5
INT_1839,Cybersecurity Essentials,7.5
INT_1839,MLOps Pipelines,7.5
INT_1839,Data Wrangling & Pandas,7.5
INT_1839,Git & Version Control,8.5
INT_1839,APIs & Microservices,8.5
INT_1840,Python Fundamentals,7.4
INT_1840,Deep Learning,7.4
INT_1840,Data Visualization,8.5
INT_1840,Frontend Basics (React),7.4
INT_1840,Statistics & Probability,7.4
INT_1840,A/B Testing & Experimentation,8.5
INT_1840,Git & Version Control,7.4
INT_1840,APIs & Microservices,8.5
INT_1841,Deep Learning,5.1
INT_1841,System Design,8.5
INT_1841,MLOps Pipelines,8.5
INT_1841,Data Wrangling & Pandas,8.5
INT_1842,Python Fundamentals,7.0
INT_1842,SQL & Databases,7.0
INT_1842,Cloud Computing (AWS),8.5
INT_1842,Docker & Kubernetes,8.5
INT_1842,Cybersecurity Essentials,7.0
INT_1842,System Design,8.5
INT_1843,Python Fundamentals,6.7
INT_1843,SQL & Databases,8.5
INT_1843,Cloud Computing (AWS),6.7
INT_1843,Docker & Kubernetes,6.7
INT_1843,System Design,6.7
INT_1843,Frontend Basics (React),6.7
INT_1843,A/B Testing & Experimentation,8.5
INT_1843,Data Wrangling & Pandas,6.7
INT_1843,Git & Version Control,8.5
INT_1843,APIs & Microservices,6.7
INT_1844,Python Fundamentals,6.8
INT_1844,SQL & Databases,6.8
INT_1844,Machine Learning Basics,6.8
INT_1844,Cloud Computing (AWS),6.8
INT_1844,Docker & Kubernetes,6.8
INT_1844,Frontend Basics (React),8.5
INT_1844,A/B Testing & Experimentation,6.8
INT_1844,Data Wrangling & Pandas,6.8
INT_1844,Git & Version Control,8.5
INT_1844,APIs & Microservices,8.5
INT_1845,Python Fundamentals,5.8
INT_1845,SQL & Databases,8.5
INT_1845,Data Visualization,5.8
INT_1845,Cloud Computing (AWS),8.5
INT_1845,Docker & Kubernetes,5.8
INT_1845,Cybersecurity Essentials,5.8
INT_1845,MLOps Pipelines,8.5
INT_1845,A/B Testing & Experimentation,5.8
INT_1845,Git & Version Control,5.8
INT_1845,APIs & Microservices,5.8
INT_1846,SQL & Databases,6.4
INT_1846,Data Visualization,6.4
INT_1846,System Design,8.5
INT_1846,Frontend Basics (React),8.5
INT_1846,Statistics & Probability,6.4
INT_1846,MLOps Pipelines,6.4
INT_1846,A/B Testing & Experimentation,6.4
INT_1846,Time Series Analysis,8.5
INT_1846,Business Intelligence & BI Tools,6.4
INT_1847,Python Fundamentals,8.5
INT_1847,Data Visualization,6.0
INT_1847,Frontend Basics (React),8.5
INT_1847,Statistics & Probability,6.0
INT_1847,Git & Version Control,6.0
INT_1847,APIs & Microservices,6.0
INT_1847,Time Series Analysis,8.5
INT_1848,SQL & Databases,8.5
INT_1848,Data Visualization,4.4
INT_1848,Cloud Computing (AWS),8.5
INT_1848,Docker & Kubernetes,4.4
INT_1848,System Design,4.4
INT_1848,Statistics & Probability,4.4
INT_1848,NLP & Text Analytics,4.4
INT_1848,MLOps Pipelines,4.4
INT_1848,Business Intelligence & BI Tools,8.5
INT_1849,Python Fundamentals,4.6
INT_1849,SQL & Databases,8.5
INT_1849,Cloud Computing (AWS),4.6
INT_1849,Cybersecurity Essentials,8.5
INT_1849,System Design,4.6
INT_1849,MLOps Pipelines,8.5
INT_1850,SQL & Databases,8.5
INT_1850,Cloud Computing (AWS),8.5
INT_1850,Docker & Kubernetes,8.5
INT_1850,Data Wrangling & Pandas,7.0
INT_1851,SQL & Databases,6.0
INT_1851,Machine Learning Basics,8.5
INT_1851,Deep Learning,8.5
INT_1851,Data Visualization,8.5
INT_1851,Statistics & Probability,6.0
INT_1851,A/B Testing & Experimentation,6.0
INT_1851,Business Intelligence & BI Tools,6.0
INT_1852,Python Fundamentals,8.5
INT_1852,SQL & Databases,6.1
INT_1852,Git & Version Control,8.5
INT_1852,APIs & Microservices,8.5
INT_1853,SQL & Databases,8.2
INT_1853,Frontend Basics (React),8.5
INT_1853,Data Wrangling & Pandas,8.5
INT_1853,Git & Version Control,8.5
INT_1853,APIs & Microservices,8.2
INT_1854,SQL & Databases,8.5
INT_1854,Statistics & Probability,8.5
INT_1854,A/B Testing & Experimentation,8.5
INT_1854,Business Intelligence & BI Tools,6.6
INT_1855,Python Fundamentals,6.5
INT_1855,Data Visualization,8.5
INT_1855,Docker & Kubernetes,6.5
INT_1855,Frontend Basics (React),6.5
INT_1855,Data Wrangling & Pandas,6.5
INT_1855,Git & Version Control,8.5
INT_1855,APIs & Microservices,8.5
INT_1855,Time Series Analysis,6.5
INT_1856,Cloud Computing (AWS),8.5
INT_1856,Statistics & Probability,8.5
INT_1856,A/B Testing & Experimentation,6.9
INT_1856,Data Wrangling & Pandas,6.9
INT_1856,Time Series Analysis,8.5
INT_1856,Business Intelligence & BI Tools,6.9
INT_1857,SQL & Databases,5.2
INT_1857,Machine Learning Basics,8.5
INT_1857,Deep Learning,5.2
INT_1857,Cloud Computing (AWS),5.2
INT_1857,System Design,8.5
INT_1857,Statistics & Probability,5.2
INT_1857,MLOps Pipelines,8.5
INT_1857,A/B Testing & Experimentation,5.2
INT_1857,Data Wrangling & Pandas,5.2
INT_1857,Git & Version Control,5.2
INT_1857,Business Intelligence & BI Tools,5.2
INT_1858,SQL & Databases,5.2
INT_1858,Data Visualization,5.2
INT_1858,Cloud Computing (AWS),8.5
INT_1858,Statistics & Probability,5.2
INT_1858,A/B Testing & Experimentation,8.5
INT_1858,APIs & Microservices,8.5
INT_1858,Business Intelligence & BI Tools,5.2
INT_1859,Python Fundamentals,6.7
INT_1859,Deep Learning,6.7
INT_1859,Data Visualization,8.5
INT_1859,Docker & Kubernetes,8.5
INT_1859,System Design,6.7
INT_1859,Frontend Basics (React),8.5
INT_1859,NLP & Text Analytics,6.7
INT_1859,Git & Version Control,6.7
INT_1859,APIs & Microservices,6.7
INT_1859,Business Intelligence & BI Tools,6.7
INT_1860,Python Fundamentals,5.2
INT_1860,Data Visualization,5.2
INT_1860,Cloud Computing (AWS),8.5
INT_1860,Docker & Kubernetes,8.5
INT_1860,Cybersecurity Essentials,8.5
INT_1860,Frontend Basics (React),5.2
INT_1860,Statistics & Probability,5.2
INT_1860,Git & Version Control,5.2
INT_1860,APIs & Microservices,5.2
INT_1860,Time Series Analysis,5.2
INT_1861,SQL & Databases,6.2
INT_1861,Deep Learning,6.2
INT_1861,Docker & Kubernetes,6.2
INT_1861,System Design,8.5
INT_1861,NLP & Text Analytics,6.2
INT_1861,MLOps Pipelines,6.2
INT_1861,Data Wrangling & Pandas,8.5
INT_1861,Git & Version Control,8.5
INT_1861,APIs & Microservices,6.2
INT_1862,Python Fundamentals,5.9
INT_1862,Docker & Kubernetes,5.9
INT_1862,System Design,8.5
INT_1862,Data Wrangling & Pandas,8.5
INT_1862,APIs & Microservices,8.5
INT_1863,SQL & Databases,6.3
INT_1863,Data Visualization,6.3
INT_1863,System Design,6.3
INT_1863,Frontend Basics (React),8.5
INT_1863,Statistics & Probability,6.3
INT_1863,NLP & Text Analytics,6.3
INT_1863,A/B Testing & Experimentation,6.3
INT_1863,Data Wrangling & Pandas,6.3
INT_1863,APIs & Microservices,8.5
INT_1863,Time Series Analysis,8.5
INT_1863,Business Intelligence & BI Tools,6.3
INT_1864,Python Fundamentals,4.3
INT_1864,Data Visualization,8.5
INT_1864,Docker & Kubernetes,4.3
INT_1864,System Design,8.5
INT_1864,Frontend Basics (React),4.3
INT_1864,MLOps Pipelines,4.3
INT_1864,Data Wrangling & Pandas,8.5
INT_1864,Git & Version Control,4.3
INT_1864,APIs & Microservices,4.3
INT_1864,Time Series Analysis,4.3
INT_1864,Reinforcement Learning,4.3
INT_1865,SQL & Databases,4.1
INT_1865,Data Visualization,4.1
INT_1865,Cloud Computing (AWS),8.5
INT_1865,Docker & Kubernetes,4.1
INT_1865,Cybersecurity Essentials,8.5
INT_1865,System Design,4.1
INT_1865,MLOps Pipelines,8.5
INT_1866,Python Fundamentals,6.9
INT_1866,Machine Learning Basics,6.9
INT_1866,Data Visualization,6.9
INT_1866,Cloud Computing (AWS),8.5
INT_1866,Docker & Kubernetes,8.5
INT_1866,Cybersecurity Essentials,8.5
INT_1866,System Design,6.9
INT_1866,MLOps Pipelines,6.9
INT_1867,Python Fundamentals,5.6
INT_1867,SQL & Databases,5.6
INT_1867,Data Visualization,5.6
INT_1867,Docker & Kubernetes,5.6
INT_1867,System Design,8.5
INT_1867,Statistics & Probability,8.5
INT_1867,MLOps Pipelines,5.6
INT_1867,Data Wrangling & Pandas,5.6
INT_1867,APIs & Microservices,5.6
INT_1867,Time Series Analysis,8.5
INT_1868,Python Fundamentals,6.2
INT_1868,Data Visualization,8.5
INT_1868,Frontend Basics (React),8.5
INT_1868,APIs & Microservices,8.5
INT_1869,Python Fundamentals,8.5
INT_1869,SQL & Databases,6.2
INT_1869,Deep Learning,6.2
INT_1869,Cloud Computing (AWS),6.2
INT_1869,System Design,8.5
INT_1869,Data Wrangling & Pandas,8.5
INT_1869,Git & Version Control,6.2
INT_1870,SQL & Databases,8.5
INT_1870,Cloud Computing (AWS),8.5
INT_1870,Docker & Kubernetes,5.9
INT_1870,Cybersecurity Essentials,5.9
INT_1870,System Design,8.5
INT_1870,MLOps Pipelines,5.9
INT_1870,APIs & Microservices,5.9
INT_1871,Data Visualization,7.3
INT_1871,System Design,7.3
INT_1871,Statistics & Probability,8.5
INT_1871,MLOps Pipelines,7.3
INT_1871,A/B Testing & Experimentation,7.3
INT_1871,Data Wrangling & Pandas,8.5
INT_1871,Git & Version Control,7.3
INT_1871,APIs & Microservices,8.5
INT_1871,Time Series Analysis,7.3
INT_1871,Business Intelligence & BI Tools,7.3
INT_1872,Python Fundamentals,8.5
INT_1872,SQL & Databases,8.5
INT_1872,Machine Learning Basics,8.5
INT_1873,Python Fundamentals,6.3
INT_1873,Deep Learning,8.5
INT_1873,Data Visualization,6.3
INT_1873,System Design,8.5
INT_1873,Frontend Basics (React),6.3
INT_1873,Statistics & Probability,6.3
INT_1873,Data Wrangling & Pandas,8.5
INT_1873,Git & Version Control,6.3
INT_1873,APIs & Microservices,6.3
INT_1874,Python Fundamentals,6.8
INT_1874,SQL & Databases,6.8
INT_1874,Cloud Computing (AWS),8.5
INT_1874,Docker & Kubernetes,6.8
INT_1874,System Design,6.8
INT_1874,Frontend Basics (React),8.5
INT_1874,Statistics & Probability,6.8
INT_1874,Data Wrangling & Pandas,6.8
INT_1874,Git & Version Control,6.8
INT_1874,APIs & Microservices,8.5
INT_1875,Python Fundamentals,7.8
INT_1875,SQL & Databases,7.8
INT_1875,Docker & Kubernetes,7.8
INT_1875,MLOps Pipelines,8.5
INT_1875,Git & Version Control,8.5
INT_1875,APIs & Microservices,8.5
INT_1876,Cloud Computing (AWS),4.4
INT_1876,Docker & Kubernetes,4.4
INT_1876,Cybersecurity Essentials,8.5
INT_1876,System Design,4.4
INT_1876,MLOps Pipelines,4.4
INT_1876,Git & Version Control,8.5
INT_1876,APIs & Microservices,8.5
INT_1877,Python Fundamentals,4.8
INT_1877,SQL & Databases,4.8
INT_1877,Cloud Computing (AWS),4.8
INT_1877,Docker & Kubernetes,4.8
INT_1877,Cybersecurity Essentials,8.5
INT_1877,System Design,8.5
INT_1877,MLOps Pipelines,8.5
INT_1877,A/B Testing & Experimentation,4.8
INT_1877,Git & Version Control,4.8
INT_1877,APIs & Microservices,4.8
INT_1877,Time Series Analysis,4.8
INT_1878,Python Fundamentals,6.6
INT_1878,SQL & Databases,6.6
INT_1878,Deep Learning,6.6
INT_1878,Cloud Computing (AWS),6.6
INT_1878,Docker & Kubernetes,8.5
INT_1878,System Design,6.6
INT_1878,Frontend Basics (React),6.6
INT_1878,MLOps Pipelines,8.5
INT_1878,Data Wrangling & Pandas,6.6
INT_1878,Git & Version Control,6.6
INT_1878,APIs & Microservices,8.5
INT_1879,SQL & Databases,6.0
INT_1879,Cloud Computing (AWS),8.5
INT_1879,System Design,8.5
INT_1879,MLOps Pipelines,8.5
INT_1879,Git & Version Control,6.0
INT_1880,Python Fundamentals,4.5
INT_1880,Deep Learning,8.5
INT_1880,Data Visualization,8.5
INT_1880,Frontend Basics (React),4.5
INT_1880,NLP & Text Analytics,8.5
INT_1880,Data Wrangling & Pandas,4.5
INT_1880,Git & Version Control,4.5
INT_1880,APIs & Microservices,4.5
INT_1880,Reinforcement Learning,4.5
INT_1881,SQL & Databases,5.7
INT_1881,System Design,8.5
INT_1881,Statistics & Probability,8.5
INT_1881,MLOps Pipelines,5.7
INT_1881,A/B Testing & Experimentation,5.7
INT_1881,Data Wrangling & Pandas,5.7
INT_1881,Git & Version Control,8.5
INT_1881,Time Series Analysis,5.7
INT_1881,Reinforcement Learning,5.7
INT_1882,SQL & Databases,8.5
INT_1882,Cloud Computing (AWS),8.5
INT_1882,Docker & Kubernetes,8.5
INT_1882,Git & Version Control,5.9
INT_1883,SQL & Databases,8.5
INT_1883,Machine Learning Basics,5.3
INT_1883,Deep Learning,5.3
INT_1883,Data Visualization,5.3
INT_1883,Statistics & Probability,8.5
INT_1883,NLP & Text Analytics,5.3
INT_1883,A/B Testing & Experimentation,5.3
INT_1883,Data Wrangling & Pandas,5.3
INT_1883,Time Series Analysis,5.3
INT_1883,Business Intelligence & BI Tools,8.5
INT_1884,Python Fundamentals,8.5
INT_1884,SQL & Databases,7.5
INT_1884,Data Visualization,7.5
INT_1884,Cloud Computing (AWS),7.5
INT_1884,System Design,8.5
INT_1884,MLOps Pipelines,7.5
INT_1884,Git & Version Control,7.5
INT_1884,APIs & Microservices,8.5
INT_1885,SQL & Databases,8.5
INT_1885,Git & Version Control,8.5
INT_1885,APIs & Microservices,8.5
INT_1886,SQL & Databases,8.5
INT_1886,Cloud Computing (AWS),8.5
INT_1886,Docker & Kubernetes,8.5
INT_1887,Python Fundamentals,8.5
INT_1887,SQL & Databases,8.5
INT_1888,SQL & Databases,8.5
INT_1888,Cloud Computing (AWS),5.6
INT_1888,Statistics & Probability,8.5
INT_1888,A/B Testing & Experimentation,8.5
INT_1888,Git & Version Control,5.6
INT_1889,SQL & Databases,5.8
INT_1889,Data Visualization,8.5
INT_1889,Cloud Computing (AWS),5.8
INT_1889,Statistics & Probability,5.8
INT_1889,A/B Testing & Experimentation,5.8
INT_1889,Time Series Analysis,8.5
INT_1889,Reinforcement Learning,5.8
INT_1889,Business Intelligence & BI Tools,8.5
INT_1890,Python Fundamentals,8.5
INT_1890,SQL & Databases,5.6
INT_1890,Data Visualization,8.5
INT_1890,Frontend Basics (React),8.5
INT_1890,APIs & Microservices,5.6
INT_1891,SQL & Databases,8.5
INT_1891,Machine Learning Basics,5.5
INT_1891,Deep Learning,5.5
INT_1891,Data Visualization,5.5
INT_1891,Docker & Kubernetes,5.5
INT_1891,NLP & Text Analytics,5.5
INT_1891,A/B Testing & Experimentation,5.5
INT_1891,Data Wrangling & Pandas,5.5
INT_1891,Time Series Analysis,8.5
INT_1891,Business Intelligence & BI Tools,8.5
INT_1892,Machine Learning Basics,5.7
INT_1892,Deep Learning,8.5
INT_1892,Data Visualization,5.7
INT_1892,Docker & Kubernetes,5.7
INT_1892,Statistics & Probability,5.7
INT_1892,NLP & Text Analytics,8.5
INT_1892,MLOps Pipelines,5.7
INT_1892,A/B Testing & Experimentation,8.5
INT_1892,Data Wrangling & Pandas,5.7
INT_1892,APIs & Microservices,5.7
INT_1892,Time Series Analysis,5.7
INT_1893,SQL & Databases,5.5
INT_1893,Machine Learning Basics,8.5
INT_1893,Deep Learning,8.5
INT_1893,Data Visualization,8.5
INT_1893,Data Wrangling & Pandas,5.5
INT_1894,Python Fundamentals,8.5
INT_1894,Data Visualization,5.1
INT_1894,System Design,5.1
INT_1894,Git & Version Control,8.5
INT_1894,APIs & Microservices,8.5
INT_1895,SQL & Databases,8.5
INT_1895,Data Visualization,8.5
INT_1895,Statistics & Probability,6.5
INT_1895,A/B Testing & Experimentation,8.5
INT_1896,Python Fundamentals,8.5
INT_1896,SQL & Databases,5.8
INT_1896,Docker & Kubernetes,5.8
INT_1896,System Design,8.5
INT_1896,Frontend Basics (React),5.8
INT_1896,Data Wrangling & Pandas,8.5
INT_1896,Git & Version Control,5.8
INT_1897,SQL & Databases,8.5
INT_1897,Docker & Kubernetes,6.8
INT_1897,NLP & Text Analytics,8.5
INT_1897,Git & Version Control,6.8
INT_1897,Reinforcement Learning,8.5
INT_1898,Python Fundamentals,8.5
INT_1898,Data Visualization,6.1
INT_1898,Frontend Basics (React),8.5
INT_1898,Git & Version Control,6.1
INT_1898,APIs & Microservices,8.5
INT_1899,SQL & Databases,8.5
INT_1899,Data Visualization,7.0
INT_1899,Cloud Computing (AWS),8.5
INT_1899,Docker & Kubernetes,8.5
INT_1899,MLOps Pipelines,7.0
INT_1899,APIs & Microservices,7.0
INT_1900,SQL & Databases,8.5
INT_1900,Cloud Computing (AWS),6.7
INT_1900,Docker & Kubernetes,6.7
INT_1900,MLOps Pipelines,8.5
INT_1900,Time Series Analysis,6.7
INT_1900,Business Intelligence & BI Tools,8.5
INT_1901,SQL & Databases,7.6
INT_1901,Machine Learning Basics,7.6
INT_1901,Deep Learning,7.6
INT_1901,Data Visualization,7.6
INT_1901,Cloud Computing (AWS),8.5
INT_1901,Statistics & Probability,7.6
INT_1901,NLP & Text Analytics,7.6
INT_1901,A/B Testing & Experimentation,8.5
INT_1901,Data Wrangling & Pandas,7.6
INT_1901,Time Series Analysis,7.6
INT_1901,Business Intelligence & BI Tools,8.5
INT_1902,Python Fundamentals,6.5
INT_1902,SQL & Databases,8.5
INT_1902,Deep Learning,6.5
INT_1902,Cloud Computing (AWS),6.5
INT_1902,System Design,6.5
INT_1902,Frontend Basics (React),6.5
INT_1902,Statistics & Probability,8.5
INT_1902,MLOps Pipelines,6.5
INT_1902,A/B Testing & Experimentation,6.5
INT_1902,Data Wrangling & Pandas,8.5
INT_1902,Git & Version Control,6.5
INT_1903,Cloud Computing (AWS),6.3
INT_1903,Docker & Kubernetes,8.5
INT_1903,Cybersecurity Essentials,6.3
INT_1903,Git & Version Control,8.5
INT_1903,APIs & Microservices,8.5
INT_1903,Reinforcement Learning,6.3
INT_1904,Python Fundamentals,8.5
INT_1904,SQL & Databases,5.4
INT_1904,Cloud Computing (AWS),5.4
INT_1904,Docker & Kubernetes,5.4
INT_1904,Cybersecurity Essentials,8.5
INT_1904,System Design,5.4
INT_1904,Frontend Basics (React),5.4
INT_1904,APIs & Microservices,8.5
INT_1905,Python Fundamentals,8.5
INT_1905,Deep Learning,5.4
INT_1905,Cloud Computing (AWS),5.4
INT_1905,Docker & Kubernetes,8.5
INT_1905,Cybersecurity Essentials,5.4
INT_1905,System Design,5.4
INT_1905,Statistics & Probability,5.4
INT_1905,NLP & Text Analytics,5.4
INT_1905,MLOps Pipelines,5.4
INT_1905,Git & Version Control,8.5
INT_1905,APIs & Microservices,5.4
INT_1906,Python Fundamentals,5.8
INT_1906,SQL & Databases,8.5
INT_1906,Machine Learning Basics,5.8
INT_1906,Deep Learning,5.8
INT_1906,Cloud Computing (AWS),5.8
INT_1906,Docker & Kubernetes,5.8
INT_1906,Statistics & Probability,8.5
INT_1906,NLP & Text Analytics,5.8
INT_1906,A/B Testing & Experimentation,8.5
INT_1906,Data Wrangling & Pandas,5.8
INT_1907,SQL & Databases,6.1
INT_1907,Machine Learning Basics,8.5
INT_1907,Deep Learning,8.5
INT_1907,Data Visualization,6.1
INT_1907,Docker & Kubernetes,6.1
INT_1907,Cybersecurity Essentials,6.1
INT_1907,System Design,6.1
INT_1907,Statistics & Probability,6.1
INT_1907,A/B Testing & Experimentation,8.5
INT_1907,Business Intelligence & BI Tools,6.1
INT_1908,Python Fundamentals,6.2
INT_1908,Cloud Computing (AWS),8.5
INT_1908,Docker & Kubernetes,8.5
INT_1908,System Design,8.5
INT_1908,Data Wrangling & Pandas,6.2
INT_1908,Git & Version Control,6.2
INT_1908,APIs & Microservices,6.2
INT_1909,Python Fundamentals,8.5
INT_1909,SQL & Databases,4.3
INT_1909,Machine Learning Basics,4.3
INT_1909,Data Visualization,4.3
INT_1909,Frontend Basics (React),4.3
INT_1909,Statistics & Probability,8.5
INT_1909,MLOps Pipelines,4.3
INT_1909,A/B Testing & Experimentation,4.3
INT_1909,APIs & Microservices,8.5
INT_1909,Time Series Analysis,4.3
INT_1909,Business Intelligence & BI Tools,4.3
INT_1910,Python Fundamentals,4.5
INT_1910,Cloud Computing (AWS),8.5
INT_1910,Docker & Kubernetes,8.5
INT_1910,Cybersecurity Essentials,8.5
INT_1910,APIs & Microservices,4.5
INT_1911,Python Fundamentals,8.5
INT_1911,SQL & Databases,8.5
INT_1911,Statistics & Probability,5.9
INT_1911,Data Wrangling & Pandas,5.9
INT_1911,APIs & Microservices,8.5
INT_1912,Deep Learning,5.7
INT_1912,Cloud Computing (AWS),5.7
INT_1912,System Design,8.5
INT_1912,Git & Version Control,8.5
INT_1912,APIs & Microservices,8.5
INT_1913,Python Fundamentals,8.5
INT_1913,System Design,8.5
INT_1913,Data Wrangling & Pandas,8.5
INT_1914,Python Fundamentals,6.3
INT_1914,SQL & Databases,8.5
INT_1914,Machine Learning Basics,6.3
INT_1914,Data Visualization,6.3
INT_1914,Frontend Basics (React),6.3
INT_1914,Statistics & Probability,8.5
INT_1914,Git & Version Control,6.3
INT_1914,APIs & Microservices,6.3
INT_1914,Business Intelligence & BI Tools,8.5
INT_1915,SQL & Databases,6.4
INT_1915,Machine Learning Basics,8.5
INT_1915,Deep Learning,8.5
INT_1915,Data Visualization,8.5
INT_1915,Data Wrangling & Pandas,6.4
INT_1916,Machine Learning Basics,8.5
INT_1916,Deep Learning,5.9
INT_1916,Data Visualization,5.9
INT_1916,Statistics & Probability,8.5
INT_1916,NLP & Text Analytics,5.9
INT_1916,A/B Testing & Experimentation,8.5
INT_1916,Data Wrangling & Pandas,5.9
INT_1916,Time Series Analysis,5.9
INT_1916,Business Intelligence & BI Tools,5.9
INT_1917,Python Fundamentals,8.5
INT_1917,Data Visualization,8.5
INT_1917,Frontend Basics (React),5.8
INT_1917,Git & Version Control,5.8
INT_1917,APIs & Microservices,8.5
INT_1917,Reinforcement Learning,5.8
INT_1918,SQL & Databases,6.1
INT_1918,Cloud Computing (AWS),6.1
INT_1918,System Design,6.1
INT_1918,Statistics & Probability,6.1
INT_1918,MLOps Pipelines,6.1
INT_1918,Data Wrangling & Pandas,8.5
INT_1918,Git & Version Control,8.5
INT_1918,APIs & Microservices,8.5
INT_1918,Time Series Analysis,6.1
INT_1919,Machine Learning Basics,8.5
INT_1919,Deep Learning,5.0
INT_1919,Data Visualization,5.0
INT_1919,Statistics & Probability,8.5
INT_1919,A/B Testing & Experimentation,5.0
INT_1919,Time Series Analysis,8.5
INT_1920,Machine Learning Basics,8.5
INT_1920,Deep Learning,8.5
INT_1920,Data Visualization,8.5
INT_1921,Python Fundamentals,6.1
INT_1921,SQL & Databases,6.1
INT_1921,Cloud Computing (AWS),6.1
INT_1921,Docker & Kubernetes,6.1
INT_1921,System Design,6.1
INT_1921,Data Wrangling & Pandas,8.5
INT_1921,Git & Version Control,8.5
INT_1921,APIs & Microservices,8.5
INT_1921,Time Series Analysis,6.1
INT_1922,SQL & Databases,7.1
INT_1922,Cloud Computing (AWS),8.5
INT_1922,Docker & Kubernetes,8.5
INT_1922,System Design,7.1
INT_1922,Git & Version Control,8.5
INT_1922,APIs & Microservices,7.1
INT_1923,Cloud Computing (AWS),8.5
INT_1923,Docker & Kubernetes,8.5
INT_1923,Cybersecurity Essentials,6.5
INT_1923,System Design,6.5
INT_1923,Git & Version Control,6.5
INT_1923,APIs & Microservices,8.5
INT_1924,Python Fundamentals,8.5
INT_1924,SQL & Databases,7.2
INT_1924,System Design,8.5
INT_1924,MLOps Pipelines,7.2
INT_1924,Git & Version Control,8.5
INT_1924,APIs & Microservices,7.2
INT_1925,Machine Learning Basics,6.9
INT_1925,Deep Learning,8.5
INT_1925,Data Visualization,8.5
INT_1925,Time Series Analysis,8.5
INT_1926,SQL & Databases,5.9
INT_1926,Machine Learning Basics,8.5
INT_1926,Deep Learning,8.5
INT_1926,Data Visualization,5.9
INT_1926,A/B Testing & Experimentation,8.5
INT_1926,Data Wrangling & Pandas,5.9
INT_1926,Time Series Analysis,5.9
INT_1926,Business Intelligence & BI Tools,5.9
INT_1927,Docker & Kubernetes,8.5
INT_1927,System Design,5.9
INT_1927,Statistics & Probability,8.5
INT_1927,Time Series Analysis,8.5
INT_1928,Cloud Computing (AWS),8.5
INT_1928,Docker & Kubernetes,8.5
INT_1928,Cybersecurity Essentials,8.5
INT_1929,SQL & Databases,8.5
INT_1929,Cloud Computing (AWS),8.5
INT_1929,Docker & Kubernetes,8.5
INT_1930,Python Fundamentals,5.7
INT_1930,SQL & Databases,5.7
INT_1930,Data Visualization,8.5
INT_1930,System Design,5.7
INT_1930,Frontend Basics (React),8.5
INT_1930,Git & Version Control,5.7
INT_1930,APIs & Microservices,5.7
INT_1930,Reinforcement Learning,5.7
INT_1930,Business Intelligence & BI Tools,8.5
INT_1931,SQL & Databases,8.5
INT_1931,Cloud Computing (AWS),8.5
INT_1931,Docker & Kubernetes,8.5
INT_1932,Python Fundamentals,8.5
INT_1932,SQL & Databases,8.5
INT_1932,APIs & Microservices,8.5
INT_1933,Python Fundamentals,8.5
INT_1933,SQL & Databases,8.5
INT_1933,Cybersecurity Essentials,5.9
INT_1933,System Design,5.9
INT_1933,Git & Version Control,8.5
INT_1933,APIs & Microservices,5.9
INT_1933,Business Intelligence & BI Tools,5.9
INT_1934,Machine Learning Basics,8.5
INT_1934,Deep Learning,8.5
INT_1934,Data Visualization,8.5
INT_1935,Python Fundamentals,6.1
INT_1935,Machine Learning Basics,6.1
INT_1935,Data Visualization,8.5
INT_1935,Frontend Basics (React),8.5
INT_1935,APIs & Microservices,8.5
INT_1936,Python Fundamentals,5.9
INT_1936,SQL & Databases,5.9
INT_1936,Statistics & Probability,8.5
INT_1936,Data Wrangling & Pandas,5.9
INT_1936,Git & Version Control,8.5
INT_1936,Time Series Analysis,5.9
INT_1936,Business Intelligence & BI Tools,8.5
INT_1937,Python Fundamentals,8.5
INT_1937,Cloud Computing (AWS),5.7
INT_1937,Docker & Kubernetes,5.7
INT_1937,Cybersecurity Essentials,8.5
INT_1937,System Design,5.7
INT_1937,MLOps Pipelines,8.5
INT_1937,APIs & Microservices,5.7
INT_1938,Python Fundamentals,6.0
INT_1938,Cloud Computing (AWS),8.5
INT_1938,Docker & Kubernetes,8.5
INT_1938,Cybersecurity Essentials,8.5
INT_1939,Python Fundamentals,8.5
INT_1939,Data Visualization,8.5
INT_1939,System Design,8.5
INT_1939,Frontend Basics (React),7.0
INT_1939,Git & Version Control,7.0
INT_1939,APIs & Microservices,7.0
INT_1940,Python Fundamentals,5.9
INT_1940,SQL & Databases,5.9
INT_1940,Data Visualization,5.9
INT_1940,Cloud Computing (AWS),8.5
INT_1940,Docker & Kubernetes,5.9
INT_1940,Cybersecurity Essentials,5.9
INT_1940,System Design,5.9
INT_1940,Git & Version Control,8.5
INT_1940,APIs & Microservices,8.5
INT_1941,Python Fundamentals,7.0
INT_1941,SQL & Databases,7.0
INT_1941,Data Visualization,7.0
INT_1941,Frontend Basics (React),7.0
INT_1941,Statistics & Probability,8.5
INT_1941,NLP & Text Analytics,7.0
INT_1941,A/B Testing & Experimentation,8.5
INT_1941,Git & Version Control,7.0
INT_1941,APIs & Microservices,7.0
INT_1941,Time Series Analysis,8.5
INT_1942,Python Fundamentals,5.5
INT_1942,SQL & Databases,5.5
INT_1942,Cloud Computing (AWS),5.5
INT_1942,Docker & Kubernetes,5.5
INT_1942,Cybersecurity Essentials,5.5
INT_1942,System Design,5.5
INT_1942,MLOps Pipelines,8.5
INT_1942,A/B Testing & Experimentation,8.5
INT_1942,Git & Version Control,5.5
INT_1942,APIs & Microservices,5.5
INT_1942,Business Intelligence & BI Tools,8.5
INT_1943,SQL & Databases,8.1
INT_1943,Machine Learning Basics,8.1
INT_1943,Deep Learning,8.1
INT_1943,Data Visualization,8.1
INT_1943,Cloud Computing (AWS),8.1
INT_1943,Docker & Kubernetes,8.1
INT_1943,Statistics & Probability,8.1
INT_1943,A/B Testing & Experimentation,8.5
INT_1943,Data Wrangling & Pandas,8.5
INT_1943,Business Intelligence & BI Tools,8.5
INT_1944,SQL & Databases,8.5
INT_1944,Data Visualization,5.9
INT_1944,Statistics & Probability,5.9
INT_1944,A/B Testing & Experimentation,8.5
INT_1944,Business Intelligence & BI Tools,8.5
INT_1945,SQL & Databases,8.5
INT_1945,Data Visualization,6.3
INT_1945,Cloud Computing (AWS),8.5
INT_1945,Docker & Kubernetes,6.3
INT_1945,System Design,6.3
INT_1945,Statistics & Probability,6.3
INT_1945,MLOps Pipelines,6.3
INT_1945,Git & Version Control,6.3
INT_1945,Time Series Analysis,8.5
INT_1945,Business Intelligence & BI Tools,6.3
INT_1946,Machine Learning Basics,8.5
INT_1946,Deep Learning,4.1
INT_1946,Data Visualization,4.1
INT_1946,Statistics & Probability,8.5
INT_1946,A/B Testing & Experimentation,4.1
INT_1946,Data Wrangling & Pandas,8.5
INT_1946,Time Series Analysis,4.1
INT_1947,Python Fundamentals,7.4
INT_1947,SQL & Databases,7.4
INT_1947,Docker & Kubernetes,7.4
INT_1947,Cybersecurity Essentials,8.5
INT_1947,System Design,8.5
INT_1947,MLOps Pipelines,7.4
INT_1947,Git & Version Control,8.5
INT_1947,APIs & Microservices,7.4
INT_1947,Business Intelligence & BI Tools,7.4
INT_1948,Python Fundamentals,5.6
INT_1948,System Design,8.5
INT_1948,Git & Version Control,8.5
INT_1948,APIs & Microservices,8.5
INT_1949,Data Visualization,8.5
INT_1949,Statistics & Probability,8.5
INT_1949,A/B Testing & Experimentation,8.5
INT_1950,Python Fundamentals,6.5
INT_1950,SQL & Databases,6.5
INT_1950,Cloud Computing (AWS),8.5
INT_1950,Docker & Kubernetes,6.5
INT_1950,Cybersecurity Essentials,8.5
INT_1950,System Design,6.5
INT_1950,MLOps Pipelines,6.5
INT_1950,Data Wrangling & Pandas,6.5
INT_1950,Git & Version Control,6.5
INT_1950,APIs & Microservices,6.5
INT_1950,Business Intelligence & BI Tools,8.5
INT_1951,Python Fundamentals,8.5
INT_1951,System Design,8.5
INT_1951,MLOps Pipelines,6.7
INT_1951,Git & Version Control,6.7
INT_1951,APIs & Microservices,8.5
INT_1952,Python Fundamentals,5.4
INT_1952,SQL & Databases,8.5
INT_1952,Machine Learning Basics,8.5
INT_1952,Deep Learning,5.4
INT_1952,Data Visualization,5.4
INT_1952,Frontend Basics (React),5.4
INT_1952,Git & Version Control,5.4
INT_1952,APIs & Microservices,5.4
INT_1952,Time Series Analysis,5.4
INT_1952,Business Intelligence & BI Tools,8.5
INT_1953,Python Fundamentals,5.2
INT_1953,SQL & Databases,5.2
INT_1953,Cloud Computing (AWS),5.2
INT_1953,Docker & Kubernetes,8.5
INT_1953,Cybersecurity Essentials,5.2
INT_1953,System Design,8.5
INT_1953,Statistics & Probability,5.2
INT_1953,MLOps Pipelines,5.2
INT_1953,Git & Version Control,5.2
INT_1953,APIs & Microservices,8.5
INT_1954,Python Fundamentals,6.9
INT_1954,SQL & Databases,8.5
INT_1954,Statistics & Probability,6.9
INT_1954,MLOps Pipelines,6.9
INT_1954,Git & Version Control,8.5
INT_1954,Time Series Analysis,6.9
INT_1954,Business Intelligence & BI Tools,8.5
INT_1955,Python Fundamentals,8.5
INT_1955,Data Visualization,6.9
INT_1955,Frontend Basics (React),8.5
INT_1955,Git & Version Control,6.9
INT_1955,APIs & Microservices,8.5
INT_1955,Reinforcement Learning,6.9
INT_1955,Business Intelligence & BI Tools,6.9
INT_1956,Python Fundamentals,5.0
INT_1956,SQL & Databases,5.0
INT_1956,Cloud Computing (AWS),8.5
INT_1956,Docker & Kubernetes,8.5
INT_1956,System Design,5.0
INT_1956,Frontend Basics (React),5.0
INT_1956,NLP & Text Analytics,5.0
INT_1956,Data Wrangling & Pandas,5.0
INT_1956,Git & Version Control,8.5
INT_1956,APIs & Microservices,5.0
INT_1957,SQL & Databases,5.7
INT_1957,Machine Learning Basics,8.5
INT_1957,Deep Learning,5.7
INT_1957,Data Visualization,5.7
INT_1957,Statistics & Probability,8.5
INT_1957,NLP & Text Analytics,8.5
INT_1957,Data Wrangling & Pandas,5.7
INT_1958,Machine Learning Basics,6.8
INT_1958,Deep Learning,6.8
INT_1958,Docker & Kubernetes,8.5
INT_1958,System Design,8.5
INT_1958,Statistics & Probability,6.8
INT_1958,MLOps Pipelines,6.8
INT_1958,Time Series Analysis,8.5
INT_1958,Business Intelligence & BI Tools,6.8
INT_1959,SQL & Databases,5.3
INT_1959,Machine Learning Basics,5.3
INT_1959,Deep Learning,5.3
INT_1959,Data Visualization,5.3
INT_1959,Statistics & Probability,8.5
INT_1959,NLP & Text Analytics,8.5
INT_1959,A/B Testing & Experimentation,5.3
INT_1959,Data Wrangling & Pandas,5.3
INT_1959,Time Series Analysis,8.5
INT_1959,Business Intelligence & BI Tools,5.3
INT_1960,Python Fundamentals,7.0
INT_1960,SQL & Databases,7.0
INT_1960,Deep Learning,7.0
INT_1960,Cloud Computing (AWS),7.0
INT_1960,Docker & Kubernetes,8.5
INT_1960,Cybersecurity Essentials,8.5
INT_1960,Statistics & Probability,7.0
INT_1960,Git & Version Control,7.0
INT_1960,APIs & Microservices,8.5
INT_1960,Time Series Analysis,7.0
INT_1961,Python Fundamentals,8.5
INT_1961,Data Visualization,5.7
INT_1961,Frontend Basics (React),8.5
INT_1961,Git & Version Control,5.7
INT_1961,APIs & Microservices,5.7
INT_1961,Time Series Analysis,8.5
INT_1962,Python Fundamentals,5.9
INT_1962,SQL & Databases,8.5
INT_1962,Cloud Computing (AWS),5.9
INT_1962,Docker & Kubernetes,5.9
INT_1962,System Design,5.9
INT_1962,Statistics & Probability,8.5
INT_1962,MLOps Pipelines,5.9
INT_1962,Data Wrangling & Pandas,8.5
INT_1962,Git & Version Control,5.9
INT_1962,APIs & Microservices,5.9
INT_1962,Reinforcement Learning,5.9
INT_1963,Python Fundamentals,6.9
INT_1963,Machine Learning Basics,6.9
INT_1963,Cloud Computing (AWS),6.9
INT_1963,Docker & Kubernetes,6.9
INT_1963,Cybersecurity Essentials,8.5
INT_1963,System Design,6.9
INT_1963,MLOps Pipelines,8.5
INT_1963,A/B Testing & Experimentation,6.9
INT_1963,Git & Version Control,6.9
INT_1963,APIs & Microservices,8.5
INT_1963,Reinforcement Learning,6.9
INT_1964,Cloud Computing (AWS),8.5
INT_1964,Docker & Kubernetes,8.5
INT_1964,Cybersecurity Essentials,8.5
INT_1965,SQL & Databases,8.5
INT_1965,Cloud Computing (AWS),5.7
INT_1965,System Design,8.5
INT_1965,Data Wrangling & Pandas,8.5
INT_1965,Git & Version Control,5.7
INT_1965,APIs & Microservices,5.7
INT_1966,Data Visualization,8.5
INT_1966,System Design,6.2
INT_1966,Statistics & Probability,6.2
INT_1966,Git & Version Control,6.2
INT_1966,APIs & Microservices,8.5
INT_1966,Time Series Analysis,8.5
INT_1967,Python Fundamentals,8.5
INT_1967,SQL & Databases,5.7
INT_1967,Deep Learning,5.7
INT_1967,Cloud Computing (AWS),5.7
INT_1967,Docker & Kubernetes,5.7
INT_1967,Cybersecurity Essentials,5.7
INT_1967,System Design,8.5
INT_1967,Statistics & Probability,8.5
INT_1967,NLP & Text Analytics,5.7
INT_1967,Git & Version Control,5.7
INT_1967,APIs & Microservices,5.7
INT_1968,SQL & Databases,8.5
INT_1968,Data Visualization,8.5
INT_1968,Statistics & Probability,5.5
INT_1968,A/B Testing & Experimentation,8.5
INT_1969,Cloud Computing (AWS),8.5
INT_1969,Docker & Kubernetes,8.5
INT_1969,Cybersecurity Essentials,8.5
INT_1970,Python Fundamentals,7.8
INT_1970,Deep Learning,7.8
INT_1970,System Design,7.8
INT_1970,Statistics & Probability,7.8
INT_1970,MLOps Pipelines,8.5
INT_1970,A/B Testing & Experimentation,8.5
INT_1970,Data Wrangling & Pandas,7.8
INT_1970,Git & Version Control,8.5
INT_1970,Reinforcement Learning,7.8
INT_1971,Python Fundamentals,7.2
INT_1971,SQL & Databases,7.2
INT_1971,Cloud Computing (AWS),8.5
INT_1971,Docker & Kubernetes,8.5
INT_1971,System Design,8.5
INT_1971,MLOps Pipelines,7.2
INT_1971,Git & Version Control,7.2
INT_1971,APIs & Microservices,7.2
INT_1971,Time Series Analysis,7.2
INT_1972,Python Fundamentals,6.6
INT_1972,Data Visualization,8.5
INT_1972,Cloud Computing (AWS),6.6
INT_1972,Frontend Basics (React),8.5
INT_1972,Git & Version Control,8.5
INT_1972,APIs & Microservices,6.6
INT_1973,Python Fundamentals,8.5
INT_1973,System Design,8.5
INT_1973,NLP & Text Analytics,7.6
INT_1973,Data Wrangling & Pandas,8.5
INT_1973,Git & Version Control,7.6
INT_1974,SQL & Databases,8.5
INT_1974,Docker & Kubernetes,6.7
INT_1974,Data Wrangling & Pandas,6.7
INT_1974,Git & Version Control,8.5
INT_1974,Business Intelligence & BI Tools,8.5
INT_1975,SQL & Databases,8.5
INT_1975,Statistics & Probability,5.6
INT_1975,MLOps Pipelines,5.6
INT_1975,A/B Testing & Experimentation,8.5
INT_1975,Data Wrangling & Pandas,5.6
INT_1975,Git & Version Control,8.5
INT_1975,Reinforcement Learning,5.6
INT_1976,Python Fundamentals,8.5
INT_1976,SQL & Databases,6.3
INT_1976,Deep Learning,6.3
INT_1976,Cloud Computing (AWS),8.5
INT_1976,Docker & Kubernetes,8.5
INT_1976,Cybersecurity Essentials,6.3
INT_1976,System Design,6.3
INT_1976,Data Wrangling & Pandas,6.3
INT_1976,Git & Version Control,6.3
INT_1976,APIs & Microservices,6.3
INT_1976,Business Intelligence & BI Tools,6.3
INT_1977,SQL & Databases,6.4
INT_1977,System Design,8.5
INT_1977,Frontend Basics (React),6.4
INT_1977,Data Wrangling & Pandas,8.5
INT_1977,Git & Version Control,8.5
INT_1977,APIs & Microservices,6.4
INT_1978,Cloud Computing (AWS),8.5
INT_1978,Docker & Kubernetes,8.5
INT_1978,Statistics & Probability,8.5
INT_1978,NLP & Text Analytics,6.2
INT_1978,Reinforcement Learning,6.2
INT_1979,SQL & Databases,5.4
INT_1979,Data Visualization,5.4
INT_1979,System Design,5.4
INT_1979,Frontend Basics (React),8.5
INT_1979,Statistics & Probability,5.4
INT_1979,NLP & Text Analytics,5.4
INT_1979,A/B Testing & Experimentation,8.5
INT_1979,Git & Version Control,8.5
INT_1979,APIs & Microservices,5.4
INT_1979,Time Series Analysis,5.4
INT_1979,Business Intelligence & BI Tools,5.4
INT_1980,Machine Learning Basics,8.5
INT_1980,Deep Learning,8.5
INT_1980,Data Visualization,8.5
INT_1980,A/B Testing & Experimentation,6.6
INT_1981,Python Fundamentals,8.5
INT_1981,Docker & Kubernetes,6.1
INT_1981,Data Wrangling & Pandas,6.1
INT_1981,Git & Version Control,8.5
INT_1981,APIs & Microservices,8.5
INT_1982,Python Fundamentals,8.5
INT_1982,SQL & Databases,5.5
INT_1982,Cloud Computing (AWS),5.5
INT_1982,Docker & Kubernetes,5.5
INT_1982,System Design,5.5
INT_1982,Frontend Basics (React),8.5
INT_1982,Data Wrangling & Pandas,5.5
INT_1982,Git & Version Control,8.5
INT_1982,APIs & Microservices,5.5
INT_1983,Python Fundamentals,8.5
INT_1983,System Design,5.2
INT_1983,Data Wrangling & Pandas,8.5
INT_1983,Git & Version Control,8.5
INT_1984,Python Fundamentals,8.5
INT_1984,Data Visualization,8.5
INT_1984,Cloud Computing (AWS),6.8
INT_1984,Docker & Kubernetes,6.8
INT_1984,System Design,6.8
INT_1984,Statistics & Probability,6.8
INT_1984,Git & Version Control,6.8
INT_1984,Time Series Analysis,8.5
INT_1984,Business Intelligence & BI Tools,6.8
INT_1985,Python Fundamentals,8.5
INT_1985,SQL & Databases,5.2
INT_1985,Data Visualization,5.2
INT_1985,Cloud Computing (AWS),5.2
INT_1985,Docker & Kubernetes,5.2
INT_1985,System Design,8.5
INT_1985,Data Wrangling & Pandas,5.2
INT_1985,Git & Version Control,8.5
INT_1985,APIs & Microservices,5.2
INT_1985,Time Series Analysis,5.2
INT_1986,Python Fundamentals,6.7
INT_1986,SQL & Databases,6.7
INT_1986,Cloud Computing (AWS),6.7
INT_1986,Docker & Kubernetes,6.7
INT_1986,Cybersecurity Essentials,6.7
INT_1986,System Design,6.7
INT_1986,Data Wrangling & Pandas,8.5
INT_1986,Git & Version Control,8.5
INT_1986,APIs & Microservices,8.5
INT_1986,Time Series Analysis,6.7
INT_1986,Business Intelligence & BI Tools,6.7
INT_1987,Python Fundamentals,8.5
INT_1987,SQL & Databases,6.2
INT_1987,Data Visualization,8.5
INT_1987,Cloud Computing (AWS),6.2
INT_1987,System Design,6.2
INT_1987,Statistics & Probability,6.2
INT_1987,Data Wrangling & Pandas,6.2
INT_1987,Git & Version Control,6.2
INT_1987,APIs & Microservices,6.2
INT_1987,Time Series Analysis,6.2
INT_1987,Business Intelligence & BI Tools,8.5
INT_1988,Machine Learning Basics,8.5
INT_1988,Deep Learning,8.5
INT_1988,Data Visualization,8.5
INT_1989,Python Fundamentals,6.8
INT_1989,Data Visualization,8.5
INT_1989,System Design,8.5
INT_1989,Statistics & Probability,6.8
INT_1989,MLOps Pipelines,6.8
INT_1989,Data Wrangling & Pandas,8.5
INT_1990,SQL & Databases,8.5
INT_1990,Machine Learning Basics,7.5
INT_1990,Deep Learning,7.5
INT_1990,Data Visualization,7.5
INT_1990,System Design,8.5
INT_1990,Statistics & Probability,7.5
INT_1990,NLP & Text Analytics,7.5
INT_1990,A/B Testing & Experimentation,7.5
INT_1990,Data Wrangling & Pandas,8.5
INT_1990,Time Series Analysis,7.5
INT_1990,Business Intelligence & BI Tools,7.5
INT_1991,Deep Learning,7.0
INT_1991,Data Visualization,8.5
INT_1991,Docker & Kubernetes,7.0
INT_1991,Frontend Basics (React),8.5
INT_1991,Git & Version Control,8.5
INT_1991,APIs & Microservices,7.0
INT_1992,SQL & Databases,8.5
INT_1992,System Design,8.5
INT_1992,Data Wrangling & Pandas,8.5
INT_1993,Machine Learning Basics,6.8
INT_1993,Deep Learning,6.8
INT_1993,Data Visualization,6.8
INT_1993,Statistics & Probability,8.5
INT_1993,NLP & Text Analytics,6.8
INT_1993,A/B Testing & Experimentation,8.5
INT_1993,Data Wrangling & Pandas,6.8
INT_1993,Time Series Analysis,8.5
INT_1994,Python Fundamentals,8.5
INT_1994,SQL & Databases,4.8
INT_1994,Cloud Computing (AWS),4.8
INT_1994,System Design,8.5
INT_1994,Frontend Basics (React),8.5
INT_1994,Data Wrangling & Pandas,4.8
INT_1994,APIs & Microservices,4.8
INT_1995,Python Fundamentals,5.9
INT_1995,SQL & Databases,5.9
INT_1995,Cloud Computing (AWS),5.9
INT_1995,Docker & Kubernetes,8.5
INT_1995,Cybersecurity Essentials,8.5
INT_1995,System Design,8.5
INT_1995,Statistics & Probability,5.9
INT_1995,APIs & Microservices,5.9
INT_1996,SQL & Databases,8.5
INT_1996,Machine Learning Basics,4.5
INT_1996,Statistics & Probability,8.5
INT_1996,NLP & Text Analytics,8.5
INT_1996,MLOps Pipelines,4.5
INT_1996,A/B Testing & Experimentation,4.5
INT_1996,Data Wrangling & Pandas,4.5
INT_1996,Reinforcement Learning,4.5
INT_1997,Python Fundamentals,8.5
INT_1997,Data Visualization,5.9
INT_1997,Docker & Kubernetes,5.9
INT_1997,MLOps Pipelines,8.5
INT_1997,Data Wrangling & Pandas,5.9
INT_1997,Git & Version Control,8.5
INT_1997,APIs & Microservices,5.9
INT_1998,Cloud Computing (AWS),8.5
INT_1998,Docker & Kubernetes,8.5
INT_1998,A/B Testing & Experimentation,8.5
INT_1999,Data Visualization,8.5
INT_1999,Cloud Computing (AWS),5.1
INT_1999,Docker & Kubernetes,8.5
INT_1999,Statistics & Probability,5.1
INT_1999,NLP & Text Analytics,5.1
INT_1999,Data Wrangling & Pandas,8.5
INT_1999,APIs & Microservices,5.1
INT_1999,Time Series Analysis,5.1
INT_1999,Business Intelligence & BI Tools,5.1
