intern_id,department,education_background,gpa,prior_internships,python_skill_score,math_stat_score,sql_score,ml_knowledge_score,cloud_infra_score,hours_per_week,learning_style,preferred_time,mentor_interaction_pref,primary_device,courses_completed_count,completed_courses,avg_quiz_score_pct,session_completion_rate,engagement_score,dropout_risk,satisfaction_rating,days_since_joining,peers_similar_dept_took,recommended_course_1,recommended_course_2,recommended_course_3
INT_1000,Software Engineering,Computer Science,3.21,0,7.8,5.7,6.3,8.3,3.0,12.7,Video,No Preference,High,Mixed,5,"Python Fundamentals, Cloud Computing (AWS), Docker & Kubernetes, System Design, APIs & Microservices",60.6,0.86,7.0,Low,4.5,121,SQL & Databases,SQL & Databases,Frontend Basics (React),Data Wrangling & Pandas
INT_1001,Software Engineering,Electrical Engineering,3.06,2,3.8,10.0,5.7,4.3,2.4,10.8,Mixed,Evening,Medium,Tablet,0,,60.5,0.85,6.7,Low,4.3,177,Python Fundamentals,SQL & Databases,APIs & Microservices,Data Wrangling & Pandas
INT_1002,Software Engineering,Mathematics,3.33,1,7.8,4.6,1.6,4.1,2.5,7.5,Video,Night Owl,Medium,Mixed,6,"System Design, Frontend Basics (React), Data Wrangling & Pandas, Git & Version Control, Time Series Analysis, Reinforcement Learning",72.5,0.8,6.5,Low,3.0,170,Python Fundamentals,APIs & Microservices,Python Fundamentals,Cloud Computing (AWS)
INT_1003,Data Science,Electrical Engineering,3.22,2,7.1,7.2,6.8,6.2,5.1,6.1,Video,Morning,Low,Mixed,7,"SQL & Databases, Machine Learning Basics, Deep Learning, Data Visualization, NLP & Text Analytics, Data Wrangling & Pandas, Business Intelligence & BI Tools",84.5,0.37,5.2,High,3.4,28,Statistics & Probability,Time Series Analysis,Statistics & Probability,A/B Testing & Experimentation
INT_1004,Data Engineering,Mathematics,2.89,1,6.4,4.1,5.1,4.8,9.0,5.7,Reading,Night Owl,Medium,Desktop,6,"Data Visualization, Cloud Computing (AWS), Data Wrangling & Pandas, APIs & Microservices, Time Series Analysis, Business Intelligence & BI Tools",70.7,0.93,6.6,Low,3.8,43,Python Fundamentals,SQL & Databases,MLOps Pipelines,Python Fundamentals
INT_1005,Frontend Dev,Information Systems,3.2,3,6.6,5.3,6.5,3.2,1.7,9.4,Mixed,Evening,Medium,Mixed,7,"Python Fundamentals, Data Visualization, Cloud Computing (AWS), Frontend Basics (React), Git & Version Control, APIs & Microservices, Reinforcement Learning",95.2,0.78,7.5,Low,4.2,143,SQL & Databases,A/B Testing & Experimentation,Time Series Analysis,Statistics & Probability
INT_1006,Software Engineering,Computer Science,3.2,3,4.8,6.9,4.7,6.1,3.3,12.3,Video,No Preference,High,Tablet,6,"Cloud Computing (AWS), Docker & Kubernetes, Frontend Basics (React), NLP & Text Analytics, Data Wrangling & Pandas, Git & Version Control",40.8,0.56,5.2,Medium,3.3,106,Python Fundamentals,APIs & Microservices,Python Fundamentals,System Design
INT_1007,Cybersecurity,Mathematics,3.09,1,5.5,5.2,6.8,6.6,1.5,11.3,Video,Morning,High,Desktop,2,"SQL & Databases, Deep Learning",77.5,0.88,7.5,Low,4.4,126,Python Fundamentals,Python Fundamentals,System Design,Git & Version Control
INT_1008,Cybersecurity,Electrical Engineering,3.82,0,6.3,5.4,4.3,0.4,6.0,5.4,Reading,Night Owl,Medium,Tablet,2,"Cloud Computing (AWS), APIs & Microservices",71.2,0.62,5.5,Medium,4.8,166,Python Fundamentals,Cybersecurity Essentials,Docker & Kubernetes,Git & Version Control
INT_1009,Frontend Dev,Physics,3.61,1,9.6,6.9,2.1,5.6,1.5,11.5,Hands-on Projects,No Preference,High,Desktop,2,"Data Visualization, Data Wrangling & Pandas",81.2,0.58,6.6,Medium,4.5,64,Python Fundamentals,APIs & Microservices,Python Fundamentals,Git & Version Control
INT_1010,DevOps,Mathematics,3.19,2,6.8,6.6,6.7,4.3,6.6,16.2,Video,Night Owl,High,Desktop,4,"Docker & Kubernetes, System Design, Data Wrangling & Pandas, APIs & Microservices",53.0,0.89,7.4,Low,4.7,108,Python Fundamentals,Cloud Computing (AWS),SQL & Databases,Cybersecurity Essentials
INT_1011,DevOps,Statistics,2.8,1,4.5,3.0,3.8,6.7,3.9,8.5,Video,Afternoon,Medium,Mixed,1,Data Visualization,56.7,0.74,5.8,Medium,3.4,117,Python Fundamentals,Python Fundamentals,System Design,Git & Version Control
INT_1012,Frontend Dev,Information Systems,3.51,2,2.9,8.2,7.2,0.6,1.5,9.5,Mixed,Morning,Low,Laptop,6,"Python Fundamentals, Data Visualization, Docker & Kubernetes, Frontend Basics (React), Git & Version Control, Business Intelligence & BI Tools",77.1,0.65,6.4,Medium,4.4,62,APIs & Microservices,APIs & Microservices,SQL & Databases,Data Wrangling & Pandas
INT_1013,Cloud Infrastructure,Statistics,3.52,0,7.1,4.2,4.0,8.7,3.8,4.2,Peer-learning,Night Owl,Low,Tablet,2,"Cloud Computing (AWS), Git & Version Control",68.2,0.69,5.4,Medium,4.5,105,Python Fundamentals,SQL & Databases,APIs & Microservices,Cybersecurity Essentials
INT_1014,DevOps,Statistics,3.16,1,4.3,7.7,8.9,3.0,0.2,8.6,Reading,Night Owl,Low,Mixed,2,"Cloud Computing (AWS), Docker & Kubernetes",94.9,0.88,7.7,Low,4.2,98,Python Fundamentals,System Design,Python Fundamentals,APIs & Microservices
INT_1015,Backend Dev,Statistics,3.92,1,10.0,3.4,4.6,0.8,0.8,12.0,Mixed,Evening,High,Laptop,3,"MLOps Pipelines, Git & Version Control, APIs & Microservices",73.7,0.79,7.1,Low,5.0,173,Python Fundamentals,SQL & Databases,Python Fundamentals,Data Wrangling & Pandas
INT_1016,Cybersecurity,Information Systems,2.52,2,5.7,7.3,8.4,0.9,8.0,7.5,Mixed,Morning,Low,Desktop,1,Data Visualization,70.9,0.84,6.5,Low,5.0,127,Python Fundamentals,Python Fundamentals,Git & Version Control,System Design
INT_1017,Cybersecurity,Mathematics,2.97,2,6.9,7.8,5.5,6.7,4.8,6.3,Video,Night Owl,Medium,Mixed,7,"Data Visualization, Cloud Computing (AWS), Docker & Kubernetes, Cybersecurity Essentials, System Design, Data Wrangling & Pandas, Git & Version Control",85.9,0.71,6.4,Medium,3.8,97,Python Fundamentals,SQL & Databases,Python Fundamentals,APIs & Microservices
INT_1018,Product Management,Information Systems,3.05,1,4.3,7.9,4.2,6.1,2.9,13.7,Peer-learning,Night Owl,High,Desktop,3,"SQL & Databases, Git & Version Control, Business Intelligence & BI Tools",51.0,0.92,7.1,Low,4.6,88,Data Visualization,Data Visualization,A/B Testing & Experimentation,Statistics & Probability
INT_1019,DevOps,Business Analytics,3.52,0,9.2,7.2,7.9,2.9,3.9,10.6,Mixed,Morning,Medium,Mixed,2,"System Design, Data Wrangling & Pandas",58.7,0.87,6.7,Low,5.0,104,Python Fundamentals,Docker & Kubernetes,Cloud Computing (AWS),Cybersecurity Essentials
INT_1020,Frontend Dev,Statistics,2.53,0,5.1,3.7,1.2,3.8,6.5,10.6,Reading,Evening,High,Laptop,8,"Python Fundamentals, Machine Learning Basics, Data Visualization, Frontend Basics (React), Git & Version Control, APIs & Microservices, Reinforcement Learning, Business Intelligence & BI Tools",83.9,0.68,6.9,Medium,4.7,159,SQL & Databases,Data Wrangling & Pandas,System Design,Cybersecurity Essentials
INT_1021,Software Engineering,Electrical Engineering,3.45,0,5.6,5.1,3.5,1.8,6.7,8.6,Hands-on Projects,No Preference,Medium,Tablet,1,Cloud Computing (AWS),51.1,0.69,5.5,Medium,5.0,114,Python Fundamentals,Frontend Basics (React),Data Wrangling & Pandas,APIs & Microservices
INT_1022,Backend Dev,Information Systems,3.5,2,6.3,9.8,7.0,2.6,1.6,4.0,Hands-on Projects,Morning,Medium,Laptop,0,,64.0,0.86,5.8,Low,5.0,99,Python Fundamentals,Data Wrangling & Pandas,Python Fundamentals,APIs & Microservices
INT_1023,Frontend Dev,Business Analytics,3.96,2,4.0,6.5,7.6,4.5,2.5,8.7,Reading,Night Owl,Low,Laptop,8,"Python Fundamentals, Data Visualization, Cybersecurity Essentials, Frontend Basics (React), NLP & Text Analytics, MLOps Pipelines, Git & Version Control, APIs & Microservices",49.1,0.63,5.2,Medium,3.6,25,SQL & Databases,Machine Learning Basics,A/B Testing & Experimentation,Reinforcement Learning
INT_1024,Product Management,Business Analytics,3.51,0,4.3,10.0,8.0,3.0,5.9,8.7,Reading,Afternoon,Low,Tablet,2,"Data Visualization, Business Intelligence & BI Tools",85.8,0.58,6.3,Medium,5.0,43,SQL & Databases,SQL & Databases,Statistics & Probability,A/B Testing & Experimentation
INT_1025,Frontend Dev,Business Analytics,3.19,1,5.7,8.0,5.6,4.0,5.2,3.0,Mixed,No Preference,Low,Mixed,8,"Machine Learning Basics, Data Visualization, Cloud Computing (AWS), Docker & Kubernetes, Frontend Basics (React), Statistics & Probability, Git & Version Control, APIs & Microservices",66.3,0.67,5.1,Medium,4.0,173,Python Fundamentals,Python Fundamentals,Business Intelligence & BI Tools,System Design
INT_1026,Data Science,Information Systems,3.22,1,4.5,5.0,2.9,2.6,0.5,8.2,Hands-on Projects,Morning,Low,Desktop,0,,71.0,0.58,5.7,Medium,4.9,126,Data Visualization,Data Visualization,Deep Learning,Machine Learning Basics
INT_1027,Data Science,Statistics,3.61,1,4.9,6.4,4.9,6.9,3.6,5.7,Mixed,Night Owl,Medium,Desktop,6,"Python Fundamentals, Machine Learning Basics, Deep Learning, Data Visualization, Statistics & Probability, NLP & Text Analytics",73.6,0.83,6.3,Low,3.6,30,SQL & Databases,Data Wrangling & Pandas,SQL & Databases,Business Intelligence & BI Tools
INT_1028,Software Engineering,Economics,3.89,0,4.1,3.8,8.7,6.2,3.5,8.2,Hands-on Projects,Afternoon,Low,Mixed,8,"Python Fundamentals, Deep Learning, Data Visualization, Cloud Computing (AWS), Docker & Kubernetes, System Design, Frontend Basics (React), APIs & Microservices",90.1,0.72,6.9,Low,5.0,75,SQL & Databases,Data Wrangling & Pandas,Git & Version Control,SQL & Databases
INT_1029,Cloud Infrastructure,Business Analytics,3.53,0,5.4,7.6,5.1,8.5,3.3,10.5,Hands-on Projects,Afternoon,Medium,Laptop,0,,77.0,0.19,4.9,High,3.4,103,Python Fundamentals,System Design,Git & Version Control,Python Fundamentals
INT_1030,Cloud Infrastructure,Computer Science,2.63,0,6.3,6.3,6.6,4.9,5.4,5.8,Video,No Preference,Low,Mixed,3,"Cloud Computing (AWS), MLOps Pipelines, Git & Version Control",71.2,0.76,6.0,Medium,3.6,176,Python Fundamentals,Cybersecurity Essentials,Docker & Kubernetes,Python Fundamentals
INT_1031,Data Engineering,Computer Science,3.33,1,10.0,7.2,4.3,6.0,2.2,7.5,Peer-learning,Night Owl,High,Desktop,4,"Data Visualization, Docker & Kubernetes, Data Wrangling & Pandas, Time Series Analysis",61.2,0.79,6.0,Medium,3.9,55,Python Fundamentals,MLOps Pipelines,SQL & Databases,Business Intelligence & BI Tools
INT_1032,Software Engineering,Mathematics,3.16,0,8.9,5.2,0.1,2.6,0.0,8.1,Mixed,Morning,High,Mixed,7,"SQL & Databases, Machine Learning Basics, Cloud Computing (AWS), System Design, Frontend Basics (React), Data Wrangling & Pandas, APIs & Microservices",79.5,0.87,7.0,Low,5.0,168,Python Fundamentals,Python Fundamentals,Git & Version Control,Docker & Kubernetes
INT_1033,Software Engineering,Statistics,3.9,1,6.7,5.0,5.7,2.0,1.8,9.2,Peer-learning,No Preference,High,Desktop,4,"Python Fundamentals, Docker & Kubernetes, System Design, Data Wrangling & Pandas",86.0,0.57,6.4,Medium,3.9,128,SQL & Databases,SQL & Databases,Git & Version Control,APIs & Microservices
INT_1034,Backend Dev,Computer Science,3.9,0,7.2,9.8,3.0,1.2,0.0,10.0,Video,Evening,Medium,Mixed,7,"SQL & Databases, Docker & Kubernetes, Cybersecurity Essentials, System Design, Data Wrangling & Pandas, Git & Version Control, APIs & Microservices",100.0,0.7,7.4,Low,3.5,162,Python Fundamentals,Python Fundamentals,Cloud Computing (AWS),Data Visualization
INT_1035,ML Engineering,Cognitive Science,2.88,0,5.2,5.2,3.8,2.8,5.5,5.8,Hands-on Projects,No Preference,Medium,Tablet,2,"Docker & Kubernetes, Statistics & Probability",74.7,0.32,4.6,High,5.0,88,Python Fundamentals,Cloud Computing (AWS),System Design,A/B Testing & Experimentation
INT_1036,Backend Dev,Electrical Engineering,3.33,0,5.4,7.6,6.7,3.9,2.6,7.4,Video,Night Owl,High,Mixed,1,Data Wrangling & Pandas,58.2,0.61,5.3,Medium,3.9,76,Python Fundamentals,Python Fundamentals,System Design,APIs & Microservices
INT_1037,Data Engineering,Business Analytics,2.99,0,3.1,6.0,5.2,2.3,3.8,10.0,Reading,Night Owl,Low,Laptop,1,Cloud Computing (AWS),100.0,0.7,7.4,Low,3.5,128,Python Fundamentals,SQL & Databases,Business Intelligence & BI Tools,Time Series Analysis
INT_1038,Frontend Dev,Information Systems,3.38,1,8.6,0.7,0.0,0.9,1.0,8.9,Video,Afternoon,Medium,Mixed,0,,57.1,0.91,6.5,Low,5.0,78,Python Fundamentals,Python Fundamentals,Git & Version Control,Data Visualization
INT_1039,Backend Dev,Information Systems,2.62,1,8.3,2.8,5.6,4.1,0.5,11.0,Video,Night Owl,High,Tablet,3,"SQL & Databases, Docker & Kubernetes, APIs & Microservices",85.5,0.79,7.4,Low,4.7,68,Python Fundamentals,Git & Version Control,System Design,Python Fundamentals
INT_1040,Data Engineering,Bioinformatics,2.6,1,1.8,9.5,1.9,2.0,6.3,10.3,Peer-learning,Evening,Medium,Laptop,3,"SQL & Databases, Git & Version Control, Business Intelligence & BI Tools",91.8,0.93,8.0,Low,4.6,141,Python Fundamentals,Docker & Kubernetes,Cloud Computing (AWS),MLOps Pipelines
INT_1041,Backend Dev,Bioinformatics,2.98,0,5.6,5.9,1.7,8.3,3.7,12.9,Reading,Night Owl,Low,Tablet,4,"Python Fundamentals, SQL & Databases, Statistics & Probability, APIs & Microservices",72.2,0.92,7.7,Low,4.9,179,Cloud Computing (AWS),Data Wrangling & Pandas,System Design,Git & Version Control
INT_1042,Cybersecurity,Bioinformatics,2.94,1,5.2,4.6,9.0,3.9,1.6,5.3,Reading,Morning,Low,Desktop,1,SQL & Databases,62.1,0.83,5.9,Low,5.0,120,Python Fundamentals,APIs & Microservices,Git & Version Control,Python Fundamentals
INT_1043,Cloud Infrastructure,Business Analytics,3.35,0,5.0,8.4,5.3,5.1,4.6,9.6,Hands-on Projects,Evening,Medium,Mixed,2,"Python Fundamentals, System Design",66.3,0.94,7.1,Low,5.0,167,SQL & Databases,SQL & Databases,MLOps Pipelines,APIs & Microservices
INT_1044,Cybersecurity,Statistics,3.61,0,6.4,1.8,4.0,2.5,0.0,12.8,Reading,Afternoon,High,Mixed,0,,63.7,0.67,6.5,Medium,3.7,30,Python Fundamentals,Git & Version Control,APIs & Microservices,Python Fundamentals
INT_1045,Cloud Infrastructure,Statistics,3.54,0,5.8,7.2,5.2,1.3,4.3,9.7,Video,Morning,Medium,Laptop,8,"Python Fundamentals, Deep Learning, Cloud Computing (AWS), System Design, Frontend Basics (React), MLOps Pipelines, Git & Version Control, APIs & Microservices",76.9,0.87,7.2,Low,5.0,159,SQL & Databases,SQL & Databases,Docker & Kubernetes,Cybersecurity Essentials
INT_1046,Software Engineering,Computer Science,2.96,2,6.6,10.0,5.6,1.5,6.5,16.2,Video,Afternoon,High,Laptop,3,"Docker & Kubernetes, Statistics & Probability, Git & Version Control",86.7,0.59,7.5,Medium,4.6,29,Python Fundamentals,SQL & Databases,Cloud Computing (AWS),Data Wrangling & Pandas
INT_1047,Product Management,Information Systems,2.83,0,7.7,5.6,2.3,0.0,2.6,15.8,Peer-learning,Night Owl,High,Desktop,3,"SQL & Databases, Data Visualization, A/B Testing & Experimentation",65.2,0.8,7.5,Low,3.3,81,Statistics & Probability,Statistics & Probability,Business Intelligence & BI Tools,Time Series Analysis
INT_1048,DevOps,Bioinformatics,2.92,0,3.5,7.3,8.5,5.2,3.0,7.2,Hands-on Projects,Night Owl,Medium,Tablet,1,SQL & Databases,79.6,0.94,7.2,Low,4.5,65,Python Fundamentals,MLOps Pipelines,APIs & Microservices,System Design
INT_1049,Software Engineering,Computer Science,3.1,2,6.5,4.7,3.7,6.2,3.2,9.4,Reading,Morning,Low,Desktop,0,,47.0,0.77,5.8,Medium,3.9,95,Python Fundamentals,Git & Version Control,APIs & Microservices,Data Wrangling & Pandas
INT_1050,Data Science,Computer Science,3.38,2,4.1,4.3,5.9,3.0,4.8,3.5,Hands-on Projects,No Preference,High,Laptop,8,"SQL & Databases, Machine Learning Basics, Deep Learning, Docker & Kubernetes, Statistics & Probability, NLP & Text Analytics, Git & Version Control, Time Series Analysis",59.4,0.63,4.8,Medium,3.8,50,Data Visualization,Data Visualization,Business Intelligence & BI Tools,A/B Testing & Experimentation
INT_1051,DevOps,Statistics,3.44,3,7.8,3.9,0.0,2.8,6.0,12.0,Mixed,Evening,High,Tablet,7,"Python Fundamentals, SQL & Databases, Cloud Computing (AWS), Docker & Kubernetes, Cybersecurity Essentials, A/B Testing & Experimentation, APIs & Microservices",63.0,0.51,5.8,Medium,5.0,151,System Design,Git & Version Control,System Design,MLOps Pipelines
INT_1052,Data Science,Information Systems,2.99,1,5.3,4.9,6.3,7.9,4.2,6.2,Video,No Preference,High,Desktop,2,"Data Visualization, A/B Testing & Experimentation",64.9,0.8,6.0,Medium,4.4,76,Deep Learning,Deep Learning,Machine Learning Basics,Data Wrangling & Pandas
INT_1053,Cybersecurity,Economics,3.05,0,2.9,5.2,6.6,5.7,4.6,10.3,Peer-learning,Afternoon,Low,Desktop,3,"Python Fundamentals, Docker & Kubernetes, Git & Version Control",94.8,0.87,7.9,Low,5.0,71,SQL & Databases,Cybersecurity Essentials,Cloud Computing (AWS),SQL & Databases
INT_1054,Frontend Dev,Physics,3.63,3,5.4,7.4,4.7,7.2,3.7,6.5,Mixed,Morning,High,Laptop,4,"Data Visualization, Cybersecurity Essentials, Data Wrangling & Pandas, Reinforcement Learning",74.0,0.54,5.5,Medium,4.3,14,Python Fundamentals,APIs & Microservices,Frontend Basics (React),Python Fundamentals
INT_1055,Product Management,Physics,3.58,1,8.1,4.1,3.0,5.6,4.3,4.5,Mixed,Afternoon,Medium,Desktop,7,"SQL & Databases, Deep Learning, System Design, Statistics & Probability, A/B Testing & Experimentation, Reinforcement Learning, Business Intelligence & BI Tools",61.3,0.91,6.0,Low,4.5,22,Data Visualization,Data Visualization,MLOps Pipelines,Machine Learning Basics
INT_1056,ML Engineering,Statistics,3.64,0,4.5,5.9,1.5,4.7,2.1,6.0,Reading,No Preference,Medium,Mixed,5,"Python Fundamentals, Cloud Computing (AWS), MLOps Pipelines, Data Wrangling & Pandas, Git & Version Control",61.7,0.94,6.3,Low,2.3,101,SQL & Databases,A/B Testing & Experimentation,Statistics & Probability,Reinforcement Learning
INT_1057,Data Engineering,Statistics,3.04,1,5.9,6.1,1.4,4.3,6.0,11.1,Hands-on Projects,No Preference,High,Mixed,5,"Deep Learning, Data Visualization, MLOps Pipelines, Data Wrangling & Pandas, APIs & Microservices",83.1,0.81,7.4,Low,4.6,136,Python Fundamentals,Git & Version Control,System Design,Time Series Analysis
INT_1058,Frontend Dev,Computer Science,3.66,0,5.2,6.1,3.3,6.8,4.3,9.9,Reading,Afternoon,High,Tablet,2,"Python Fundamentals, SQL & Databases",86.4,0.87,7.6,Low,4.5,27,Data Visualization,Data Visualization,Git & Version Control,APIs & Microservices
INT_1059,Software Engineering,Cognitive Science,3.07,0,4.1,5.0,4.1,5.1,4.6,7.9,Reading,Night Owl,Medium,Laptop,2,"Machine Learning Basics, Docker & Kubernetes",52.2,0.79,5.8,Medium,4.6,110,Python Fundamentals,Cloud Computing (AWS),Git & Version Control,System Design
INT_1060,Product Management,Mathematics,3.71,1,5.4,6.7,4.6,6.1,4.3,10.6,Reading,Night Owl,Medium,Desktop,4,"System Design, NLP & Text Analytics, MLOps Pipelines, Time Series Analysis",100.0,0.67,7.4,Low,3.6,144,SQL & Databases,Data Visualization,Business Intelligence & BI Tools,SQL & Databases
INT_1061,ML Engineering,Physics,3.5,0,2.5,9.0,8.0,2.4,4.3,8.8,Peer-learning,Night Owl,Medium,Desktop,5,"Docker & Kubernetes, System Design, Statistics & Probability, NLP & Text Analytics, Git & Version Control",67.6,0.79,6.5,Low,5.0,83,Python Fundamentals,Cloud Computing (AWS),SQL & Databases,Data Wrangling & Pandas
INT_1062,Cloud Infrastructure,Computer Science,3.26,2,3.4,8.1,7.2,4.3,3.5,3.1,Video,Morning,Low,Desktop,8,"Python Fundamentals, SQL & Databases, Cloud Computing (AWS), Docker & Kubernetes, System Design, MLOps Pipelines, A/B Testing & Experimentation, Git & Version Control",63.8,0.79,5.5,Medium,4.5,169,Cybersecurity Essentials,Cybersecurity Essentials,APIs & Microservices,NLP & Text Analytics
INT_1063,DevOps,Computer Science,2.81,0,7.4,6.3,7.3,3.3,3.6,9.9,Video,No Preference,Low,Mixed,1,Cloud Computing (AWS),95.6,0.87,7.9,Low,4.2,42,Python Fundamentals,SQL & Databases,Cybersecurity Essentials,Docker & Kubernetes
INT_1064,Frontend Dev,Information Systems,3.46,0,5.2,8.2,0.0,10.0,1.7,5.2,Peer-learning,Afternoon,Medium,Mixed,5,"Python Fundamentals, Data Visualization, Docker & Kubernetes, A/B Testing & Experimentation, Time Series Analysis",94.8,0.86,7.1,Low,4.8,60,Frontend Basics (React),APIs & Microservices,Frontend Basics (React),Git & Version Control
INT_1065,ML Engineering,Electrical Engineering,2.87,1,4.4,5.1,5.0,4.5,4.4,10.0,Mixed,Evening,High,Laptop,8,"SQL & Databases, Data Visualization, System Design, MLOps Pipelines, A/B Testing & Experimentation, Data Wrangling & Pandas, Git & Version Control, Time Series Analysis",82.1,0.36,5.6,Medium,4.0,36,Python Fundamentals,Statistics & Probability,Docker & Kubernetes,NLP & Text Analytics
INT_1066,Software Engineering,Computer Science,2.64,1,9.8,5.5,5.1,1.9,0.8,5.3,Reading,Morning,Medium,Laptop,2,"SQL & Databases, MLOps Pipelines",49.5,0.9,5.7,Low,4.2,98,Python Fundamentals,Frontend Basics (React),Git & Version Control,System Design
INT_1067,DevOps,Computer Science,2.84,0,10.0,6.1,7.4,3.9,3.5,3.4,Mixed,No Preference,Medium,Desktop,1,MLOps Pipelines,77.5,0.97,6.6,Low,4.7,34,Python Fundamentals,SQL & Databases,Cloud Computing (AWS),Docker & Kubernetes
INT_1068,ML Engineering,Computer Science,3.19,3,7.7,6.6,5.0,4.6,1.9,2.9,Video,No Preference,Medium,Laptop,3,"Cybersecurity Essentials, A/B Testing & Experimentation, Reinforcement Learning",59.4,0.58,4.5,Medium,4.1,20,Python Fundamentals,SQL & Databases,MLOps Pipelines,Deep Learning
INT_1069,DevOps,Physics,3.36,3,8.4,4.1,6.1,8.6,4.0,5.2,Reading,Morning,Low,Tablet,6,"SQL & Databases, System Design, Frontend Basics (React), NLP & Text Analytics, MLOps Pipelines, Git & Version Control",74.6,0.84,6.3,Low,4.3,134,Python Fundamentals,MLOps Pipelines,Cybersecurity Essentials,Docker & Kubernetes
INT_1070,Backend Dev,Computer Science,3.8,1,3.7,4.6,3.1,7.1,2.9,6.0,Mixed,Afternoon,High,Laptop,2,"Docker & Kubernetes, APIs & Microservices",50.7,0.45,4.2,High,3.0,50,Python Fundamentals,Python Fundamentals,Git & Version Control,System Design
INT_1071,Product Management,Statistics,3.88,1,6.4,8.4,8.5,0.8,4.1,2.9,Peer-learning,Afternoon,Low,Laptop,6,"Python Fundamentals, Data Visualization, MLOps Pipelines, A/B Testing & Experimentation, Time Series Analysis, Business Intelligence & BI Tools",47.9,0.76,4.8,Medium,2.5,122,SQL & Databases,Statistics & Probability,SQL & Databases,System Design
INT_1072,Frontend Dev,Bioinformatics,3.31,0,3.1,4.6,3.5,3.5,1.9,6.1,Hands-on Projects,No Preference,Medium,Laptop,2,"Python Fundamentals, Machine Learning Basics",79.7,0.75,6.3,Medium,3.0,48,Data Visualization,Data Visualization,Git & Version Control,APIs & Microservices
INT_1073,DevOps,Mathematics,2.9,2,3.4,5.5,8.8,5.2,2.1,9.9,Hands-on Projects,Evening,Low,Mixed,3,"SQL & Databases, Docker & Kubernetes, Cybersecurity Essentials",86.4,0.62,6.7,Medium,3.3,128,Python Fundamentals,MLOps Pipelines,Git & Version Control,APIs & Microservices
INT_1074,Cybersecurity,Statistics,3.39,0,6.5,7.6,5.0,7.7,1.9,6.4,Peer-learning,Afternoon,High,Desktop,0,,81.4,0.67,6.2,Medium,3.7,118,Python Fundamentals,SQL & Databases,APIs & Microservices,Git & Version Control
INT_1075,Cybersecurity,Electrical Engineering,3.46,0,2.9,2.3,6.0,1.2,0.0,15.5,Reading,Morning,Low,Mixed,2,"Cybersecurity Essentials, Statistics & Probability",69.1,0.61,6.9,Medium,4.2,147,Python Fundamentals,SQL & Databases,Python Fundamentals,System Design
INT_1076,Cybersecurity,Cognitive Science,3.35,2,4.7,5.1,3.5,6.5,5.0,5.8,Mixed,Morning,Low,Laptop,3,"SQL & Databases, Docker & Kubernetes, Cybersecurity Essentials",72.2,0.95,6.7,Low,3.8,38,Python Fundamentals,Cloud Computing (AWS),Git & Version Control,System Design
INT_1077,ML Engineering,Bioinformatics,3.56,0,5.1,5.8,4.6,3.0,4.1,8.4,Video,Afternoon,High,Tablet,6,"Python Fundamentals, SQL & Databases, Machine Learning Basics, System Design, Data Wrangling & Pandas, Reinforcement Learning",68.7,0.6,5.8,Medium,4.0,69,Deep Learning,Statistics & Probability,A/B Testing & Experimentation,Git & Version Control
INT_1078,Software Engineering,Computer Science,2.93,1,4.7,2.5,3.2,6.5,4.7,12.6,Video,No Preference,Medium,Mixed,3,"SQL & Databases, System Design, Frontend Basics (React)",58.2,0.9,7.1,Low,4.2,20,Python Fundamentals,APIs & Microservices,Cloud Computing (AWS),Data Wrangling & Pandas
INT_1079,Cybersecurity,Electrical Engineering,3.21,1,7.7,2.1,10.0,3.0,1.1,4.9,Hands-on Projects,Evening,Medium,Laptop,1,System Design,46.5,0.57,4.4,Medium,4.9,95,Python Fundamentals,APIs & Microservices,Git & Version Control,Python Fundamentals
INT_1080,ML Engineering,Business Analytics,3.12,0,2.4,4.5,4.8,9.5,2.1,10.2,Reading,Night Owl,Medium,Laptop,0,,72.5,0.42,5.5,Medium,5.0,73,Python Fundamentals,SQL & Databases,Statistics & Probability,A/B Testing & Experimentation
INT_1081,Cloud Infrastructure,Cognitive Science,3.54,0,3.0,5.6,3.9,3.8,3.8,9.5,Mixed,Night Owl,Medium,Laptop,2,"SQL & Databases, Business Intelligence & BI Tools",66.3,0.42,5.2,Medium,4.9,100,Python Fundamentals,Docker & Kubernetes,MLOps Pipelines,Cloud Computing (AWS)
INT_1082,Cybersecurity,Business Analytics,3.82,0,5.0,6.2,5.3,2.9,1.8,5.1,Video,Night Owl,High,Mixed,4,"Python Fundamentals, Docker & Kubernetes, System Design, Git & Version Control",75.5,0.78,6.1,Medium,4.2,94,SQL & Databases,SQL & Databases,APIs & Microservices,Cybersecurity Essentials
INT_1083,Product Management,Mathematics,3.17,2,4.5,8.0,3.1,1.3,6.7,7.2,Hands-on Projects,No Preference,Medium,Desktop,7,"SQL & Databases, Data Visualization, Cybersecurity Essentials, System Design, Statistics & Probability, A/B Testing & Experimentation, Business Intelligence & BI Tools",59.0,0.77,5.8,Medium,4.9,91,Python Fundamentals,Python Fundamentals,Frontend Basics (React),Git & Version Control
INT_1084,Cybersecurity,Electrical Engineering,3.63,2,10.0,3.8,4.3,3.3,4.1,10.6,Video,Evening,Medium,Laptop,7,"Python Fundamentals, SQL & Databases, Cloud Computing (AWS), Cybersecurity Essentials, System Design, Git & Version Control, APIs & Microservices",56.6,0.54,5.5,Medium,4.4,40,Docker & Kubernetes,Docker & Kubernetes,Business Intelligence & BI Tools,Statistics & Probability
INT_1085,Software Engineering,Mathematics,3.89,0,5.5,6.0,6.0,3.9,1.5,6.5,Video,Night Owl,Medium,Tablet,8,"Python Fundamentals, SQL & Databases, Cloud Computing (AWS), System Design, Frontend Basics (React), Data Wrangling & Pandas, APIs & Microservices, Reinforcement Learning",70.3,0.59,5.5,Medium,3.5,23,Docker & Kubernetes,Git & Version Control,Docker & Kubernetes,Data Visualization
INT_1086,Data Science,Statistics,2.41,3,8.4,7.2,8.4,7.1,4.9,11.6,Peer-learning,No Preference,High,Laptop,2,"Data Visualization, Data Wrangling & Pandas",79.2,0.62,6.7,Medium,3.4,124,Deep Learning,Deep Learning,Machine Learning Basics,NLP & Text Analytics
INT_1087,Data Science,Mathematics,2.73,1,6.8,9.5,3.9,5.4,5.5,2.7,Reading,Evening,Medium,Mixed,2,"Machine Learning Basics, Cybersecurity Essentials",60.3,0.35,3.7,High,5.0,68,Data Visualization,Data Visualization,Deep Learning,NLP & Text Analytics
INT_1088,Cloud Infrastructure,Business Analytics,3.33,0,5.0,6.2,10.0,3.2,2.9,11.3,Peer-learning,Morning,Medium,Desktop,4,"SQL & Databases, Cybersecurity Essentials, System Design, Git & Version Control",79.9,0.39,5.9,Medium,3.6,159,Python Fundamentals,APIs & Microservices,Python Fundamentals,MLOps Pipelines
INT_1089,ML Engineering,Economics,2.94,0,1.4,4.8,4.4,5.5,5.0,11.2,Hands-on Projects,Afternoon,High,Mixed,4,"Python Fundamentals, SQL & Databases, Machine Learning Basics, Docker & Kubernetes",79.9,0.9,7.6,Low,5.0,131,Deep Learning,NLP & Text Analytics,Reinforcement Learning,Deep Learning
INT_1090,Data Engineering,Bioinformatics,2.66,0,5.8,2.5,5.5,3.6,2.5,9.5,Hands-on Projects,No Preference,High,Desktop,6,"Python Fundamentals, Data Visualization, Cloud Computing (AWS), System Design, Git & Version Control, Time Series Analysis",67.3,0.86,6.8,Low,4.2,171,SQL & Databases,Business Intelligence & BI Tools,SQL & Databases,APIs & Microservices
INT_1091,ML Engineering,Business Analytics,3.76,1,7.3,7.8,3.2,3.8,4.0,7.3,Video,No Preference,Medium,Mixed,4,"Cloud Computing (AWS), Docker & Kubernetes, Statistics & Probability, Git & Version Control",82.7,0.75,6.6,Low,5.0,173,Python Fundamentals,Reinforcement Learning,Data Wrangling & Pandas,NLP & Text Analytics
INT_1092,Frontend Dev,Business Analytics,3.06,3,6.0,6.2,6.4,4.2,3.3,10.7,Video,Evening,High,Desktop,7,"Python Fundamentals, Machine Learning Basics, Data Visualization, Frontend Basics (React), Git & Version Control, APIs & Microservices, Reinforcement Learning",50.4,0.5,5.1,Medium,4.3,46,SQL & Databases,System Design,Data Wrangling & Pandas,Time Series Analysis
INT_1093,Data Science,Economics,3.37,1,4.2,4.0,4.9,5.1,5.0,6.9,Hands-on Projects,Morning,Low,Mixed,1,APIs & Microservices,74.1,0.64,5.9,Medium,4.9,138,Data Visualization,Data Visualization,Deep Learning,Machine Learning Basics
INT_1094,Data Engineering,Cognitive Science,3.29,0,3.6,8.0,4.1,4.6,3.7,8.0,Hands-on Projects,No Preference,Medium,Mixed,3,"Data Visualization, Statistics & Probability, Time Series Analysis",82.9,0.82,7.0,Low,4.1,71,Python Fundamentals,MLOps Pipelines,Business Intelligence & BI Tools,SQL & Databases
INT_1095,Cybersecurity,Electrical Engineering,2.79,0,2.1,6.7,8.5,1.8,3.7,5.2,Peer-learning,No Preference,Low,Desktop,4,"SQL & Databases, Cloud Computing (AWS), Cybersecurity Essentials, Time Series Analysis",56.6,0.88,5.8,Low,4.0,54,Python Fundamentals,Docker & Kubernetes,APIs & Microservices,Git & Version Control
INT_1096,Backend Dev,Economics,3.64,1,9.6,8.2,3.8,7.2,3.6,9.5,Reading,Evening,Medium,Mixed,1,SQL & Databases,62.0,0.51,5.4,Medium,5.0,21,Python Fundamentals,Docker & Kubernetes,Cloud Computing (AWS),Data Wrangling & Pandas
INT_1097,Backend Dev,Business Analytics,3.01,0,5.9,6.6,6.6,3.5,1.1,8.6,Peer-learning,Morning,Medium,Tablet,4,"Cloud Computing (AWS), System Design, Data Wrangling & Pandas, Business Intelligence & BI Tools",71.7,0.72,6.3,Medium,4.2,141,Python Fundamentals,Python Fundamentals,Git & Version Control,APIs & Microservices
INT_1098,ML Engineering,Physics,3.54,2,5.6,5.5,8.9,4.6,1.8,8.8,Hands-on Projects,Night Owl,High,Desktop,8,"SQL & Databases, Machine Learning Basics, Deep Learning, Cloud Computing (AWS), System Design, Frontend Basics (React), MLOps Pipelines, Data Wrangling & Pandas",84.0,0.89,7.4,Low,5.0,36,Python Fundamentals,A/B Testing & Experimentation,Python Fundamentals,Statistics & Probability
INT_1099,Cybersecurity,Physics,3.32,0,4.8,3.0,7.7,3.7,6.1,8.4,Video,Evening,Low,Desktop,7,"Python Fundamentals, Machine Learning Basics, Cloud Computing (AWS), Docker & Kubernetes, Cybersecurity Essentials, Git & Version Control, APIs & Microservices",62.4,0.87,6.5,Low,4.7,155,SQL & Databases,System Design,SQL & Databases,Data Wrangling & Pandas
INT_1100,Product Management,Mathematics,2.84,0,6.5,6.6,5.4,6.3,2.7,4.1,Hands-on Projects,Morning,High,Desktop,3,"SQL & Databases, Cybersecurity Essentials, Business Intelligence & BI Tools",53.8,0.72,5.0,Medium,4.4,123,Data Visualization,Statistics & Probability,Data Visualization,A/B Testing & Experimentation
INT_1101,ML Engineering,Cognitive Science,3.56,1,4.0,6.4,5.5,6.2,2.4,6.8,Video,Night Owl,Medium,Tablet,4,"Python Fundamentals, Cloud Computing (AWS), A/B Testing & Experimentation, Reinforcement Learning",41.6,0.85,5.5,Medium,3.9,21,SQL & Databases,SQL & Databases,Machine Learning Basics,MLOps Pipelines
INT_1102,Software Engineering,Mathematics,3.62,1,5.3,7.6,6.1,10.0,2.4,3.1,Mixed,Evening,Low,Mixed,4,"SQL & Databases, Statistics & Probability, Data Wrangling & Pandas, APIs & Microservices",80.0,0.4,4.7,High,4.6,89,Python Fundamentals,Python Fundamentals,Frontend Basics (React),System Design
INT_1103,Backend Dev,Statistics,3.16,1,10.0,5.8,6.8,4.2,1.6,6.9,Hands-on Projects,Evening,High,Laptop,3,"Docker & Kubernetes, System Design, Data Wrangling & Pandas",56.6,0.63,5.2,Medium,4.4,175,Python Fundamentals,SQL & Databases,Cloud Computing (AWS),APIs & Microservices
INT_1104,ML Engineering,Cognitive Science,3.11,2,6.3,6.0,3.4,0.1,3.7,7.4,Video,Night Owl,Medium,Desktop,2,"System Design, NLP & Text Analytics",31.7,0.93,5.5,Low,5.0,126,Python Fundamentals,Statistics & Probability,A/B Testing & Experimentation,Data Wrangling & Pandas
INT_1105,Software Engineering,Computer Science,2.55,2,7.1,5.4,3.1,5.2,6.3,8.3,Reading,Morning,Medium,Desktop,6,"Python Fundamentals, Machine Learning Basics, System Design, Frontend Basics (React), A/B Testing & Experimentation, APIs & Microservices",63.5,0.62,5.6,Medium,3.5,121,SQL & Databases,Cloud Computing (AWS),Docker & Kubernetes,Git & Version Control
INT_1106,DevOps,Business Analytics,3.71,1,6.8,6.7,2.1,6.1,1.0,10.1,Reading,No Preference,Low,Mixed,3,"SQL & Databases, Docker & Kubernetes, MLOps Pipelines",75.5,0.66,6.5,Medium,2.5,160,Python Fundamentals,Python Fundamentals,System Design,Git & Version Control
INT_1107,DevOps,Electrical Engineering,3.75,2,3.9,8.3,9.9,3.5,5.3,5.6,Video,Evening,Low,Desktop,2,"Frontend Basics (React), APIs & Microservices",68.8,0.94,6.5,Low,5.0,41,Python Fundamentals,Docker & Kubernetes,Cybersecurity Essentials,Cloud Computing (AWS)
INT_1108,ML Engineering,Bioinformatics,3.67,1,6.5,3.9,5.3,8.2,4.7,2.0,Hands-on Projects,No Preference,Low,Desktop,8,"Deep Learning, Cloud Computing (AWS), Cybersecurity Essentials, System Design, MLOps Pipelines, A/B Testing & Experimentation, Data Wrangling & Pandas, Git & Version Control",65.3,0.75,5.2,Medium,4.5,169,Python Fundamentals,SQL & Databases,Docker & Kubernetes,Python Fundamentals
INT_1109,Frontend Dev,Economics,3.86,0,6.6,9.0,5.9,3.8,2.8,17.3,Reading,Evening,Medium,Laptop,1,MLOps Pipelines,65.8,0.9,8.0,Low,4.7,139,Python Fundamentals,Git & Version Control,Python Fundamentals,Data Visualization
INT_1110,Cloud Infrastructure,Information Systems,3.76,0,3.6,6.4,5.0,7.0,4.1,5.2,Video,Morning,Medium,Tablet,5,"SQL & Databases, Cloud Computing (AWS), Docker & Kubernetes, Cybersecurity Essentials, APIs & Microservices",73.9,0.75,6.0,Medium,3.3,135,Python Fundamentals,MLOps Pipelines,System Design,Python Fundamentals
INT_1111,Data Engineering,Information Systems,3.26,0,5.4,7.4,4.0,6.9,4.3,9.3,Hands-on Projects,Night Owl,Low,Desktop,5,"SQL & Databases, Cloud Computing (AWS), Docker & Kubernetes, Git & Version Control, APIs & Microservices",92.3,0.77,7.3,Low,5.0,98,Python Fundamentals,System Design,Data Wrangling & Pandas,Data Visualization
INT_1112,Frontend Dev,Economics,2.57,0,2.7,4.3,4.9,5.2,5.5,7.5,Hands-on Projects,Afternoon,High,Laptop,2,"Deep Learning, Cloud Computing (AWS)",83.4,0.67,6.4,Medium,5.0,41,Python Fundamentals,Data Visualization,APIs & Microservices,Git & Version Control
INT_1113,Frontend Dev,Physics,2.46,0,6.5,7.5,8.6,7.9,2.3,6.0,Peer-learning,No Preference,Low,Laptop,2,"Frontend Basics (React), Reinforcement Learning",67.5,0.82,6.1,Low,5.0,115,Python Fundamentals,Data Visualization,Git & Version Control,Python Fundamentals
INT_1114,Product Management,Statistics,3.21,1,6.0,10.0,7.0,10.0,1.1,10.0,Video,No Preference,Low,Mixed,6,"SQL & Databases, Machine Learning Basics, Data Visualization, Frontend Basics (React), Git & Version Control, Business Intelligence & BI Tools",89.2,0.74,7.2,Low,5.0,51,Statistics & Probability,Statistics & Probability,A/B Testing & Experimentation,Python Fundamentals
INT_1115,Data Science,Electrical Engineering,3.82,2,7.4,7.6,5.0,6.7,6.5,6.4,Hands-on Projects,No Preference,Low,Desktop,4,"SQL & Databases, Data Wrangling & Pandas, Time Series Analysis, Reinforcement Learning",84.9,0.8,6.7,Low,3.1,48,Data Visualization,Data Visualization,Deep Learning,Machine Learning Basics
INT_1116,Software Engineering,Business Analytics,2.65,2,3.8,6.4,2.9,3.9,0.1,7.4,Peer-learning,Morning,Medium,Tablet,6,"SQL & Databases, Cloud Computing (AWS), System Design, Statistics & Probability, Data Wrangling & Pandas, Git & Version Control",71.0,0.94,6.9,Low,4.6,149,Python Fundamentals,Frontend Basics (React),Python Fundamentals,APIs & Microservices
INT_1117,ML Engineering,Physics,2.71,0,4.8,4.4,3.7,6.9,4.1,8.8,Peer-learning,No Preference,High,Desktop,3,"SQL & Databases, NLP & Text Analytics, MLOps Pipelines",66.1,0.89,6.7,Low,5.0,27,Python Fundamentals,Data Wrangling & Pandas,Python Fundamentals,System Design
INT_1118,Data Science,Information Systems,3.37,1,2.1,5.6,2.3,1.5,1.4,8.7,Mixed,Afternoon,Medium,Mixed,0,,79.4,0.69,6.5,Medium,3.7,109,Data Visualization,Data Visualization,Deep Learning,Machine Learning Basics
INT_1119,DevOps,Electrical Engineering,3.49,0,5.5,7.8,5.3,1.6,8.6,7.5,Peer-learning,Evening,Medium,Laptop,2,"Cybersecurity Essentials, APIs & Microservices",80.0,0.7,6.4,Medium,4.4,125,Python Fundamentals,Git & Version Control,System Design,Python Fundamentals
INT_1120,Backend Dev,Statistics,3.66,2,6.9,6.9,6.5,5.2,4.5,6.8,Mixed,Night Owl,High,Desktop,3,"SQL & Databases, Cloud Computing (AWS), Data Wrangling & Pandas",56.4,0.77,5.7,Medium,4.7,55,Python Fundamentals,Docker & Kubernetes,Git & Version Control,APIs & Microservices
INT_1121,DevOps,Mathematics,2.9,3,9.3,6.0,2.6,6.9,2.9,7.8,Peer-learning,Night Owl,High,Mixed,3,"Cloud Computing (AWS), MLOps Pipelines, APIs & Microservices",71.1,0.75,6.3,Medium,3.2,67,Python Fundamentals,Cybersecurity Essentials,Docker & Kubernetes,SQL & Databases
INT_1122,Cybersecurity,Computer Science,3.13,0,5.8,6.7,7.0,8.8,1.9,11.8,Peer-learning,Evening,High,Tablet,5,"Python Fundamentals, Cybersecurity Essentials, System Design, A/B Testing & Experimentation, Git & Version Control",91.0,0.92,8.2,Low,4.7,26,SQL & Databases,APIs & Microservices,SQL & Databases,Docker & Kubernetes
INT_1123,ML Engineering,Electrical Engineering,3.61,0,4.1,2.9,2.2,3.5,0.0,2.0,Peer-learning,Morning,Low,Mixed,3,"Deep Learning, Data Visualization, System Design",96.3,0.73,6.2,Medium,4.4,105,Python Fundamentals,Git & Version Control,Data Wrangling & Pandas,Python Fundamentals
INT_1124,Cybersecurity,Information Systems,3.4,0,5.0,6.4,7.1,2.1,0.0,11.0,Peer-learning,Evening,Low,Tablet,7,"Python Fundamentals, SQL & Databases, Docker & Kubernetes, Cybersecurity Essentials, Frontend Basics (React), Statistics & Probability, APIs & Microservices",71.4,0.55,6.1,Medium,4.3,132,Cloud Computing (AWS),System Design,Git & Version Control,Cloud Computing (AWS)
INT_1125,Frontend Dev,Economics,3.04,0,5.6,7.1,4.9,3.5,2.1,6.2,Mixed,Afternoon,High,Tablet,7,"Python Fundamentals, Machine Learning Basics, Cloud Computing (AWS), Cybersecurity Essentials, Data Wrangling & Pandas, Git & Version Control, APIs & Microservices",72.6,0.89,6.6,Low,4.0,39,Data Visualization,Frontend Basics (React),Data Visualization,System Design
INT_1126,DevOps,Business Analytics,3.3,2,3.7,10.0,1.1,4.5,7.7,7.4,Peer-learning,Evening,Low,Desktop,2,"SQL & Databases, Cybersecurity Essentials",41.5,0.38,3.9,High,4.3,169,Python Fundamentals,MLOps Pipelines,Git & Version Control,APIs & Microservices
INT_1127,Software Engineering,Information Systems,3.52,2,6.3,4.5,5.5,3.9,8.3,7.7,Mixed,Night Owl,Medium,Laptop,1,Reinforcement Learning,60.9,0.54,5.2,Medium,3.7,17,Python Fundamentals,SQL & Databases,Data Wrangling & Pandas,Frontend Basics (React)
INT_1128,Backend Dev,Statistics,3.25,0,7.8,7.5,7.9,2.6,4.6,7.7,Hands-on Projects,Night Owl,High,Laptop,6,"Deep Learning, Cloud Computing (AWS), System Design, MLOps Pipelines, Git & Version Control, APIs & Microservices",82.7,0.86,7.1,Low,3.9,68,Python Fundamentals,Docker & Kubernetes,Python Fundamentals,Data Wrangling & Pandas
INT_1129,DevOps,Bioinformatics,4.0,1,6.5,5.1,5.4,2.9,3.4,7.3,Peer-learning,Afternoon,Low,Desktop,3,"Python Fundamentals, Docker & Kubernetes, Cybersecurity Essentials",58.9,0.8,6.0,Medium,5.0,30,SQL & Databases,SQL & Databases,Git & Version Control,System Design
INT_1130,Frontend Dev,Mathematics,3.59,1,5.2,7.6,0.3,7.0,1.0,8.0,Peer-learning,Morning,High,Laptop,3,"Cybersecurity Essentials, System Design, Frontend Basics (React)",65.3,0.6,5.6,Medium,3.5,60,Python Fundamentals,APIs & Microservices,Python Fundamentals,Git & Version Control
INT_1131,DevOps,Information Systems,2.96,0,7.6,8.8,3.6,0.5,3.9,4.9,Video,Afternoon,Low,Mixed,0,,77.5,0.68,5.8,Medium,3.9,124,Python Fundamentals,Cybersecurity Essentials,Docker & Kubernetes,Cloud Computing (AWS)
INT_1132,ML Engineering,Information Systems,3.78,0,6.5,6.8,7.6,1.3,4.9,2.7,Reading,Morning,Low,Laptop,7,"Python Fundamentals, Deep Learning, Cloud Computing (AWS), Docker & Kubernetes, MLOps Pipelines, A/B Testing & Experimentation, Reinforcement Learning",32.2,0.66,3.8,Medium,4.5,100,SQL & Databases,Data Wrangling & Pandas,Git & Version Control,System Design
INT_1133,Data Engineering,Computer Science,3.05,2,7.4,7.7,5.3,3.3,5.0,6.9,Video,Night Owl,Medium,Desktop,6,"Python Fundamentals, Data Visualization, MLOps Pipelines, Git & Version Control, APIs & Microservices, Business Intelligence & BI Tools",63.1,0.67,5.6,Medium,3.3,30,SQL & Databases,SQL & Databases,Cloud Computing (AWS),Docker & Kubernetes
INT_1134,Cloud Infrastructure,Physics,2.92,2,2.0,7.6,7.0,6.0,3.6,2.0,Video,No Preference,Low,Tablet,5,"Cloud Computing (AWS), MLOps Pipelines, A/B Testing & Experimentation, Data Wrangling & Pandas, APIs & Microservices",80.4,0.67,5.5,Medium,3.7,19,Python Fundamentals,SQL & Databases,Cybersecurity Essentials,Docker & Kubernetes
INT_1135,Software Engineering,Electrical Engineering,3.02,2,3.1,4.1,5.8,4.8,2.6,13.6,Mixed,Morning,High,Mixed,0,,79.1,0.41,6.2,Medium,4.0,96,Python Fundamentals,SQL & Databases,Frontend Basics (React),System Design
INT_1136,ML Engineering,Information Systems,4.0,1,4.6,6.6,5.9,7.1,3.6,8.9,Reading,No Preference,High,Tablet,7,"Machine Learning Basics, Deep Learning, Data Visualization, Docker & Kubernetes, Statistics & Probability, Data Wrangling & Pandas, Git & Version Control",58.8,0.97,6.8,Low,4.6,85,Python Fundamentals,SQL & Databases,System Design,Python Fundamentals
INT_1137,Cloud Infrastructure,Mathematics,3.15,3,8.6,7.4,1.7,8.0,4.0,8.4,Hands-on Projects,Morning,Low,Mixed,8,"Python Fundamentals, SQL & Databases, Cloud Computing (AWS), Docker & Kubernetes, Cybersecurity Essentials, System Design, MLOps Pipelines, APIs & Microservices",46.7,0.44,4.4,High,4.9,46,Git & Version Control,Git & Version Control,Statistics & Probability,Time Series Analysis
INT_1138,Backend Dev,Bioinformatics,3.1,0,8.6,8.3,2.1,5.3,6.7,7.1,Mixed,Night Owl,Medium,Tablet,0,,67.3,0.63,5.6,Medium,4.3,169,Python Fundamentals,Docker & Kubernetes,Cloud Computing (AWS),Git & Version Control
INT_1139,Product Management,Cognitive Science,2.86,3,3.4,9.0,3.4,2.4,7.1,3.0,Reading,Morning,High,Tablet,5,"SQL & Databases, System Design, Statistics & Probability, A/B Testing & Experimentation, Business Intelligence & BI Tools",81.3,0.77,6.0,Medium,3.2,160,Data Visualization,Data Visualization,Docker & Kubernetes,Cloud Computing (AWS)
INT_1140,Cybersecurity,Information Systems,3.67,1,8.8,8.5,7.5,6.5,0.2,10.0,Hands-on Projects,Morning,Low,Tablet,5,"Python Fundamentals, Docker & Kubernetes, System Design, MLOps Pipelines, APIs & Microservices",72.8,0.45,5.6,Medium,4.8,173,SQL & Databases,SQL & Databases,Git & Version Control,Cybersecurity Essentials
INT_1141,Product Management,Electrical Engineering,2.66,0,8.7,4.3,4.5,4.8,3.9,6.7,Reading,Afternoon,High,Mixed,1,A/B Testing & Experimentation,90.0,0.89,7.3,Low,5.0,52,SQL & Databases,Business Intelligence & BI Tools,SQL & Databases,Statistics & Probability
INT_1142,Software Engineering,Electrical Engineering,2.97,3,6.1,5.5,3.0,2.3,1.6,7.8,Mixed,Evening,Low,Desktop,6,"SQL & Databases, System Design, Frontend Basics (React), MLOps Pipelines, Git & Version Control, APIs & Microservices",82.0,0.41,5.5,Medium,4.3,86,Python Fundamentals,Data Wrangling & Pandas,Python Fundamentals,Docker & Kubernetes
INT_1143,Software Engineering,Economics,3.7,1,9.3,7.2,3.5,6.1,2.7,7.3,Video,Morning,High,Mixed,1,Git & Version Control,73.4,0.76,6.3,Medium,3.8,163,Python Fundamentals,SQL & Databases,Cloud Computing (AWS),Docker & Kubernetes
INT_1144,Cloud Infrastructure,Business Analytics,2.33,0,6.5,8.7,5.7,0.7,1.8,10.9,Video,No Preference,Medium,Mixed,4,"System Design, MLOps Pipelines, Git & Version Control, APIs & Microservices",65.8,0.5,5.7,Medium,5.0,142,Python Fundamentals,SQL & Databases,Python Fundamentals,Cybersecurity Essentials
INT_1145,ML Engineering,Information Systems,2.76,0,5.0,3.8,2.9,10.0,6.1,4.0,Video,No Preference,High,Desktop,0,,66.2,0.7,5.4,Medium,4.4,119,Python Fundamentals,Git & Version Control,Python Fundamentals,Cloud Computing (AWS)
INT_1146,Frontend Dev,Electrical Engineering,2.44,1,3.5,4.5,6.3,3.3,4.1,8.9,Video,No Preference,High,Tablet,8,"Python Fundamentals, Machine Learning Basics, Deep Learning, Data Visualization, Docker & Kubernetes, Statistics & Probability, Git & Version Control, APIs & Microservices",53.2,0.98,6.6,Low,3.7,128,Frontend Basics (React),Frontend Basics (React),Business Intelligence & BI Tools,SQL & Databases
INT_1147,Backend Dev,Information Systems,3.24,3,2.7,6.2,1.3,0.5,4.8,6.2,Peer-learning,No Preference,Medium,Laptop,0,,38.7,0.78,5.0,Medium,5.0,32,Python Fundamentals,Docker & Kubernetes,Cloud Computing (AWS),APIs & Microservices
INT_1148,Frontend Dev,Physics,2.52,1,3.6,9.4,3.1,5.6,4.6,6.9,Video,Night Owl,Low,Desktop,6,"SQL & Databases, Data Visualization, System Design, Frontend Basics (React), Git & Version Control, APIs & Microservices",95.0,0.75,7.0,Low,4.1,30,Python Fundamentals,Python Fundamentals,Reinforcement Learning,MLOps Pipelines
INT_1149,Backend Dev,Physics,3.59,2,5.4,6.8,6.8,6.3,3.0,5.2,Video,No Preference,High,Laptop,8,"Python Fundamentals, SQL & Databases, Cloud Computing (AWS), Docker & Kubernetes, Cybersecurity Essentials, System Design, Git & Version Control, APIs & Microservices",82.9,0.68,6.1,Medium,4.1,159,Data Wrangling & Pandas,Data Wrangling & Pandas,Frontend Basics (React),Data Visualization
INT_1150,ML Engineering,Economics,3.38,2,5.4,6.1,6.8,0.0,2.2,11.6,Video,Afternoon,Low,Tablet,7,"Python Fundamentals, SQL & Databases, Deep Learning, Docker & Kubernetes, System Design, MLOps Pipelines, A/B Testing & Experimentation",58.4,0.85,6.8,Low,4.1,105,Machine Learning Basics,Git & Version Control,Data Wrangling & Pandas,Statistics & Probability
INT_1151,Product Management,Economics,3.78,2,10.0,4.5,5.4,0.0,7.3,16.3,Peer-learning,Afternoon,High,Laptop,6,"SQL & Databases, Data Visualization, System Design, Statistics & Probability, A/B Testing & Experimentation, Business Intelligence & BI Tools",77.4,0.93,8.4,Low,3.7,75,Python Fundamentals,Time Series Analysis,Cloud Computing (AWS),Docker & Kubernetes
INT_1152,Frontend Dev,Mathematics,2.9,0,5.8,3.6,2.5,7.5,2.2,5.7,Mixed,Afternoon,Medium,Mixed,0,,80.6,0.66,6.0,Medium,3.4,128,Python Fundamentals,Data Visualization,Git & Version Control,APIs & Microservices
INT_1153,Cybersecurity,Physics,2.86,3,6.0,7.0,7.2,2.4,5.3,10.7,Hands-on Projects,Evening,Low,Tablet,3,"Python Fundamentals, Data Wrangling & Pandas, Git & Version Control",76.4,0.67,6.6,Medium,3.5,36,SQL & Databases,Cloud Computing (AWS),Cybersecurity Essentials,Docker & Kubernetes
INT_1154,Cloud Infrastructure,Mathematics,3.2,2,8.0,7.6,3.9,3.1,0.0,10.8,Video,Evening,High,Tablet,8,"Python Fundamentals, Cloud Computing (AWS), Docker & Kubernetes, System Design, Git & Version Control, APIs & Microservices, Reinforcement Learning, Business Intelligence & BI Tools",73.0,0.56,6.1,Medium,4.8,122,SQL & Databases,SQL & Databases,MLOps Pipelines,Cybersecurity Essentials
INT_1155,Frontend Dev,Statistics,3.18,0,7.3,10.0,2.1,1.8,1.1,11.3,Mixed,Evening,Low,Desktop,2,"NLP & Text Analytics, Business Intelligence & BI Tools",43.5,0.44,4.8,Medium,2.9,140,Python Fundamentals,APIs & Microservices,Data Visualization,Frontend Basics (React)
INT_1156,Cybersecurity,Business Analytics,3.38,0,7.4,8.3,5.3,1.3,5.7,3.5,Video,Morning,Low,Laptop,1,System Design,99.1,0.67,6.3,Medium,4.7,166,Python Fundamentals,Docker & Kubernetes,SQL & Databases,Cybersecurity Essentials
INT_1157,Cybersecurity,Business Analytics,3.38,2,7.4,7.3,4.8,2.9,5.7,10.0,Peer-learning,Evening,Low,Mixed,6,"Python Fundamentals, SQL & Databases, Docker & Kubernetes, System Design, MLOps Pipelines, Git & Version Control",90.5,0.82,7.5,Low,4.6,161,Cloud Computing (AWS),Cybersecurity Essentials,Cloud Computing (AWS),APIs & Microservices
INT_1158,Backend Dev,Business Analytics,3.59,1,5.1,3.5,9.2,2.8,4.0,11.6,Peer-learning,Evening,High,Mixed,5,"Python Fundamentals, Deep Learning, Statistics & Probability, Data Wrangling & Pandas, APIs & Microservices",63.8,0.74,6.6,Medium,4.9,20,SQL & Databases,System Design,Git & Version Control,Docker & Kubernetes
INT_1159,ML Engineering,Cognitive Science,3.4,2,3.1,6.9,4.8,1.5,6.6,8.6,Reading,No Preference,High,Tablet,4,"Python Fundamentals, Docker & Kubernetes, Data Wrangling & Pandas, Reinforcement Learning",90.8,0.76,7.1,Low,5.0,77,SQL & Databases,SQL & Databases,Cloud Computing (AWS),A/B Testing & Experimentation
INT_1160,Backend Dev,Statistics,3.18,1,6.3,7.3,8.1,5.6,1.0,6.0,Video,No Preference,High,Laptop,4,"Cloud Computing (AWS), Docker & Kubernetes, Git & Version Control, Time Series Analysis",57.2,0.75,5.5,Medium,3.7,149,Python Fundamentals,APIs & Microservices,Data Wrangling & Pandas,System Design
INT_1161,Data Science,Cognitive Science,3.38,0,7.8,5.1,7.3,0.6,1.4,8.9,Video,No Preference,High,Laptop,5,"SQL & Databases, Deep Learning, Data Visualization, A/B Testing & Experimentation, Time Series Analysis",53.0,0.73,5.7,Medium,4.5,70,Machine Learning Basics,Machine Learning Basics,Statistics & Probability,Business Intelligence & BI Tools
INT_1162,Cybersecurity,Statistics,2.48,2,3.8,8.0,2.2,3.3,4.8,8.5,Reading,No Preference,Low,Tablet,8,"Python Fundamentals, SQL & Databases, Docker & Kubernetes, Cybersecurity Essentials, System Design, Git & Version Control, APIs & Microservices, Time Series Analysis",83.3,0.32,5.3,High,5.0,103,Cloud Computing (AWS),Cloud Computing (AWS),Data Wrangling & Pandas,Frontend Basics (React)
INT_1163,Cybersecurity,Information Systems,3.21,1,4.9,8.0,2.8,6.4,4.0,2.0,Peer-learning,Afternoon,Low,Mixed,8,"Python Fundamentals, Data Visualization, Cloud Computing (AWS), System Design, NLP & Text Analytics, Git & Version Control, APIs & Microservices, Reinforcement Learning",94.2,0.5,5.3,Medium,4.2,97,SQL & Databases,Docker & Kubernetes,Cybersecurity Essentials,SQL & Databases
INT_1164,Data Engineering,Statistics,3.05,0,3.0,4.3,2.8,6.0,6.1,9.4,Reading,No Preference,Medium,Laptop,6,"Python Fundamentals, Statistics & Probability, Data Wrangling & Pandas, Git & Version Control, APIs & Microservices, Business Intelligence & BI Tools",54.9,0.59,5.4,Medium,3.6,107,SQL & Databases,MLOps Pipelines,Docker & Kubernetes,Cloud Computing (AWS)
INT_1165,Backend Dev,Mathematics,4.0,2,10.0,5.4,2.0,6.2,2.7,6.7,Peer-learning,Night Owl,Medium,Desktop,0,,61.6,0.66,5.5,Medium,4.7,22,Python Fundamentals,Cloud Computing (AWS),Docker & Kubernetes,SQL & Databases
INT_1166,Data Engineering,Physics,3.65,0,7.2,5.1,0.1,4.3,3.7,12.7,Video,Morning,High,Desktop,7,"Python Fundamentals, Data Visualization, Docker & Kubernetes, Cybersecurity Essentials, Statistics & Probability, Git & Version Control, APIs & Microservices",70.8,0.77,7.1,Low,4.5,62,SQL & Databases,Time Series Analysis,MLOps Pipelines,Cloud Computing (AWS)
INT_1167,Cloud Infrastructure,Statistics,3.73,2,3.5,4.0,5.1,3.8,7.1,6.2,Hands-on Projects,No Preference,Medium,Mixed,0,,100.0,0.61,6.6,Medium,5.0,96,Python Fundamentals,SQL & Databases,Cybersecurity Essentials,Cloud Computing (AWS)
INT_1168,ML Engineering,Information Systems,2.97,3,8.7,3.8,1.9,3.7,1.8,4.2,Mixed,Evening,High,Tablet,8,"Python Fundamentals, Machine Learning Basics, Deep Learning, Cloud Computing (AWS), Cybersecurity Essentials, MLOps Pipelines, Git & Version Control, Reinforcement Learning",52.7,0.87,5.5,Low,4.4,126,SQL & Databases,A/B Testing & Experimentation,Statistics & Probability,NLP & Text Analytics
INT_1169,Backend Dev,Computer Science,2.86,0,4.1,9.5,6.9,3.7,5.9,5.5,Hands-on Projects,Afternoon,High,Tablet,5,"Python Fundamentals, SQL & Databases, Docker & Kubernetes, Data Wrangling & Pandas, APIs & Microservices",41.6,0.81,5.1,Medium,4.4,38,Cloud Computing (AWS),Cloud Computing (AWS),System Design,Git & Version Control
INT_1170,Data Science,Economics,3.52,1,4.1,7.8,5.0,7.2,1.7,8.6,Video,Evening,Medium,Mixed,0,,44.8,0.57,4.9,Medium,3.3,74,Data Visualization,Data Visualization,Deep Learning,Machine Learning Basics
INT_1171,Backend Dev,Business Analytics,2.97,0,5.0,6.3,4.3,2.4,3.9,9.0,Video,Morning,Medium,Tablet,6,"SQL & Databases, Cloud Computing (AWS), System Design, Git & Version Control, APIs & Microservices, Time Series Analysis",89.2,0.58,6.5,Medium,2.7,44,Python Fundamentals,Data Wrangling & Pandas,Python Fundamentals,Docker & Kubernetes
INT_1172,Product Management,Bioinformatics,2.73,0,3.6,6.3,4.1,0.2,3.0,10.0,Mixed,Night Owl,Low,Mixed,7,"SQL & Databases, Deep Learning, Data Visualization, Docker & Kubernetes, Statistics & Probability, NLP & Text Analytics, Business Intelligence & BI Tools",37.7,0.33,4.0,High,3.7,85,A/B Testing & Experimentation,A/B Testing & Experimentation,Time Series Analysis,Git & Version Control
INT_1173,Cloud Infrastructure,Physics,3.23,1,6.6,6.9,3.0,0.0,4.4,9.0,Mixed,Evening,High,Laptop,1,APIs & Microservices,58.8,0.99,6.9,Low,5.0,26,Python Fundamentals,Git & Version Control,System Design,Python Fundamentals
INT_1174,Software Engineering,Physics,3.33,3,6.6,4.6,3.0,7.9,3.6,7.5,Hands-on Projects,Night Owl,High,Tablet,0,,66.4,0.48,5.1,Medium,3.9,84,Python Fundamentals,System Design,Git & Version Control,APIs & Microservices
INT_1175,ML Engineering,Physics,3.81,1,4.5,5.4,2.3,0.0,5.9,7.5,Mixed,Night Owl,Medium,Tablet,1,Statistics & Probability,63.3,0.61,5.5,Medium,4.2,172,Python Fundamentals,A/B Testing & Experimentation,Cloud Computing (AWS),Docker & Kubernetes
INT_1176,ML Engineering,Computer Science,3.38,1,3.0,6.5,6.4,1.4,7.1,12.9,Hands-on Projects,Evening,Low,Tablet,5,"SQL & Databases, Deep Learning, Statistics & Probability, Data Wrangling & Pandas, Reinforcement Learning",71.3,0.38,5.8,Medium,4.0,119,Python Fundamentals,A/B Testing & Experimentation,Cloud Computing (AWS),Docker & Kubernetes
INT_1177,Data Science,Physics,3.6,0,5.4,8.4,0.3,4.4,0.0,7.7,Reading,Evening,Low,Laptop,5,"Machine Learning Basics, Data Visualization, Statistics & Probability, Data Wrangling & Pandas, Business Intelligence & BI Tools",51.5,0.59,5.0,Medium,4.0,31,Deep Learning,Deep Learning,NLP & Text Analytics,A/B Testing & Experimentation
INT_1178,DevOps,Statistics,2.4,0,3.9,6.9,2.2,2.8,1.3,11.8,Hands-on Projects,No Preference,High,Mixed,8,"Python Fundamentals, SQL & Databases, Cloud Computing (AWS), Docker & Kubernetes, Cybersecurity Essentials, System Design, Git & Version Control, APIs & Microservices",56.2,0.76,6.4,Medium,4.1,134,MLOps Pipelines,MLOps Pipelines,Time Series Analysis,A/B Testing & Experimentation
INT_1179,Cloud Infrastructure,Computer Science,3.27,2,5.4,5.8,5.0,3.3,2.7,7.5,Mixed,Evening,Low,Tablet,3,"Cloud Computing (AWS), System Design, Time Series Analysis",67.5,0.75,6.1,Medium,3.4,20,Python Fundamentals,Python Fundamentals,APIs & Microservices,Git & Version Control
INT_1180,ML Engineering,Economics,3.02,2,7.6,6.1,2.3,1.1,2.9,4.8,Mixed,Morning,High,Tablet,4,"Python Fundamentals, SQL & Databases, Deep Learning, A/B Testing & Experimentation",70.0,0.74,5.8,Medium,3.8,137,Machine Learning Basics,Statistics & Probability,Git & Version Control,System Design
INT_1181,Data Science,Computer Science,3.41,3,8.6,7.8,9.3,4.6,0.4,6.0,Hands-on Projects,Afternoon,High,Laptop,1,Data Visualization,72.8,0.37,4.7,High,3.8,113,Deep Learning,Deep Learning,Machine Learning Basics,NLP & Text Analytics
INT_1182,Cloud Infrastructure,Mathematics,2.79,0,6.6,2.4,6.9,2.8,5.1,4.7,Mixed,Afternoon,Medium,Desktop,4,"SQL & Databases, Cloud Computing (AWS), Docker & Kubernetes, MLOps Pipelines",54.6,0.76,5.3,Medium,4.2,47,Python Fundamentals,Cybersecurity Essentials,APIs & Microservices,Git & Version Control
INT_1183,Cybersecurity,Computer Science,2.89,0,6.1,5.1,2.4,5.0,2.5,8.1,Reading,No Preference,High,Desktop,7,"SQL & Databases, Cybersecurity Essentials, System Design, Frontend Basics (React), Statistics & Probability, Git & Version Control, APIs & Microservices",39.1,0.97,6.0,Low,4.7,143,Python Fundamentals,Python Fundamentals,Cloud Computing (AWS),Docker & Kubernetes
INT_1184,Frontend Dev,Mathematics,3.57,1,4.9,6.6,10.0,4.4,2.9,7.8,Mixed,Afternoon,Medium,Laptop,8,"Python Fundamentals, SQL & Databases, Deep Learning, Data Visualization, Cloud Computing (AWS), Frontend Basics (React), Git & Version Control, APIs & Microservices",51.7,0.94,6.3,Low,4.7,33,Machine Learning Basics,System Design,Data Wrangling & Pandas,A/B Testing & Experimentation
INT_1185,Cloud Infrastructure,Mathematics,3.25,0,9.6,5.8,7.5,7.0,8.3,6.7,Hands-on Projects,No Preference,Low,Mixed,4,"Python Fundamentals, Docker & Kubernetes, System Design, APIs & Microservices",72.5,0.93,6.8,Low,3.4,49,SQL & Databases,MLOps Pipelines,SQL & Databases,Cybersecurity Essentials
INT_1186,Frontend Dev,Statistics,2.68,2,5.5,2.8,6.8,5.7,5.8,9.5,Reading,Evening,Low,Desktop,5,"Python Fundamentals, Statistics & Probability, Git & Version Control, APIs & Microservices, Time Series Analysis",65.7,0.69,6.1,Medium,3.4,67,Data Visualization,Frontend Basics (React),Data Visualization,System Design
INT_1187,Backend Dev,Cognitive Science,3.59,1,6.0,7.3,4.3,1.8,5.4,5.3,Video,Morning,High,Tablet,3,"Python Fundamentals, System Design, Frontend Basics (React)",63.8,0.83,5.9,Low,2.5,82,SQL & Databases,Docker & Kubernetes,Cloud Computing (AWS),Data Wrangling & Pandas
INT_1188,Backend Dev,Bioinformatics,3.29,1,7.4,3.2,3.4,3.3,2.2,8.8,Reading,Morning,Low,Tablet,0,,60.1,0.8,6.2,Low,5.0,94,Python Fundamentals,APIs & Microservices,System Design,Python Fundamentals
INT_1189,Data Science,Mathematics,2.99,0,9.4,5.9,8.6,6.6,6.3,5.6,Hands-on Projects,Afternoon,Low,Tablet,2,"Statistics & Probability, A/B Testing & Experimentation",59.3,0.65,5.2,Medium,3.8,122,Data Visualization,Data Visualization,Deep Learning,Machine Learning Basics
INT_1190,Frontend Dev,Physics,3.75,2,1.7,5.3,5.8,3.9,1.4,15.0,Reading,No Preference,Low,Desktop,5,"Python Fundamentals, Data Visualization, Frontend Basics (React), MLOps Pipelines, Git & Version Control",83.5,0.87,8.2,Low,4.8,112,APIs & Microservices,APIs & Microservices,A/B Testing & Experimentation,Time Series Analysis
INT_1191,Frontend Dev,Information Systems,4.0,3,6.3,8.6,3.0,7.4,2.4,9.8,Reading,Morning,Low,Mixed,7,"Deep Learning, Data Visualization, Cybersecurity Essentials, Frontend Basics (React), MLOps Pipelines, A/B Testing & Experimentation, APIs & Microservices",64.6,0.52,5.6,Medium,3.6,124,Python Fundamentals,Python Fundamentals,Git & Version Control,System Design
INT_1192,Frontend Dev,Mathematics,2.91,3,9.2,8.1,3.6,2.4,3.4,8.0,Reading,Morning,High,Tablet,5,"Python Fundamentals, Data Wrangling & Pandas, Git & Version Control, APIs & Microservices, Reinforcement Learning",89.2,0.56,6.3,Medium,5.0,87,Data Visualization,Data Visualization,Frontend Basics (React),Business Intelligence & BI Tools
INT_1193,Cloud Infrastructure,Mathematics,3.16,3,10.0,4.9,0.7,8.1,1.7,4.6,Peer-learning,Afternoon,Medium,Laptop,2,"SQL & Databases, Cloud Computing (AWS)",84.7,0.38,5.0,High,4.3,56,Python Fundamentals,MLOps Pipelines,Cybersecurity Essentials,Docker & Kubernetes
INT_1194,Backend Dev,Physics,3.27,1,1.4,7.7,5.1,0.1,1.8,7.8,Hands-on Projects,No Preference,Low,Desktop,3,"SQL & Databases, Cloud Computing (AWS), Git & Version Control",75.1,0.96,7.2,Low,5.0,25,Python Fundamentals,Docker & Kubernetes,Python Fundamentals,Data Wrangling & Pandas
INT_1195,DevOps,Statistics,2.29,1,7.4,7.1,5.2,4.6,4.4,10.0,Mixed,Morning,Medium,Laptop,6,"Python Fundamentals, SQL & Databases, Cloud Computing (AWS), Cybersecurity Essentials, Git & Version Control, Reinforcement Learning",66.8,0.54,5.7,Medium,3.2,31,Docker & Kubernetes,MLOps Pipelines,Docker & Kubernetes,APIs & Microservices
INT_1196,Data Engineering,Mathematics,3.06,1,10.0,7.7,5.3,1.2,2.4,7.8,Hands-on Projects,Morning,Low,Tablet,5,"Python Fundamentals, Cloud Computing (AWS), System Design, Statistics & Probability, APIs & Microservices",71.5,0.71,6.2,Medium,5.0,169,SQL & Databases,Business Intelligence & BI Tools,SQL & Databases,Time Series Analysis
INT_1197,Data Engineering,Statistics,3.47,3,5.9,5.9,3.9,4.9,4.4,5.9,Video,Night Owl,Low,Tablet,2,"Data Visualization, System Design",78.4,0.98,7.1,Low,4.2,90,Python Fundamentals,Git & Version Control,Time Series Analysis,APIs & Microservices
INT_1198,Cloud Infrastructure,Cognitive Science,3.32,0,4.3,4.3,3.4,3.4,3.5,6.7,Video,No Preference,Medium,Tablet,5,"Python Fundamentals, System Design, NLP & Text Analytics, Git & Version Control, APIs & Microservices",76.5,0.75,6.3,Medium,4.6,126,SQL & Databases,Docker & Kubernetes,Cloud Computing (AWS),Cybersecurity Essentials
INT_1199,DevOps,Cognitive Science,2.9,3,1.9,6.2,5.5,4.3,2.8,5.6,Hands-on Projects,Morning,Medium,Mixed,8,"Python Fundamentals, SQL & Databases, Cloud Computing (AWS), Docker & Kubernetes, Cybersecurity Essentials, System Design, MLOps Pipelines, Time Series Analysis",87.4,0.57,5.9,Medium,3.1,38,Git & Version Control,APIs & Microservices,Git & Version Control,Business Intelligence & BI Tools
INT_1200,DevOps,Economics,3.17,0,4.3,6.3,3.6,5.0,0.7,5.7,Video,No Preference,Low,Desktop,5,"Python Fundamentals, Cybersecurity Essentials, Frontend Basics (React), NLP & Text Analytics, MLOps Pipelines",61.5,0.48,4.7,Medium,4.8,32,SQL & Databases,System Design,Git & Version Control,APIs & Microservices
INT_1201,Cybersecurity,Cognitive Science,3.49,0,8.2,4.2,8.7,0.0,4.4,5.6,Hands-on Projects,Morning,High,Laptop,5,"Python Fundamentals, System Design, NLP & Text Analytics, Git & Version Control, Reinforcement Learning",83.5,0.98,7.2,Low,2.9,98,SQL & Databases,Cybersecurity Essentials,Docker & Kubernetes,Cloud Computing (AWS)
INT_1202,Data Engineering,Physics,3.76,2,9.6,8.7,2.1,0.0,2.4,2.8,Mixed,Morning,Medium,Laptop,2,"Cloud Computing (AWS), APIs & Microservices",48.4,0.56,4.1,Medium,4.3,148,Python Fundamentals,Docker & Kubernetes,Statistics & Probability,Time Series Analysis
INT_1203,Cybersecurity,Computer Science,3.43,0,7.3,8.9,6.8,2.4,6.4,10.1,Reading,Evening,High,Desktop,0,,59.4,0.88,6.7,Low,3.5,71,Python Fundamentals,Cybersecurity Essentials,Cloud Computing (AWS),Docker & Kubernetes
INT_1204,Frontend Dev,Physics,3.33,0,6.7,6.0,4.3,6.5,1.6,6.9,Mixed,Morning,Medium,Desktop,0,,76.1,0.65,6.0,Medium,2.2,166,Python Fundamentals,APIs & Microservices,Git & Version Control,Frontend Basics (React)
INT_1205,Cloud Infrastructure,Cognitive Science,3.12,2,7.6,6.4,7.7,5.0,6.8,8.4,Hands-on Projects,Evening,Medium,Desktop,1,Cybersecurity Essentials,59.1,0.89,6.4,Low,5.0,83,Python Fundamentals,MLOps Pipelines,Cloud Computing (AWS),Docker & Kubernetes
INT_1206,Cloud Infrastructure,Information Systems,3.01,0,9.2,4.5,5.3,0.3,3.7,3.3,Video,Evening,Medium,Tablet,3,"Python Fundamentals, Git & Version Control, APIs & Microservices",66.5,0.69,5.2,Medium,4.9,122,SQL & Databases,SQL & Databases,Docker & Kubernetes,Cloud Computing (AWS)
INT_1207,Frontend Dev,Bioinformatics,3.01,1,3.4,8.0,5.6,3.4,1.8,14.1,Reading,Morning,High,Tablet,7,"Python Fundamentals, Data Visualization, Cybersecurity Essentials, System Design, A/B Testing & Experimentation, Git & Version Control, APIs & Microservices",79.0,0.62,7.0,Medium,3.9,143,Frontend Basics (React),Frontend Basics (React),SQL & Databases,Business Intelligence & BI Tools
INT_1208,Software Engineering,Electrical Engineering,2.9,0,3.5,5.9,5.9,7.5,5.2,6.9,Peer-learning,Night Owl,High,Desktop,7,"Python Fundamentals, SQL & Databases, Cloud Computing (AWS), NLP & Text Analytics, MLOps Pipelines, Git & Version Control, APIs & Microservices",68.1,0.84,6.4,Low,4.1,157,Docker & Kubernetes,Docker & Kubernetes,Data Wrangling & Pandas,System Design
INT_1209,Data Engineering,Business Analytics,3.39,2,3.3,5.9,2.9,1.2,4.0,10.3,Mixed,Night Owl,Medium,Mixed,6,"Python Fundamentals, Data Visualization, Cloud Computing (AWS), Docker & Kubernetes, Data Wrangling & Pandas, Time Series Analysis",73.9,0.79,6.9,Low,4.0,88,SQL & Databases,Statistics & Probability,Git & Version Control,APIs & Microservices
INT_1210,Product Management,Statistics,3.63,1,5.9,5.7,5.6,8.1,5.1,6.7,Peer-learning,Afternoon,High,Mixed,5,"SQL & Databases, Data Visualization, Statistics & Probability, Reinforcement Learning, Business Intelligence & BI Tools",75.7,0.86,6.7,Low,4.0,136,A/B Testing & Experimentation,A/B Testing & Experimentation,Cloud Computing (AWS),Git & Version Control
INT_1211,Cybersecurity,Bioinformatics,3.41,2,5.9,8.5,6.2,1.9,8.7,11.8,Video,Night Owl,High,Mixed,0,,72.4,0.81,7.1,Low,3.7,95,Python Fundamentals,Python Fundamentals,SQL & Databases,System Design
INT_1212,Frontend Dev,Statistics,2.93,1,5.3,7.9,4.3,7.8,6.6,5.5,Hands-on Projects,Night Owl,Medium,Mixed,8,"Python Fundamentals, Deep Learning, Data Visualization, Frontend Basics (React), Git & Version Control, APIs & Microservices, Time Series Analysis, Business Intelligence & BI Tools",73.9,0.68,5.8,Medium,4.2,63,SQL & Databases,Data Wrangling & Pandas,System Design,Cybersecurity Essentials
INT_1213,Product Management,Statistics,3.96,2,4.1,9.7,1.0,3.7,3.7,10.7,Mixed,Night Owl,Low,Desktop,8,"SQL & Databases, Machine Learning Basics, Data Visualization, Statistics & Probability, NLP & Text Analytics, A/B Testing & Experimentation, Reinforcement Learning, Business Intelligence & BI Tools",62.8,0.81,6.6,Low,3.2,14,Python Fundamentals,System Design,Frontend Basics (React),APIs & Microservices
INT_1214,ML Engineering,Statistics,3.62,0,6.9,3.9,2.0,1.2,6.6,7.7,Video,Night Owl,High,Mixed,0,,40.4,0.8,5.4,Medium,4.4,159,Python Fundamentals,Cloud Computing (AWS),Docker & Kubernetes,Python Fundamentals
INT_1215,Software Engineering,Statistics,2.73,1,6.8,6.5,1.1,5.1,2.3,6.4,Peer-learning,Night Owl,High,Mixed,7,"Python Fundamentals, SQL & Databases, Cloud Computing (AWS), Docker & Kubernetes, Cybersecurity Essentials, System Design, Frontend Basics (React)",53.1,0.52,4.6,Medium,3.4,139,Data Wrangling & Pandas,Git & Version Control,Data Wrangling & Pandas,APIs & Microservices
INT_1216,Data Science,Mathematics,2.83,1,2.2,5.8,4.5,4.3,1.3,9.4,Peer-learning,Evening,Medium,Desktop,2,"SQL & Databases, A/B Testing & Experimentation",72.5,0.82,6.8,Low,4.2,34,Data Visualization,Data Visualization,Deep Learning,Machine Learning Basics
INT_1217,Backend Dev,Physics,3.04,0,2.7,5.6,5.3,7.9,3.6,5.3,Reading,Evening,High,Desktop,1,Cloud Computing (AWS),74.8,0.88,6.5,Low,3.6,153,Python Fundamentals,SQL & Databases,Docker & Kubernetes,System Design
INT_1218,Cloud Infrastructure,Business Analytics,3.34,1,6.9,7.6,2.5,5.1,1.7,4.2,Reading,No Preference,Low,Tablet,6,"Python Fundamentals, SQL & Databases, Docker & Kubernetes, Git & Version Control, APIs & Microservices, Reinforcement Learning",73.8,0.54,5.1,Medium,5.0,167,Cloud Computing (AWS),MLOps Pipelines,System Design,Cloud Computing (AWS)
INT_1219,Backend Dev,Economics,3.97,2,4.3,7.2,7.8,2.0,7.9,8.6,Mixed,No Preference,Low,Tablet,5,"SQL & Databases, Cloud Computing (AWS), Docker & Kubernetes, Statistics & Probability, Git & Version Control",94.5,0.66,6.9,Medium,4.8,110,Python Fundamentals,APIs & Microservices,Python Fundamentals,System Design
INT_1220,Cloud Infrastructure,Electrical Engineering,3.63,1,4.1,4.6,7.1,0.6,6.9,11.3,Video,No Preference,Medium,Laptop,3,"SQL & Databases, Docker & Kubernetes, Cybersecurity Essentials",66.0,0.47,5.6,Medium,3.6,87,Python Fundamentals,Cloud Computing (AWS),System Design,Python Fundamentals
INT_1221,Data Science,Economics,2.68,0,5.2,4.3,7.9,0.4,4.0,8.8,Mixed,Night Owl,Low,Laptop,1,Business Intelligence & BI Tools,57.1,0.53,5.2,Medium,3.9,98,Data Visualization,Data Visualization,Deep Learning,Machine Learning Basics
INT_1222,Backend Dev,Cognitive Science,3.13,3,7.7,6.2,8.4,10.0,2.5,7.3,Hands-on Projects,Night Owl,High,Laptop,3,"Python Fundamentals, Cloud Computing (AWS), System Design",84.7,0.87,7.1,Low,3.1,32,SQL & Databases,Data Wrangling & Pandas,APIs & Microservices,Git & Version Control
INT_1223,Software Engineering,Mathematics,3.74,0,6.5,5.9,2.8,1.7,5.3,9.3,Video,Night Owl,High,Tablet,2,"Git & Version Control, Reinforcement Learning",80.1,0.42,5.7,Medium,4.7,131,Python Fundamentals,Cloud Computing (AWS),Docker & Kubernetes,Python Fundamentals
INT_1224,Cybersecurity,Cognitive Science,3.25,0,8.6,7.4,5.8,4.9,2.3,13.0,Reading,Evening,Low,Tablet,6,"SQL & Databases, Machine Learning Basics, Cloud Computing (AWS), Cybersecurity Essentials, Git & Version Control, Business Intelligence & BI Tools",86.1,0.77,7.7,Low,3.7,153,Python Fundamentals,System Design,APIs & Microservices,Python Fundamentals
INT_1225,Product Management,Statistics,3.35,0,0.6,6.1,6.1,8.8,5.6,14.3,Mixed,Evening,Low,Tablet,1,SQL & Databases,53.0,0.69,6.4,Medium,3.0,59,Data Visualization,A/B Testing & Experimentation,Statistics & Probability,Business Intelligence & BI Tools
INT_1226,Cybersecurity,Information Systems,3.38,0,8.8,7.3,0.5,6.2,2.3,11.0,Peer-learning,No Preference,Low,Tablet,5,"Python Fundamentals, SQL & Databases, Cloud Computing (AWS), System Design, Git & Version Control",34.5,0.78,5.6,Medium,4.8,82,Docker & Kubernetes,APIs & Microservices,Cybersecurity Essentials,Docker & Kubernetes
INT_1227,Product Management,Electrical Engineering,3.55,1,4.3,6.6,9.0,1.1,4.6,2.4,Video,Evening,High,Laptop,6,"SQL & Databases, Data Visualization, Statistics & Probability, A/B Testing & Experimentation, APIs & Microservices, Time Series Analysis",72.7,0.65,5.2,Medium,4.3,154,Business Intelligence & BI Tools,Business Intelligence & BI Tools,Docker & Kubernetes,Cybersecurity Essentials
INT_1228,Frontend Dev,Cognitive Science,3.53,0,7.8,8.0,5.2,6.2,1.7,7.5,Peer-learning,Morning,Medium,Laptop,4,"Data Visualization, Docker & Kubernetes, Git & Version Control, APIs & Microservices",47.2,0.58,4.8,Medium,5.0,99,Python Fundamentals,Frontend Basics (React),Python Fundamentals,Business Intelligence & BI Tools
INT_1229,Product Management,Information Systems,2.47,1,5.5,2.0,6.5,0.0,3.6,7.0,Video,Night Owl,Low,Desktop,4,"Data Visualization, Statistics & Probability, APIs & Microservices, Reinforcement Learning",68.3,0.81,6.3,Low,4.6,109,SQL & Databases,Business Intelligence & BI Tools,SQL & Databases,A/B Testing & Experimentation
INT_1230,Software Engineering,Cognitive Science,3.23,1,7.1,4.9,5.2,3.9,6.5,3.7,Mixed,Afternoon,High,Tablet,1,Cloud Computing (AWS),92.5,0.43,5.3,Medium,3.7,48,Python Fundamentals,SQL & Databases,Docker & Kubernetes,Frontend Basics (React)
INT_1231,Data Engineering,Information Systems,3.66,0,5.3,5.2,6.9,0.8,6.3,8.8,Hands-on Projects,No Preference,Low,Tablet,7,"Python Fundamentals, Data Visualization, Cloud Computing (AWS), System Design, NLP & Text Analytics, Git & Version Control, Time Series Analysis",77.9,0.9,7.2,Low,5.0,149,SQL & Databases,APIs & Microservices,Statistics & Probability,Data Wrangling & Pandas
INT_1232,Data Engineering,Electrical Engineering,3.31,0,5.9,3.5,2.4,2.3,1.5,9.1,Mixed,Night Owl,Low,Tablet,4,"Python Fundamentals, Docker & Kubernetes, System Design, Time Series Analysis",69.4,0.59,5.9,Medium,4.8,28,SQL & Databases,Data Wrangling & Pandas,APIs & Microservices,Data Visualization
INT_1233,Data Science,Business Analytics,3.14,1,6.9,6.7,6.7,4.6,5.2,5.7,Video,Afternoon,Medium,Tablet,4,"Deep Learning, Data Visualization, Data Wrangling & Pandas, Business Intelligence & BI Tools",65.7,0.65,5.4,Medium,5.0,164,Machine Learning Basics,Machine Learning Basics,NLP & Text Analytics,A/B Testing & Experimentation
INT_1234,Frontend Dev,Business Analytics,3.36,2,5.2,6.8,3.5,6.5,0.0,12.0,Video,No Preference,Medium,Desktop,5,"Python Fundamentals, Data Visualization, Cybersecurity Essentials, Git & Version Control, APIs & Microservices",30.0,0.9,6.0,Low,4.7,18,Frontend Basics (React),Frontend Basics (React),System Design,Data Wrangling & Pandas
INT_1235,Data Engineering,Business Analytics,3.56,0,7.3,3.1,3.5,1.5,0.0,4.0,Video,Afternoon,High,Laptop,3,"Deep Learning, Cloud Computing (AWS), Statistics & Probability",50.0,0.76,5.0,Medium,4.8,41,Python Fundamentals,APIs & Microservices,System Design,Data Wrangling & Pandas
INT_1236,Data Engineering,Electrical Engineering,3.25,0,5.0,2.2,3.8,1.4,2.2,10.9,Reading,Morning,High,Mixed,0,,82.0,0.51,6.3,Medium,4.7,143,Python Fundamentals,Data Visualization,Git & Version Control,Data Wrangling & Pandas
INT_1237,Cybersecurity,Bioinformatics,3.76,1,1.9,6.1,8.1,1.9,5.8,8.1,Peer-learning,No Preference,Low,Tablet,3,"Statistics & Probability, Git & Version Control, APIs & Microservices",77.7,0.56,5.9,Medium,4.1,137,Python Fundamentals,Cybersecurity Essentials,Docker & Kubernetes,Cloud Computing (AWS)
INT_1238,Product Management,Information Systems,3.11,2,5.7,4.5,7.1,3.5,4.6,6.1,Hands-on Projects,Evening,Medium,Desktop,2,"SQL & Databases, Data Visualization",69.6,0.95,6.7,Low,5.0,122,Statistics & Probability,Statistics & Probability,A/B Testing & Experimentation,Business Intelligence & BI Tools
INT_1239,Cybersecurity,Business Analytics,3.27,0,3.9,5.6,3.3,0.0,2.4,6.1,Hands-on Projects,Morning,Medium,Desktop,0,,85.9,0.86,6.9,Low,4.8,22,Python Fundamentals,Git & Version Control,Python Fundamentals,System Design
INT_1240,DevOps,Cognitive Science,2.6,2,4.7,3.4,4.6,5.8,4.6,8.8,Mixed,Evening,High,Tablet,6,"SQL & Databases, Docker & Kubernetes, Cybersecurity Essentials, System Design, Frontend Basics (React), APIs & Microservices",44.7,0.63,5.1,Medium,2.8,106,Python Fundamentals,MLOps Pipelines,Git & Version Control,Python Fundamentals
INT_1241,Data Science,Mathematics,2.88,2,8.3,7.1,6.8,7.5,4.2,2.0,Mixed,Night Owl,Medium,Desktop,5,"SQL & Databases, Deep Learning, Data Visualization, Data Wrangling & Pandas, Time Series Analysis",93.5,0.43,5.1,Medium,3.9,148,Machine Learning Basics,Machine Learning Basics,Business Intelligence & BI Tools,Statistics & Probability
INT_1242,ML Engineering,Computer Science,3.63,1,10.0,8.5,4.9,4.0,5.8,9.3,Mixed,Evening,Medium,Mixed,3,"Frontend Basics (React), Git & Version Control, Reinforcement Learning",63.7,0.63,5.8,Medium,3.1,64,Python Fundamentals,Cloud Computing (AWS),Docker & Kubernetes,SQL & Databases
INT_1243,Backend Dev,Bioinformatics,3.37,0,6.6,5.4,3.4,4.7,2.1,2.0,Mixed,Evening,High,Laptop,6,"SQL & Databases, Docker & Kubernetes, System Design, Frontend Basics (React), APIs & Microservices, Time Series Analysis",56.6,0.5,4.0,High,4.6,95,Python Fundamentals,Python Fundamentals,Git & Version Control,Data Wrangling & Pandas
INT_1244,Cybersecurity,Cognitive Science,2.94,0,6.0,8.1,2.9,7.6,3.3,11.0,Reading,Night Owl,Medium,Desktop,3,"SQL & Databases, Cloud Computing (AWS), APIs & Microservices",50.6,0.82,6.3,Low,3.8,61,Python Fundamentals,Git & Version Control,Python Fundamentals,System Design
INT_1245,Software Engineering,Physics,2.49,1,3.8,5.7,3.6,0.6,1.2,7.7,Reading,Night Owl,Medium,Mixed,0,,97.3,0.83,7.5,Low,3.1,84,Python Fundamentals,Python Fundamentals,SQL & Databases,Data Wrangling & Pandas
INT_1246,Data Engineering,Economics,3.37,2,8.1,7.9,3.0,4.5,2.5,12.5,Reading,Evening,High,Tablet,5,"Python Fundamentals, SQL & Databases, Data Visualization, Statistics & Probability, Data Wrangling & Pandas",84.9,0.8,7.6,Low,4.8,151,Cloud Computing (AWS),MLOps Pipelines,Time Series Analysis,Business Intelligence & BI Tools
INT_1247,Cybersecurity,Physics,2.91,1,4.7,4.0,3.0,2.9,0.6,10.1,Video,Evening,Medium,Mixed,5,"Python Fundamentals, SQL & Databases, Cloud Computing (AWS), Docker & Kubernetes, Git & Version Control",78.2,0.71,6.7,Medium,3.4,112,Cybersecurity Essentials,System Design,APIs & Microservices,Cybersecurity Essentials
INT_1248,Backend Dev,Bioinformatics,2.86,2,6.6,4.6,6.4,4.6,3.1,7.5,Peer-learning,Afternoon,High,Mixed,7,"Python Fundamentals, SQL & Databases, Cloud Computing (AWS), Docker & Kubernetes, System Design, Statistics & Probability, APIs & Microservices",70.3,0.72,6.1,Medium,3.5,151,Data Wrangling & Pandas,Data Wrangling & Pandas,Git & Version Control,Business Intelligence & BI Tools
INT_1249,Backend Dev,Mathematics,2.76,0,7.4,10.0,0.3,4.6,3.5,4.5,Hands-on Projects,Morning,Medium,Tablet,5,"Python Fundamentals, Cloud Computing (AWS), Docker & Kubernetes, MLOps Pipelines, APIs & Microservices",78.0,0.58,5.4,Medium,5.0,46,SQL & Databases,System Design,Data Wrangling & Pandas,Git & Version Control
INT_1250,Data Engineering,Electrical Engineering,3.25,0,5.5,9.4,0.0,4.2,2.8,5.6,Video,Afternoon,Medium,Tablet,5,"Cloud Computing (AWS), Statistics & Probability, MLOps Pipelines, Data Wrangling & Pandas, Business Intelligence & BI Tools",61.0,0.96,6.3,Low,4.6,105,Python Fundamentals,System Design,Data Visualization,Python Fundamentals
INT_1251,Data Science,Mathematics,3.14,1,6.8,6.4,3.3,5.2,2.2,5.9,Hands-on Projects,Evening,Low,Laptop,2,"Deep Learning, NLP & Text Analytics",73.2,0.38,4.8,High,3.0,17,Data Visualization,Data Visualization,Machine Learning Basics,Statistics & Probability
INT_1252,ML Engineering,Statistics,3.11,1,9.6,8.9,4.4,9.2,5.8,3.8,Video,No Preference,Medium,Laptop,0,,44.8,0.84,5.1,Medium,4.3,38,Python Fundamentals,Cloud Computing (AWS),Docker & Kubernetes,SQL & Databases
INT_1253,Cloud Infrastructure,Physics,3.03,1,6.7,9.0,4.4,3.7,3.8,8.8,Mixed,Night Owl,Low,Laptop,5,"NLP & Text Analytics, MLOps Pipelines, Git & Version Control, APIs & Microservices, Reinforcement Learning",46.6,0.85,5.9,Low,3.3,39,Python Fundamentals,SQL & Databases,System Design,Python Fundamentals
INT_1254,DevOps,Mathematics,3.7,0,8.7,4.5,3.9,3.8,3.7,8.8,Hands-on Projects,Afternoon,Low,Tablet,5,"SQL & Databases, Cloud Computing (AWS), System Design, Git & Version Control, APIs & Microservices",81.9,0.57,6.2,Medium,4.6,34,Python Fundamentals,Cybersecurity Essentials,MLOps Pipelines,Docker & Kubernetes
INT_1255,Product Management,Cognitive Science,4.0,0,7.1,3.3,10.0,4.8,4.5,13.2,Peer-learning,Evening,Medium,Mixed,4,"Python Fundamentals, SQL & Databases, MLOps Pipelines, Business Intelligence & BI Tools",73.5,0.71,7.0,Low,4.4,27,Data Visualization,Data Visualization,A/B Testing & Experimentation,Statistics & Probability
INT_1256,Product Management,Bioinformatics,3.69,0,4.2,5.9,5.9,5.8,2.4,11.4,Hands-on Projects,No Preference,Low,Desktop,0,,82.8,0.67,7.0,Medium,3.7,100,SQL & Databases,A/B Testing & Experimentation,SQL & Databases,Statistics & Probability
INT_1257,Frontend Dev,Business Analytics,3.69,0,3.0,6.9,9.1,7.1,5.0,9.9,Video,Evening,Medium,Laptop,3,"Data Visualization, Git & Version Control, APIs & Microservices",82.8,0.93,7.6,Low,3.8,58,Python Fundamentals,Frontend Basics (React),Python Fundamentals,Docker & Kubernetes
INT_1258,Backend Dev,Economics,3.46,1,7.0,6.8,3.5,6.2,3.5,5.1,Video,Evening,Medium,Tablet,4,"Cloud Computing (AWS), Docker & Kubernetes, Cybersecurity Essentials, Time Series Analysis",56.7,0.75,5.4,Medium,5.0,72,Python Fundamentals,System Design,Git & Version Control,Data Wrangling & Pandas
INT_1259,Frontend Dev,Computer Science,3.52,0,2.7,5.4,4.3,5.3,0.7,13.7,Video,Evening,Low,Laptop,5,"Python Fundamentals, Cybersecurity Essentials, Frontend Basics (React), NLP & Text Analytics, A/B Testing & Experimentation",93.2,0.99,8.8,Low,5.0,114,Data Visualization,Git & Version Control,APIs & Microservices,Data Visualization
INT_1260,Software Engineering,Electrical Engineering,3.71,1,4.7,8.7,1.9,8.9,4.4,12.4,Hands-on Projects,No Preference,Low,Desktop,0,,83.3,0.82,7.6,Low,5.0,112,Python Fundamentals,Python Fundamentals,SQL & Databases,System Design
INT_1261,Data Engineering,Mathematics,3.14,0,5.7,5.3,4.0,5.9,4.6,7.4,Peer-learning,Morning,Low,Mixed,0,,70.3,0.91,6.8,Low,3.9,159,Python Fundamentals,Statistics & Probability,Git & Version Control,Data Wrangling & Pandas
INT_1262,ML Engineering,Bioinformatics,3.65,1,10.0,6.8,4.3,7.5,5.3,5.1,Mixed,Afternoon,Medium,Mixed,2,"Docker & Kubernetes, NLP & Text Analytics",60.5,0.77,5.6,Medium,4.7,77,Python Fundamentals,Cloud Computing (AWS),SQL & Databases,A/B Testing & Experimentation
INT_1263,DevOps,Mathematics,3.6,0,6.7,4.9,4.4,3.0,1.2,8.3,Reading,Evening,High,Laptop,1,Cloud Computing (AWS),66.1,0.71,6.0,Medium,3.8,43,Python Fundamentals,Python Fundamentals,Git & Version Control,APIs & Microservices
INT_1264,Backend Dev,Economics,3.51,2,8.1,5.6,2.9,5.2,0.0,8.8,Video,Afternoon,Medium,Laptop,7,"Python Fundamentals, SQL & Databases, Docker & Kubernetes, System Design, MLOps Pipelines, Data Wrangling & Pandas, Business Intelligence & BI Tools",65.6,0.72,6.1,Medium,2.7,139,Cloud Computing (AWS),APIs & Microservices,Git & Version Control,Cloud Computing (AWS)
INT_1265,Product Management,Mathematics,3.65,0,5.7,7.8,6.8,4.5,4.7,9.0,Reading,Morning,High,Tablet,4,"Data Visualization, Cloud Computing (AWS), Statistics & Probability, A/B Testing & Experimentation",69.1,0.76,6.4,Medium,5.0,85,SQL & Databases,Business Intelligence & BI Tools,SQL & Databases,System Design
INT_1266,DevOps,Electrical Engineering,2.73,0,4.4,6.7,5.1,1.6,7.7,8.4,Video,Night Owl,Low,Laptop,7,"Data Visualization, Cloud Computing (AWS), Docker & Kubernetes, Frontend Basics (React), MLOps Pipelines, Git & Version Control, APIs & Microservices",51.8,0.69,5.5,Medium,3.8,36,Python Fundamentals,SQL & Databases,Python Fundamentals,System Design
INT_1267,Data Science,Physics,3.23,2,5.8,5.5,5.0,8.8,1.3,10.1,Video,Afternoon,Medium,Laptop,5,"Data Visualization, Statistics & Probability, Data Wrangling & Pandas, Time Series Analysis, Reinforcement Learning",88.5,0.57,6.6,Medium,3.3,102,Deep Learning,Deep Learning,Machine Learning Basics,A/B Testing & Experimentation
INT_1268,Data Engineering,Cognitive Science,3.17,1,5.2,4.2,9.6,2.3,4.9,4.5,Reading,Morning,Medium,Tablet,0,,50.7,0.7,4.9,Medium,4.9,160,Python Fundamentals,Git & Version Control,Data Wrangling & Pandas,Data Visualization
INT_1269,Data Science,Economics,3.74,0,6.6,3.9,6.7,1.6,5.0,10.6,Mixed,Evening,Low,Desktop,2,"SQL & Databases, Statistics & Probability",80.6,0.86,7.4,Low,5.0,108,Data Visualization,Data Visualization,Deep Learning,Machine Learning Basics
INT_1270,Software Engineering,Physics,3.1,3,2.7,3.5,4.1,4.7,4.4,6.5,Mixed,Afternoon,High,Tablet,8,"Python Fundamentals, SQL & Databases, Cloud Computing (AWS), Docker & Kubernetes, System Design, A/B Testing & Experimentation, Data Wrangling & Pandas, Git & Version Control",47.8,0.88,5.7,Low,3.7,59,Frontend Basics (React),APIs & Microservices,Frontend Basics (React),NLP & Text Analytics
INT_1271,Data Engineering,Computer Science,4.0,0,8.2,6.8,5.6,5.0,3.4,11.6,Mixed,Morning,Low,Tablet,3,"Python Fundamentals, Statistics & Probability, Data Wrangling & Pandas",68.4,0.78,6.9,Low,4.0,143,SQL & Databases,SQL & Databases,Business Intelligence & BI Tools,MLOps Pipelines
INT_1272,Cybersecurity,Electrical Engineering,3.35,1,3.9,7.3,7.1,2.6,5.9,9.5,Hands-on Projects,No Preference,Medium,Desktop,6,"Deep Learning, Docker & Kubernetes, Cybersecurity Essentials, System Design, Git & Version Control, APIs & Microservices",77.6,0.38,5.5,Medium,4.3,29,Python Fundamentals,Cloud Computing (AWS),Python Fundamentals,SQL & Databases
INT_1273,Backend Dev,Cognitive Science,3.46,0,3.1,5.7,2.9,5.5,2.7,6.0,Reading,Night Owl,Low,Laptop,5,"Python Fundamentals, Cloud Computing (AWS), Docker & Kubernetes, Data Wrangling & Pandas, Git & Version Control",77.3,0.86,6.6,Low,3.2,68,SQL & Databases,System Design,APIs & Microservices,SQL & Databases
INT_1274,ML Engineering,Computer Science,2.91,1,3.5,5.5,7.2,6.5,3.5,9.9,Reading,No Preference,High,Desktop,1,Statistics & Probability,63.4,0.57,5.7,Medium,4.4,31,Python Fundamentals,A/B Testing & Experimentation,MLOps Pipelines,Deep Learning
INT_1275,Software Engineering,Cognitive Science,3.38,1,6.1,7.4,5.1,5.0,4.0,10.4,Mixed,No Preference,Medium,Desktop,0,,63.7,0.8,6.6,Low,4.2,29,Python Fundamentals,SQL & Databases,Python Fundamentals,Frontend Basics (React)
INT_1276,Frontend Dev,Computer Science,2.74,0,6.5,1.9,6.5,6.5,3.4,5.9,Video,Afternoon,High,Mixed,0,,88.0,0.92,7.2,Low,4.0,68,Python Fundamentals,Python Fundamentals,SQL & Databases,Data Visualization
INT_1277,Data Engineering,Mathematics,3.65,3,3.3,6.6,4.0,6.1,2.8,5.2,Reading,Afternoon,Low,Desktop,7,"Cloud Computing (AWS), Docker & Kubernetes, NLP & Text Analytics, MLOps Pipelines, Git & Version Control, Reinforcement Learning, Business Intelligence & BI Tools",65.4,0.84,6.0,Low,3.9,66,Python Fundamentals,Time Series Analysis,Statistics & Probability,SQL & Databases
INT_1278,Cybersecurity,Computer Science,3.91,1,6.4,5.5,2.8,5.2,3.7,10.1,Reading,No Preference,Low,Laptop,1,System Design,65.2,0.88,6.9,Low,4.5,145,Python Fundamentals,Git & Version Control,Python Fundamentals,APIs & Microservices
INT_1279,Cybersecurity,Computer Science,3.29,0,5.0,6.7,5.1,8.1,4.3,6.4,Mixed,Night Owl,Low,Desktop,6,"Python Fundamentals, SQL & Databases, Cloud Computing (AWS), MLOps Pipelines, A/B Testing & Experimentation, APIs & Microservices",54.3,0.69,5.3,Medium,3.3,154,Docker & Kubernetes,Git & Version Control,System Design,Cybersecurity Essentials
INT_1280,Backend Dev,Bioinformatics,3.15,1,3.7,3.2,4.3,8.8,5.3,2.4,Peer-learning,Night Owl,Low,Mixed,6,"Python Fundamentals, SQL & Databases, Cloud Computing (AWS), Docker & Kubernetes, System Design, Data Wrangling & Pandas",42.2,0.88,4.9,Medium,4.7,101,Git & Version Control,Git & Version Control,APIs & Microservices,Cybersecurity Essentials
INT_1281,ML Engineering,Physics,3.11,3,7.7,8.7,2.8,5.2,4.8,5.7,Reading,Evening,Medium,Laptop,1,Cloud Computing (AWS),71.6,0.91,6.5,Low,4.8,131,Python Fundamentals,Deep Learning,Reinforcement Learning,NLP & Text Analytics
INT_1282,Cybersecurity,Bioinformatics,3.13,1,7.8,5.5,2.6,7.0,2.1,9.1,Mixed,No Preference,Low,Laptop,6,"SQL & Databases, Docker & Kubernetes, Cybersecurity Essentials, System Design, Git & Version Control, Time Series Analysis",55.4,0.85,6.3,Low,4.7,169,Python Fundamentals,Python Fundamentals,APIs & Microservices,Cloud Computing (AWS)
INT_1283,Backend Dev,Economics,2.9,1,5.5,5.6,5.5,3.8,2.6,2.5,Peer-learning,Afternoon,Medium,Desktop,8,"Python Fundamentals, SQL & Databases, Machine Learning Basics, Cloud Computing (AWS), Docker & Kubernetes, Frontend Basics (React), Data Wrangling & Pandas, Git & Version Control",58.5,0.71,4.9,Medium,5.0,41,System Design,System Design,APIs & Microservices,Business Intelligence & BI Tools
INT_1284,Data Engineering,Electrical Engineering,3.23,1,0.7,7.9,5.9,3.1,2.9,8.6,Peer-learning,Morning,Medium,Mixed,8,"Python Fundamentals, Docker & Kubernetes, Statistics & Probability, MLOps Pipelines, Data Wrangling & Pandas, APIs & Microservices, Time Series Analysis, Business Intelligence & BI Tools",48.5,0.77,5.7,Medium,5.0,46,SQL & Databases,SQL & Databases,Cloud Computing (AWS),System Design
INT_1285,ML Engineering,Computer Science,3.09,2,4.5,5.7,5.0,1.9,3.0,4.8,Peer-learning,Morning,High,Laptop,7,"Python Fundamentals, Machine Learning Basics, Cloud Computing (AWS), Frontend Basics (React), Statistics & Probability, MLOps Pipelines, A/B Testing & Experimentation",88.3,0.91,7.0,Low,5.0,22,SQL & Databases,SQL & Databases,Git & Version Control,Data Wrangling & Pandas
INT_1286,Data Science,Business Analytics,3.4,0,5.2,3.8,3.5,0.0,4.8,6.3,Peer-learning,Morning,Low,Tablet,8,"SQL & Databases, Machine Learning Basics, Deep Learning, Data Visualization, Statistics & Probability, NLP & Text Analytics, A/B Testing & Experimentation, Git & Version Control",94.9,0.41,5.7,Medium,3.6,48,Data Wrangling & Pandas,Data Wrangling & Pandas,Time Series Analysis,Business Intelligence & BI Tools
INT_1287,Cybersecurity,Statistics,3.17,1,9.3,8.6,4.1,7.6,3.1,8.2,Video,Night Owl,High,Desktop,6,"SQL & Databases, Cloud Computing (AWS), Docker & Kubernetes, Git & Version Control, APIs & Microservices, Time Series Analysis",64.7,0.76,6.2,Medium,5.0,127,Python Fundamentals,Cybersecurity Essentials,Python Fundamentals,System Design
INT_1288,DevOps,Information Systems,3.5,3,7.0,2.3,7.2,4.0,0.8,11.0,Mixed,Night Owl,Medium,Mixed,8,"Cloud Computing (AWS), Docker & Kubernetes, Cybersecurity Essentials, System Design, MLOps Pipelines, Git & Version Control, APIs & Microservices, Business Intelligence & BI Tools",71.3,0.8,6.9,Low,5.0,65,Python Fundamentals,Python Fundamentals,SQL & Databases,Deep Learning
INT_1289,DevOps,Statistics,3.23,0,8.3,8.1,0.0,4.4,5.9,10.2,Hands-on Projects,Morning,Low,Desktop,4,"SQL & Databases, Machine Learning Basics, Cloud Computing (AWS), MLOps Pipelines",78.4,0.81,7.1,Low,4.0,153,Python Fundamentals,Cybersecurity Essentials,Docker & Kubernetes,Git & Version Control
INT_1290,Cybersecurity,Business Analytics,3.67,0,3.9,7.5,6.8,2.4,5.3,2.7,Mixed,Morning,Low,Mixed,7,"Python Fundamentals, Docker & Kubernetes, Cybersecurity Essentials, System Design, Statistics & Probability, APIs & Microservices, Time Series Analysis",49.2,0.83,5.0,Medium,4.1,59,SQL & Databases,Cloud Computing (AWS),SQL & Databases,Git & Version Control
INT_1291,Frontend Dev,Business Analytics,4.0,0,3.3,7.7,2.3,5.4,1.2,10.3,Reading,Night Owl,Low,Laptop,2,"Deep Learning, Git & Version Control",67.7,0.21,4.6,High,5.0,58,Python Fundamentals,Data Visualization,APIs & Microservices,Python Fundamentals
INT_1292,DevOps,Computer Science,3.4,2,6.1,4.5,5.0,7.4,4.6,8.2,Peer-learning,Morning,High,Laptop,2,"Docker & Kubernetes, Frontend Basics (React)",53.0,0.74,5.7,Medium,4.2,77,Python Fundamentals,APIs & Microservices,System Design,Python Fundamentals
INT_1293,Frontend Dev,Cognitive Science,3.92,2,6.9,6.0,2.0,0.0,5.1,5.8,Mixed,Night Owl,Medium,Tablet,0,,67.0,0.59,5.3,Medium,4.2,135,Python Fundamentals,Git & Version Control,Python Fundamentals,APIs & Microservices
INT_1294,DevOps,Mathematics,3.55,2,7.4,3.4,7.0,0.7,4.5,7.3,Reading,Night Owl,Medium,Laptop,1,Machine Learning Basics,73.1,0.8,6.5,Low,5.0,70,Python Fundamentals,Cybersecurity Essentials,Docker & Kubernetes,Cloud Computing (AWS)
INT_1295,Frontend Dev,Cognitive Science,3.72,0,4.5,4.9,6.3,2.4,2.6,8.6,Reading,Morning,Low,Tablet,6,"Data Visualization, Frontend Basics (React), NLP & Text Analytics, Git & Version Control, Time Series Analysis, Reinforcement Learning",65.0,0.84,6.5,Low,5.0,19,Python Fundamentals,Python Fundamentals,APIs & Microservices,SQL & Databases
INT_1296,Backend Dev,Physics,3.26,3,8.2,5.6,2.2,4.7,0.0,8.0,Video,Afternoon,Low,Tablet,8,"SQL & Databases, Cloud Computing (AWS), Docker & Kubernetes, System Design, Frontend Basics (React), MLOps Pipelines, Data Wrangling & Pandas, Git & Version Control",57.3,0.67,5.6,Medium,3.3,69,Python Fundamentals,Python Fundamentals,APIs & Microservices,Time Series Analysis
INT_1297,Software Engineering,Physics,3.37,2,6.5,6.5,3.0,0.5,5.6,8.8,Video,Morning,High,Laptop,8,"SQL & Databases, Cloud Computing (AWS), Docker & Kubernetes, Cybersecurity Essentials, System Design, Data Wrangling & Pandas, Git & Version Control, Time Series Analysis",67.4,0.78,6.4,Low,5.0,70,Python Fundamentals,Frontend Basics (React),APIs & Microservices,Python Fundamentals
INT_1298,DevOps,Cognitive Science,3.37,2,10.0,0.8,9.5,5.9,2.3,8.7,Mixed,No Preference,Low,Desktop,7,"SQL & Databases, Docker & Kubernetes, Cybersecurity Essentials, System Design, MLOps Pipelines, Git & Version Control, APIs & Microservices",81.5,0.65,6.4,Medium,5.0,24,Python Fundamentals,Cloud Computing (AWS),Python Fundamentals,Deep Learning
INT_1299,Backend Dev,Physics,3.33,3,8.3,4.4,7.8,3.4,5.1,14.7,Video,No Preference,Medium,Laptop,5,"Data Visualization, Docker & Kubernetes, MLOps Pipelines, Git & Version Control, APIs & Microservices",55.6,0.38,5.5,Medium,3.4,117,Python Fundamentals,Cloud Computing (AWS),SQL & Databases,Python Fundamentals
INT_1300,Data Science,Mathematics,3.75,2,5.6,7.3,10.0,5.7,7.0,6.4,Reading,Night Owl,Medium,Laptop,0,,65.7,0.88,6.3,Low,4.8,43,Data Visualization,Data Visualization,Deep Learning,Machine Learning Basics
INT_1301,ML Engineering,Physics,4.0,2,7.4,3.3,5.4,7.1,4.6,9.7,Reading,Evening,Low,Mixed,5,"SQL & Databases, Deep Learning, Docker & Kubernetes, Statistics & Probability, Data Wrangling & Pandas",62.7,0.7,6.1,Medium,5.0,45,Python Fundamentals,Cloud Computing (AWS),Reinforcement Learning,MLOps Pipelines
INT_1302,Cybersecurity,Statistics,2.69,2,7.7,9.6,4.5,8.1,0.1,5.3,Hands-on Projects,Afternoon,Medium,Laptop,7,"Python Fundamentals, SQL & Databases, Data Visualization, Docker & Kubernetes, Cybersecurity Essentials, System Design, Git & Version Control",55.4,0.9,5.9,Low,3.5,29,Cloud Computing (AWS),APIs & Microservices,Cloud Computing (AWS),Business Intelligence & BI Tools
INT_1303,Product Management,Cognitive Science,3.2,1,4.9,8.5,2.9,4.5,2.1,3.5,Peer-learning,Afternoon,Low,Mixed,8,"SQL & Databases, Data Visualization, Statistics & Probability, A/B Testing & Experimentation, Data Wrangling & Pandas, Git & Version Control, Reinforcement Learning, Business Intelligence & BI Tools",61.7,0.86,5.7,Low,4.6,150,Python Fundamentals,Python Fundamentals,Frontend Basics (React),APIs & Microservices
INT_1304,Data Engineering,Mathematics,3.79,2,7.7,2.8,3.2,0.5,4.6,7.4,Hands-on Projects,Evening,High,Mixed,3,"Cloud Computing (AWS), Docker & Kubernetes, Time Series Analysis",80.8,0.8,6.7,Low,3.7,61,Python Fundamentals,Data Wrangling & Pandas,SQL & Databases,Git & Version Control
INT_1305,DevOps,Business Analytics,3.45,1,8.6,6.1,5.1,2.6,2.6,4.8,Hands-on Projects,Morning,Low,Tablet,3,"MLOps Pipelines, Git & Version Control, APIs & Microservices",84.0,0.45,5.2,Medium,5.0,97,Python Fundamentals,SQL & Databases,Docker & Kubernetes,System Design
INT_1306,DevOps,Business Analytics,3.28,2,5.9,2.7,2.7,0.0,2.9,8.3,Hands-on Projects,Afternoon,Low,Laptop,0,,65.3,0.87,6.6,Low,3.1,23,Python Fundamentals,System Design,Git & Version Control,Python Fundamentals
INT_1307,DevOps,Statistics,3.86,1,7.5,8.5,5.2,4.0,3.6,8.2,Video,Night Owl,High,Laptop,1,Reinforcement Learning,73.5,0.47,5.4,Medium,3.7,119,Python Fundamentals,SQL & Databases,MLOps Pipelines,Cybersecurity Essentials
INT_1308,Data Science,Information Systems,3.23,0,6.7,7.5,3.8,0.1,1.4,9.7,Peer-learning,Evening,Medium,Mixed,1,Machine Learning Basics,92.0,0.69,7.1,Medium,5.0,167,Data Visualization,Data Visualization,Deep Learning,Data Wrangling & Pandas
INT_1309,Frontend Dev,Statistics,3.38,3,2.2,6.4,3.7,7.3,0.0,7.4,Peer-learning,Morning,Low,Laptop,8,"Python Fundamentals, Data Visualization, Cloud Computing (AWS), Frontend Basics (React), NLP & Text Analytics, MLOps Pipelines, APIs & Microservices, Time Series Analysis",90.6,0.71,6.8,Medium,4.7,176,Git & Version Control,Git & Version Control,Statistics & Probability,A/B Testing & Experimentation
INT_1310,Frontend Dev,Information Systems,3.23,2,5.7,9.2,3.6,0.9,1.0,2.5,Peer-learning,Morning,High,Laptop,5,"Python Fundamentals, Data Visualization, Frontend Basics (React), Git & Version Control, APIs & Microservices",84.2,0.91,6.5,Low,4.3,33,SQL & Databases,Data Wrangling & Pandas,System Design,SQL & Databases
INT_1311,Backend Dev,Statistics,3.62,0,6.1,1.2,1.4,3.7,0.7,9.3,Video,Night Owl,Medium,Tablet,2,"Docker & Kubernetes, Data Wrangling & Pandas",67.2,0.72,6.3,Medium,4.9,115,Python Fundamentals,Git & Version Control,System Design,Python Fundamentals
INT_1312,Frontend Dev,Computer Science,3.26,2,8.8,7.4,4.5,9.5,5.9,6.6,Peer-learning,Night Owl,High,Mixed,2,"Python Fundamentals, Frontend Basics (React)",65.8,0.71,5.8,Medium,3.5,90,Data Visualization,APIs & Microservices,Git & Version Control,Data Visualization
INT_1313,Cloud Infrastructure,Economics,3.4,0,7.9,4.5,0.3,3.9,4.1,7.0,Video,Afternoon,High,Desktop,1,Cloud Computing (AWS),73.4,0.82,6.5,Low,5.0,91,Python Fundamentals,Cybersecurity Essentials,Docker & Kubernetes,MLOps Pipelines
INT_1314,ML Engineering,Economics,2.35,0,5.3,9.9,5.8,4.2,3.6,10.2,Hands-on Projects,Night Owl,Medium,Desktop,6,"SQL & Databases, Machine Learning Basics, Data Visualization, Statistics & Probability, NLP & Text Analytics, Git & Version Control",62.2,0.68,6.1,Medium,5.0,65,Python Fundamentals,Python Fundamentals,Data Wrangling & Pandas,System Design
INT_1315,Cloud Infrastructure,Business Analytics,2.29,1,5.9,3.2,3.7,6.1,1.3,7.3,Peer-learning,Afternoon,Medium,Tablet,0,,80.0,0.45,5.5,Medium,3.7,70,Python Fundamentals,Git & Version Control,APIs & Microservices,Python Fundamentals
INT_1316,Product Management,Cognitive Science,3.55,0,7.0,6.9,3.8,2.3,6.1,2.0,Mixed,Night Owl,Low,Tablet,4,"Python Fundamentals, SQL & Databases, Cloud Computing (AWS), Business Intelligence & BI Tools",68.3,0.8,5.5,Medium,3.0,113,Data Visualization,Statistics & Probability,A/B Testing & Experimentation,Data Visualization
INT_1317,Frontend Dev,Electrical Engineering,3.35,0,6.5,8.6,3.5,4.0,3.4,9.3,Peer-learning,Morning,High,Laptop,1,Business Intelligence & BI Tools,91.4,0.37,5.9,Medium,4.7,24,Python Fundamentals,Python Fundamentals,Git & Version Control,APIs & Microservices
INT_1318,Software Engineering,Economics,3.27,2,2.1,4.1,5.7,3.6,4.8,3.6,Mixed,Afternoon,Low,Mixed,0,,53.4,0.59,4.5,Medium,4.0,143,Python Fundamentals,SQL & Databases,Docker & Kubernetes,Cloud Computing (AWS)
INT_1319,Frontend Dev,Information Systems,3.43,0,6.4,5.5,9.4,4.6,2.6,6.7,Hands-on Projects,Evening,Medium,Mixed,6,"Python Fundamentals, Deep Learning, Frontend Basics (React), Statistics & Probability, A/B Testing & Experimentation, Data Wrangling & Pandas",62.8,0.79,6.0,Medium,5.0,173,Data Visualization,Git & Version Control,APIs & Microservices,Data Visualization
INT_1320,Frontend Dev,Mathematics,3.3,0,7.1,4.0,0.0,6.7,8.8,8.6,Video,Morning,High,Tablet,5,"Python Fundamentals, Data Visualization, Cloud Computing (AWS), APIs & Microservices, Business Intelligence & BI Tools",80.8,0.46,5.7,Medium,3.8,148,Frontend Basics (React),Frontend Basics (React),Git & Version Control,Machine Learning Basics
INT_1321,Frontend Dev,Bioinformatics,3.15,1,5.0,7.9,5.8,4.6,0.8,10.7,Mixed,No Preference,Medium,Tablet,7,"Python Fundamentals, Data Visualization, Cybersecurity Essentials, Frontend Basics (React), NLP & Text Analytics, APIs & Microservices, Business Intelligence & BI Tools",62.2,0.71,6.3,Medium,5.0,116,Git & Version Control,Git & Version Control,SQL & Databases,System Design
INT_1322,Frontend Dev,Cognitive Science,3.35,2,4.5,7.3,7.5,10.0,1.4,6.6,Hands-on Projects,Afternoon,Medium,Desktop,4,"Data Visualization, Cybersecurity Essentials, Frontend Basics (React), APIs & Microservices",82.7,0.77,6.6,Low,3.2,86,Python Fundamentals,Python Fundamentals,Git & Version Control,Data Wrangling & Pandas
INT_1323,Data Engineering,Business Analytics,3.7,0,9.0,7.1,8.9,0.9,5.8,3.0,Mixed,Night Owl,Medium,Laptop,2,"SQL & Databases, Business Intelligence & BI Tools",67.4,0.55,4.7,Medium,3.6,113,Python Fundamentals,Docker & Kubernetes,Cloud Computing (AWS),Time Series Analysis
INT_1324,Backend Dev,Physics,3.01,1,10.0,2.8,4.8,7.5,2.6,10.2,Hands-on Projects,Night Owl,Medium,Tablet,8,"Deep Learning, Cloud Computing (AWS), Cybersecurity Essentials, System Design, MLOps Pipelines, Data Wrangling & Pandas, Git & Version Control, APIs & Microservices",84.5,0.64,6.7,Medium,5.0,115,Python Fundamentals,SQL & Databases,Docker & Kubernetes,Python Fundamentals
INT_1325,Cloud Infrastructure,Physics,3.87,0,4.2,4.5,0.9,0.6,3.1,6.4,Reading,Afternoon,Low,Mixed,8,"Python Fundamentals, Data Visualization, Docker & Kubernetes, Cybersecurity Essentials, System Design, NLP & Text Analytics, Git & Version Control, APIs & Microservices",53.3,0.6,4.9,Medium,4.7,174,SQL & Databases,Cloud Computing (AWS),SQL & Databases,MLOps Pipelines
INT_1326,Product Management,Computer Science,4.0,0,1.7,4.8,4.6,0.5,4.7,6.3,Hands-on Projects,Evening,Low,Laptop,5,"SQL & Databases, Data Visualization, Statistics & Probability, A/B Testing & Experimentation, Business Intelligence & BI Tools",42.8,0.65,4.7,Medium,4.3,123,Python Fundamentals,Cybersecurity Essentials,Docker & Kubernetes,Time Series Analysis
INT_1327,Frontend Dev,Economics,3.15,2,4.9,7.3,3.4,4.2,0.1,9.7,Reading,Evening,Low,Tablet,4,"Python Fundamentals, SQL & Databases, Data Visualization, Git & Version Control",51.0,0.71,5.7,Medium,5.0,78,Frontend Basics (React),APIs & Microservices,Frontend Basics (React),Data Wrangling & Pandas
INT_1328,Backend Dev,Mathematics,4.0,2,5.9,8.6,9.3,1.9,4.6,8.8,Hands-on Projects,No Preference,Low,Desktop,2,"SQL & Databases, System Design",50.6,0.76,5.8,Medium,4.2,170,Python Fundamentals,APIs & Microservices,Data Wrangling & Pandas,Python Fundamentals
INT_1329,Data Engineering,Information Systems,3.21,1,2.4,7.8,8.2,1.2,3.2,7.5,Mixed,Morning,Medium,Tablet,6,"Python Fundamentals, SQL & Databases, Docker & Kubernetes, MLOps Pipelines, Data Wrangling & Pandas, Business Intelligence & BI Tools",51.7,0.87,6.0,Low,3.9,139,Data Visualization,Time Series Analysis,Statistics & Probability,Cloud Computing (AWS)
INT_1330,Cybersecurity,Business Analytics,3.42,1,6.6,9.8,4.4,5.7,1.7,4.1,Mixed,No Preference,High,Tablet,6,"Python Fundamentals, SQL & Databases, Cloud Computing (AWS), Docker & Kubernetes, Git & Version Control, APIs & Microservices",50.7,0.82,5.3,Medium,3.6,118,Cybersecurity Essentials,System Design,Cybersecurity Essentials,Machine Learning Basics
INT_1331,Cybersecurity,Mathematics,3.09,0,9.5,8.1,5.5,8.4,4.0,9.7,Peer-learning,Night Owl,Low,Laptop,4,"SQL & Databases, Cybersecurity Essentials, NLP & Text Analytics, Git & Version Control",55.5,0.78,6.1,Medium,4.5,119,Python Fundamentals,Cloud Computing (AWS),Docker & Kubernetes,Python Fundamentals
INT_1332,Backend Dev,Bioinformatics,3.32,2,4.1,4.4,5.4,1.6,4.0,5.5,Mixed,Evening,Low,Tablet,0,,93.7,0.97,7.5,Low,4.8,93,Python Fundamentals,Python Fundamentals,SQL & Databases,Git & Version Control
INT_1333,Data Engineering,Physics,2.8,0,5.5,5.9,3.9,4.5,4.2,12.9,Hands-on Projects,Evening,Medium,Laptop,6,"Python Fundamentals, SQL & Databases, Docker & Kubernetes, System Design, Statistics & Probability, MLOps Pipelines",83.0,0.9,8.0,Low,4.6,34,Data Visualization,APIs & Microservices,Data Visualization,Git & Version Control
INT_1334,ML Engineering,Information Systems,3.41,2,0.6,7.6,5.7,1.7,2.2,5.3,Reading,Morning,High,Laptop,2,"Python Fundamentals, Git & Version Control",86.2,0.63,6.0,Medium,5.0,36,SQL & Databases,SQL & Databases,A/B Testing & Experimentation,Statistics & Probability
INT_1335,Cloud Infrastructure,Information Systems,3.02,0,4.8,2.4,3.5,2.5,2.1,6.0,Peer-learning,Morning,Low,Mixed,4,"SQL & Databases, Machine Learning Basics, MLOps Pipelines, Git & Version Control",85.2,0.89,7.0,Low,4.2,51,Python Fundamentals,APIs & Microservices,System Design,Python Fundamentals
INT_1336,DevOps,Mathematics,3.24,2,8.3,8.0,5.4,1.1,2.5,2.9,Reading,Night Owl,Medium,Tablet,6,"Python Fundamentals, Cloud Computing (AWS), Cybersecurity Essentials, System Design, MLOps Pipelines, Git & Version Control",83.4,0.82,6.2,Low,3.9,65,SQL & Databases,SQL & Databases,APIs & Microservices,Docker & Kubernetes
INT_1337,Product Management,Statistics,2.14,0,6.0,8.1,2.7,3.6,3.1,13.0,Video,Evening,Low,Tablet,7,"Deep Learning, Data Visualization, Statistics & Probability, NLP & Text Analytics, A/B Testing & Experimentation, Git & Version Control, Business Intelligence & BI Tools",74.6,0.62,6.7,Medium,4.2,145,SQL & Databases,SQL & Databases,Frontend Basics (React),System Design
INT_1338,Cloud Infrastructure,Physics,3.7,0,6.7,6.3,2.4,3.7,4.8,3.2,Mixed,No Preference,High,Desktop,2,"Docker & Kubernetes, MLOps Pipelines",78.4,0.87,6.3,Low,3.7,119,Python Fundamentals,Cloud Computing (AWS),Cybersecurity Essentials,System Design
INT_1339,DevOps,Computer Science,4.0,0,10.0,6.9,7.6,0.5,6.1,4.0,Video,Night Owl,High,Mixed,4,"SQL & Databases, Docker & Kubernetes, Cybersecurity Essentials, Data Wrangling & Pandas",62.3,0.83,5.7,Medium,4.3,83,Python Fundamentals,Cloud Computing (AWS),APIs & Microservices,Python Fundamentals
INT_1340,Product Management,Cognitive Science,3.37,0,4.1,2.8,4.2,4.4,4.8,5.2,Reading,Evening,High,Desktop,3,"NLP & Text Analytics, Data Wrangling & Pandas, APIs & Microservices",74.7,0.82,6.3,Low,5.0,112,SQL & Databases,Business Intelligence & BI Tools,SQL & Databases,Data Visualization
INT_1341,Cloud Infrastructure,Statistics,3.11,0,3.6,8.5,3.0,0.5,5.6,10.8,Peer-learning,Morning,Low,Mixed,3,"System Design, MLOps Pipelines, APIs & Microservices",75.0,0.62,6.4,Medium,5.0,162,Python Fundamentals,Cloud Computing (AWS),Cybersecurity Essentials,Docker & Kubernetes
INT_1342,Data Science,Computer Science,2.78,1,9.5,7.9,7.5,4.8,7.5,6.3,Video,Morning,Medium,Desktop,8,"Machine Learning Basics, Deep Learning, Data Visualization, NLP & Text Analytics, A/B Testing & Experimentation, Data Wrangling & Pandas, APIs & Microservices, Time Series Analysis",61.3,0.6,5.2,Medium,5.0,76,SQL & Databases,Business Intelligence & BI Tools,SQL & Databases,Statistics & Probability
INT_1343,Cloud Infrastructure,Computer Science,2.9,1,5.1,5.9,3.7,5.1,4.7,8.8,Mixed,Morning,High,Laptop,1,APIs & Microservices,88.7,0.85,7.4,Low,4.3,30,Python Fundamentals,MLOps Pipelines,System Design,Git & Version Control
INT_1344,Software Engineering,Economics,3.25,0,9.1,8.0,5.0,4.4,1.3,6.7,Peer-learning,Morning,Low,Laptop,7,"Python Fundamentals, SQL & Databases, Cloud Computing (AWS), Frontend Basics (React), A/B Testing & Experimentation, Git & Version Control, APIs & Microservices",95.7,0.88,7.4,Low,4.2,20,Docker & Kubernetes,System Design,Data Wrangling & Pandas,Docker & Kubernetes
INT_1345,Cybersecurity,Statistics,3.31,0,8.1,7.0,2.4,1.4,3.3,10.3,Mixed,Afternoon,Medium,Tablet,7,"Python Fundamentals, Cybersecurity Essentials, System Design, Frontend Basics (React), A/B Testing & Experimentation, APIs & Microservices, Time Series Analysis",75.4,0.86,7.2,Low,3.6,116,SQL & Databases,Cloud Computing (AWS),Docker & Kubernetes,Git & Version Control
INT_1346,ML Engineering,Computer Science,3.94,3,6.2,4.5,3.6,8.5,5.2,9.4,Hands-on Projects,Afternoon,High,Desktop,0,,64.0,0.59,5.7,Medium,4.6,18,Python Fundamentals,Docker & Kubernetes,Cloud Computing (AWS),System Design
INT_1347,Data Engineering,Computer Science,3.11,2,7.6,8.6,3.8,4.1,3.6,8.7,Video,No Preference,High,Tablet,5,"Python Fundamentals, SQL & Databases, MLOps Pipelines, Data Wrangling & Pandas, Git & Version Control",63.3,0.85,6.5,Low,4.1,14,Data Visualization,Business Intelligence & BI Tools,System Design,Docker & Kubernetes
INT_1348,Frontend Dev,Electrical Engineering,2.84,0,4.2,5.7,2.8,4.2,5.1,8.3,Reading,Afternoon,Low,Desktop,4,"SQL & Databases, Cybersecurity Essentials, APIs & Microservices, Business Intelligence & BI Tools",59.8,0.85,6.3,Low,4.4,38,Python Fundamentals,Frontend Basics (React),Data Visualization,Git & Version Control
INT_1349,Product Management,Cognitive Science,3.59,0,8.4,5.5,4.9,6.5,7.4,8.3,Reading,Morning,High,Desktop,6,"SQL & Databases, Data Visualization, Cybersecurity Essentials, Statistics & Probability, A/B Testing & Experimentation, Business Intelligence & BI Tools",69.7,0.68,6.1,Medium,3.6,176,Python Fundamentals,Time Series Analysis,NLP & Text Analytics,Machine Learning Basics
INT_1350,ML Engineering,Cognitive Science,2.44,1,3.0,6.1,4.8,0.0,5.9,7.6,Video,No Preference,High,Tablet,2,"Machine Learning Basics, Git & Version Control",86.1,0.56,6.1,Medium,4.9,70,Python Fundamentals,Docker & Kubernetes,Cloud Computing (AWS),Statistics & Probability
INT_1351,Cloud Infrastructure,Business Analytics,2.93,2,3.8,4.3,6.5,5.1,3.2,8.3,Reading,Afternoon,High,Laptop,6,"SQL & Databases, Cybersecurity Essentials, System Design, MLOps Pipelines, Git & Version Control, APIs & Microservices",80.5,0.91,7.2,Low,3.1,97,Python Fundamentals,Python Fundamentals,Docker & Kubernetes,Cloud Computing (AWS)
INT_1352,Cybersecurity,Computer Science,2.93,2,3.2,3.3,3.9,10.0,1.5,12.6,Video,Afternoon,Low,Mixed,2,"Python Fundamentals, APIs & Microservices",86.4,0.6,7.0,Medium,4.2,58,SQL & Databases,SQL & Databases,Git & Version Control,System Design
INT_1353,Backend Dev,Electrical Engineering,2.67,0,7.7,7.3,4.7,0.0,0.0,6.5,Peer-learning,Night Owl,Low,Mixed,6,"Python Fundamentals, Cloud Computing (AWS), Statistics & Probability, Data Wrangling & Pandas, Git & Version Control, APIs & Microservices",52.6,0.79,5.6,Medium,3.0,147,SQL & Databases,SQL & Databases,System Design,Docker & Kubernetes
INT_1354,Backend Dev,Cognitive Science,3.11,1,4.7,5.9,3.3,6.5,3.8,4.1,Hands-on Projects,Night Owl,High,Laptop,5,"Cloud Computing (AWS), Docker & Kubernetes, System Design, APIs & Microservices, Business Intelligence & BI Tools",64.3,0.9,6.0,Low,5.0,110,Python Fundamentals,Data Wrangling & Pandas,Git & Version Control,Python Fundamentals
INT_1355,Backend Dev,Bioinformatics,3.29,3,3.9,4.2,3.8,7.2,5.7,11.1,Mixed,Morning,High,Desktop,3,"Python Fundamentals, Docker & Kubernetes, Reinforcement Learning",73.0,0.58,6.2,Medium,4.2,94,SQL & Databases,Cloud Computing (AWS),Data Wrangling & Pandas,System Design
INT_1356,Backend Dev,Bioinformatics,3.46,0,5.2,7.3,3.8,4.9,4.5,6.8,Reading,Morning,High,Desktop,5,"Python Fundamentals, SQL & Databases, System Design, A/B Testing & Experimentation, APIs & Microservices",68.4,0.58,5.4,Medium,3.3,158,Cloud Computing (AWS),Data Wrangling & Pandas,Git & Version Control,Cloud Computing (AWS)
INT_1357,Software Engineering,Cognitive Science,3.42,1,3.3,5.3,8.1,5.9,3.2,6.2,Video,Night Owl,Medium,Desktop,6,"Python Fundamentals, SQL & Databases, Cloud Computing (AWS), Frontend Basics (React), APIs & Microservices, Time Series Analysis",73.0,0.46,5.1,Medium,4.8,167,Docker & Kubernetes,Data Wrangling & Pandas,System Design,Git & Version Control
INT_1358,Data Engineering,Information Systems,3.49,0,9.0,5.6,4.5,1.3,0.0,11.7,Peer-learning,No Preference,Low,Tablet,5,"SQL & Databases, Frontend Basics (React), MLOps Pipelines, Data Wrangling & Pandas, Time Series Analysis",80.9,0.46,6.2,Medium,3.8,144,Python Fundamentals,Statistics & Probability,Business Intelligence & BI Tools,System Design
INT_1359,Backend Dev,Economics,3.69,1,5.0,3.1,7.0,6.8,0.0,5.6,Peer-learning,Afternoon,High,Mixed,5,"SQL & Databases, Cloud Computing (AWS), Docker & Kubernetes, Data Wrangling & Pandas, Git & Version Control",57.0,0.53,4.7,Medium,3.4,42,Python Fundamentals,APIs & Microservices,Python Fundamentals,System Design
INT_1360,ML Engineering,Cognitive Science,3.36,1,2.9,9.3,4.1,5.5,4.6,6.2,Video,Morning,High,Tablet,5,"Python Fundamentals, Deep Learning, Docker & Kubernetes, A/B Testing & Experimentation, Reinforcement Learning",57.8,0.88,6.0,Low,4.9,46,SQL & Databases,Machine Learning Basics,MLOps Pipelines,NLP & Text Analytics
INT_1361,ML Engineering,Economics,2.89,0,6.2,4.8,7.0,5.6,0.0,7.7,Peer-learning,Afternoon,Medium,Desktop,4,"Python Fundamentals, Cloud Computing (AWS), System Design, Reinforcement Learning",78.3,0.81,6.7,Low,5.0,111,SQL & Databases,MLOps Pipelines,Machine Learning Basics,NLP & Text Analytics
INT_1362,DevOps,Information Systems,3.48,2,2.1,6.8,3.2,3.5,2.4,2.8,Video,Evening,High,Mixed,1,SQL & Databases,85.3,0.51,5.2,Medium,3.6,49,Python Fundamentals,MLOps Pipelines,Cloud Computing (AWS),Cybersecurity Essentials
INT_1363,Data Engineering,Bioinformatics,3.47,1,6.4,6.3,9.6,0.5,3.6,7.2,Hands-on Projects,Night Owl,High,Desktop,6,"SQL & Databases, Data Visualization, System Design, MLOps Pipelines, Data Wrangling & Pandas, Business Intelligence & BI Tools",66.2,0.68,5.8,Medium,2.5,79,Python Fundamentals,Time Series Analysis,Statistics & Probability,Python Fundamentals
INT_1364,Data Science,Mathematics,3.65,0,6.4,4.2,6.7,4.6,0.8,3.7,Reading,Evening,Medium,Desktop,8,"Machine Learning Basics, Deep Learning, Data Visualization, System Design, Statistics & Probability, NLP & Text Analytics, A/B Testing & Experimentation, Business Intelligence & BI Tools",62.9,0.87,5.8,Low,4.6,138,SQL & Databases,Data Wrangling & Pandas,Time Series Analysis,SQL & Databases
INT_1365,Cybersecurity,Economics,3.52,0,7.6,8.7,5.9,3.7,3.0,8.7,Video,Afternoon,Medium,Desktop,3,"SQL & Databases, Cybersecurity Essentials, Statistics & Probability",75.1,0.65,6.2,Medium,3.1,126,Python Fundamentals,System Design,Python Fundamentals,APIs & Microservices
INT_1366,Data Engineering,Information Systems,3.05,1,0.0,1.3,4.0,2.8,3.2,13.5,Mixed,Afternoon,Low,Laptop,5,"Python Fundamentals, SQL & Databases, Data Visualization, Time Series Analysis, Business Intelligence & BI Tools",81.4,0.84,7.8,Low,3.3,96,Cloud Computing (AWS),Cloud Computing (AWS),Docker & Kubernetes,MLOps Pipelines
INT_1367,Cloud Infrastructure,Statistics,2.86,1,5.1,3.7,4.8,5.2,2.2,9.2,Reading,Afternoon,Medium,Tablet,7,"Python Fundamentals, SQL & Databases, Docker & Kubernetes, System Design, MLOps Pipelines, Git & Version Control, APIs & Microservices",50.9,0.77,5.9,Medium,4.7,47,Cloud Computing (AWS),Cybersecurity Essentials,Cloud Computing (AWS),Machine Learning Basics
INT_1368,Cloud Infrastructure,Cognitive Science,2.97,2,5.3,6.4,5.4,4.7,4.5,7.2,Mixed,Morning,High,Mixed,2,"System Design, Reinforcement Learning",57.2,0.74,5.7,Medium,3.2,92,Python Fundamentals,SQL & Databases,Git & Version Control,Python Fundamentals
INT_1369,Data Science,Electrical Engineering,3.83,0,7.0,10.0,4.3,0.5,4.3,8.3,Hands-on Projects,Afternoon,Medium,Laptop,0,,85.1,0.55,6.1,Medium,5.0,79,Data Visualization,Data Visualization,Deep Learning,Machine Learning Basics
INT_1370,Backend Dev,Economics,3.62,1,2.7,2.5,2.7,1.2,4.9,8.5,Reading,Morning,High,Laptop,4,"Python Fundamentals, SQL & Databases, Data Wrangling & Pandas, APIs & Microservices",68.7,0.32,4.8,High,4.2,87,Cloud Computing (AWS),Cloud Computing (AWS),Docker & Kubernetes,Git & Version Control
INT_1371,Cloud Infrastructure,Physics,3.18,3,2.8,8.8,8.4,6.2,1.9,8.4,Reading,No Preference,Medium,Mixed,8,"Python Fundamentals, SQL & Databases, Cloud Computing (AWS), System Design, MLOps Pipelines, A/B Testing & Experimentation, Git & Version Control, APIs & Microservices",91.8,0.65,6.7,Medium,4.2,33,Docker & Kubernetes,Docker & Kubernetes,Cybersecurity Essentials,Machine Learning Basics
INT_1372,Product Management,Computer Science,3.45,0,8.1,5.1,5.3,6.1,2.1,11.2,Video,Evening,Low,Desktop,4,"SQL & Databases, Data Visualization, Cloud Computing (AWS), A/B Testing & Experimentation",80.3,0.71,7.0,Low,3.5,100,Statistics & Probability,Business Intelligence & BI Tools,Statistics & Probability,Time Series Analysis
INT_1373,ML Engineering,Cognitive Science,2.97,1,1.6,5.6,5.0,3.1,0.2,9.2,Hands-on Projects,Evening,Medium,Mixed,7,"Python Fundamentals, SQL & Databases, Machine Learning Basics, Statistics & Probability, MLOps Pipelines, A/B Testing & Experimentation, Git & Version Control",67.8,0.91,6.9,Low,3.5,17,Deep Learning,Deep Learning,NLP & Text Analytics,Reinforcement Learning
INT_1374,Data Science,Cognitive Science,3.39,0,5.1,6.0,6.4,7.7,3.1,11.9,Peer-learning,Morning,Medium,Mixed,3,"Deep Learning, Data Visualization, Data Wrangling & Pandas",98.0,0.9,8.4,Low,4.1,83,Machine Learning Basics,Machine Learning Basics,Time Series Analysis,A/B Testing & Experimentation
INT_1375,Product Management,Statistics,3.66,0,8.1,5.4,9.8,0.4,6.6,8.7,Reading,Night Owl,High,Laptop,8,"SQL & Databases, Data Visualization, System Design, Statistics & Probability, MLOps Pipelines, Data Wrangling & Pandas, Time Series Analysis, Business Intelligence & BI Tools",66.8,0.84,6.6,Low,4.2,105,A/B Testing & Experimentation,A/B Testing & Experimentation,Cloud Computing (AWS),Docker & Kubernetes
INT_1376,Data Science,Business Analytics,3.67,0,1.8,7.9,0.9,4.5,1.8,10.1,Peer-learning,Night Owl,Medium,Mixed,6,"Python Fundamentals, Deep Learning, Data Visualization, Statistics & Probability, NLP & Text Analytics, Business Intelligence & BI Tools",68.0,0.57,5.9,Medium,4.7,60,Machine Learning Basics,Machine Learning Basics,A/B Testing & Experimentation,Time Series Analysis
INT_1377,Product Management,Computer Science,3.86,1,7.8,7.5,2.7,3.0,2.1,14.8,Peer-learning,Afternoon,High,Laptop,4,"Python Fundamentals, SQL & Databases, A/B Testing & Experimentation, Business Intelligence & BI Tools",62.4,0.47,6.0,Medium,2.0,144,Data Visualization,Statistics & Probability,Data Visualization,Time Series Analysis
INT_1378,Product Management,Statistics,2.63,0,6.3,8.4,2.7,3.8,3.9,8.9,Peer-learning,Afternoon,Low,Mixed,7,"SQL & Databases, Machine Learning Basics, Statistics & Probability, NLP & Text Analytics, A/B Testing & Experimentation, Reinforcement Learning, Business Intelligence & BI Tools",56.7,0.45,4.9,Medium,3.3,27,Data Visualization,Data Visualization,Git & Version Control,APIs & Microservices
INT_1379,Data Science,Information Systems,3.21,0,7.4,0.6,3.1,1.7,0.9,9.2,Hands-on Projects,Afternoon,Low,Laptop,5,"SQL & Databases, Machine Learning Basics, Deep Learning, Data Visualization, Statistics & Probability",86.0,0.61,6.5,Medium,4.3,139,NLP & Text Analytics,Data Wrangling & Pandas,Business Intelligence & BI Tools,NLP & Text Analytics
INT_1380,Software Engineering,Cognitive Science,2.6,0,5.6,6.0,5.1,2.7,1.6,5.9,Peer-learning,Evening,High,Mixed,4,"Python Fundamentals, System Design, Git & Version Control, APIs & Microservices",64.7,0.86,6.2,Low,4.6,61,SQL & Databases,Data Wrangling & Pandas,Frontend Basics (React),SQL & Databases
INT_1381,Product Management,Electrical Engineering,2.8,2,4.4,0.8,3.0,0.7,3.4,9.8,Video,Afternoon,High,Mixed,4,"Python Fundamentals, MLOps Pipelines, A/B Testing & Experimentation, Business Intelligence & BI Tools",66.3,0.57,5.8,Medium,5.0,55,SQL & Databases,Data Visualization,SQL & Databases,Statistics & Probability
INT_1382,Data Engineering,Bioinformatics,3.39,3,6.1,4.3,3.9,3.8,5.6,11.0,Video,Night Owl,Medium,Desktop,6,"SQL & Databases, Docker & Kubernetes, System Design, A/B Testing & Experimentation, Data Wrangling & Pandas, Time Series Analysis",87.8,0.74,7.3,Low,4.4,28,Python Fundamentals,Cloud Computing (AWS),Python Fundamentals,Data Visualization
INT_1383,Backend Dev,Physics,3.27,0,2.5,4.2,6.7,1.0,4.5,11.1,Mixed,Morning,Medium,Laptop,8,"SQL & Databases, Machine Learning Basics, Cloud Computing (AWS), Docker & Kubernetes, System Design, Data Wrangling & Pandas, APIs & Microservices, Business Intelligence & BI Tools",56.4,0.79,6.4,Low,3.8,144,Python Fundamentals,Git & Version Control,Python Fundamentals,Cybersecurity Essentials
INT_1384,Data Engineering,Business Analytics,3.44,1,4.5,5.5,5.6,0.0,0.0,9.5,Mixed,Night Owl,High,Tablet,4,"Python Fundamentals, Docker & Kubernetes, System Design, MLOps Pipelines",79.5,0.85,7.2,Low,4.2,39,SQL & Databases,Statistics & Probability,Business Intelligence & BI Tools,SQL & Databases
INT_1385,Product Management,Mathematics,3.63,0,6.0,6.1,0.0,1.5,1.2,10.6,Mixed,Night Owl,Medium,Mixed,4,"SQL & Databases, A/B Testing & Experimentation, Time Series Analysis, Business Intelligence & BI Tools",62.8,0.8,6.6,Low,5.0,109,Data Visualization,Data Visualization,Statistics & Probability,Data Wrangling & Pandas
INT_1386,Cybersecurity,Mathematics,2.86,0,7.5,7.4,3.8,7.1,1.1,10.1,Video,Afternoon,High,Desktop,7,"Python Fundamentals, Machine Learning Basics, Deep Learning, Cloud Computing (AWS), Docker & Kubernetes, Cybersecurity Essentials, Git & Version Control",65.2,0.8,6.6,Low,5.0,128,SQL & Databases,SQL & Databases,APIs & Microservices,System Design
INT_1387,DevOps,Statistics,3.28,0,6.1,7.1,4.5,2.8,5.5,9.6,Mixed,Evening,Low,Mixed,2,"SQL & Databases, APIs & Microservices",53.6,0.65,5.6,Medium,3.0,148,Python Fundamentals,Cloud Computing (AWS),Docker & Kubernetes,Cybersecurity Essentials
INT_1388,DevOps,Information Systems,3.63,0,5.5,6.0,1.8,1.3,4.1,7.4,Video,No Preference,High,Mixed,6,"Python Fundamentals, SQL & Databases, Cloud Computing (AWS), Cybersecurity Essentials, System Design, MLOps Pipelines",49.2,0.57,4.8,Medium,4.9,103,Docker & Kubernetes,Git & Version Control,APIs & Microservices,Docker & Kubernetes
INT_1389,Cloud Infrastructure,Business Analytics,3.0,1,5.7,7.0,10.0,1.5,1.1,8.1,Peer-learning,No Preference,Low,Desktop,1,Cybersecurity Essentials,68.1,0.68,6.0,Medium,4.8,119,Python Fundamentals,APIs & Microservices,System Design,Git & Version Control
INT_1390,Data Science,Business Analytics,3.46,1,6.7,8.3,7.2,4.3,3.6,11.3,Reading,Afternoon,High,Laptop,7,"Machine Learning Basics, Data Visualization, Docker & Kubernetes, Cybersecurity Essentials, Statistics & Probability, A/B Testing & Experimentation, Business Intelligence & BI Tools",73.1,0.5,6.0,Medium,3.9,143,Deep Learning,Deep Learning,NLP & Text Analytics,Data Wrangling & Pandas
INT_1391,Cybersecurity,Economics,3.64,2,8.5,7.2,6.6,3.9,5.6,9.8,Peer-learning,Afternoon,High,Tablet,8,"Python Fundamentals, SQL & Databases, Machine Learning Basics, Deep Learning, Docker & Kubernetes, System Design, Data Wrangling & Pandas, Git & Version Control",59.8,0.86,6.6,Low,4.5,60,Cloud Computing (AWS),Cybersecurity Essentials,Cloud Computing (AWS),APIs & Microservices
INT_1392,DevOps,Information Systems,3.03,0,1.8,4.3,2.8,0.0,6.3,11.5,Mixed,No Preference,Medium,Laptop,4,"SQL & Databases, Docker & Kubernetes, Cybersecurity Essentials, APIs & Microservices",92.5,0.94,8.3,Low,4.4,33,Python Fundamentals,Cloud Computing (AWS),Git & Version Control,System Design
INT_1393,Backend Dev,Economics,3.24,0,3.2,5.5,2.3,4.0,6.8,7.6,Peer-learning,Afternoon,High,Laptop,0,,62.0,0.74,5.9,Medium,3.1,46,Python Fundamentals,Cloud Computing (AWS),Docker & Kubernetes,APIs & Microservices
INT_1394,Product Management,Mathematics,3.2,0,7.6,9.3,7.1,1.1,2.2,11.0,Peer-learning,Morning,Medium,Laptop,7,"Python Fundamentals, SQL & Databases, Data Visualization, Statistics & Probability, NLP & Text Analytics, A/B Testing & Experimentation, Business Intelligence & BI Tools",58.6,0.85,6.7,Low,3.9,38,Machine Learning Basics,Data Wrangling & Pandas,System Design,Frontend Basics (React)
INT_1395,Backend Dev,Mathematics,2.83,1,7.8,6.1,1.7,5.2,2.0,8.0,Hands-on Projects,Morning,High,Laptop,6,"SQL & Databases, Deep Learning, Cloud Computing (AWS), Data Wrangling & Pandas, Git & Version Control, APIs & Microservices",55.9,0.6,5.3,Medium,4.3,170,Python Fundamentals,System Design,Python Fundamentals,Docker & Kubernetes
INT_1396,Backend Dev,Computer Science,2.71,0,8.2,5.5,5.7,2.3,1.1,9.2,Mixed,Morning,Medium,Tablet,7,"Python Fundamentals, SQL & Databases, Cloud Computing (AWS), System Design, Data Wrangling & Pandas, Git & Version Control, Reinforcement Learning",67.2,0.58,5.8,Medium,3.8,91,Docker & Kubernetes,APIs & Microservices,Docker & Kubernetes,A/B Testing & Experimentation
INT_1397,DevOps,Statistics,3.5,0,4.2,6.1,6.4,2.3,2.5,2.0,Peer-learning,No Preference,Medium,Desktop,7,"Python Fundamentals, Data Visualization, Cybersecurity Essentials, System Design, Frontend Basics (React), NLP & Text Analytics, Git & Version Control",49.3,0.66,4.3,Medium,3.8,108,SQL & Databases,SQL & Databases,APIs & Microservices,Docker & Kubernetes
INT_1398,Cybersecurity,Economics,3.7,3,6.5,8.0,9.0,4.0,2.6,7.4,Peer-learning,Morning,Medium,Tablet,3,"Python Fundamentals, Docker & Kubernetes, APIs & Microservices",64.9,0.67,5.7,Medium,3.9,70,SQL & Databases,Git & Version Control,System Design,Cybersecurity Essentials
INT_1399,Product Management,Mathematics,3.62,1,2.4,7.5,3.8,5.9,0.3,6.3,Reading,Evening,Medium,Laptop,1,Data Visualization,81.5,0.75,6.4,Medium,4.6,28,SQL & Databases,SQL & Databases,Business Intelligence & BI Tools,Statistics & Probability
INT_1400,Data Science,Electrical Engineering,3.99,1,0.0,8.2,4.9,3.4,5.6,9.5,Video,Morning,High,Mixed,3,"Machine Learning Basics, Statistics & Probability, NLP & Text Analytics",54.9,0.82,6.2,Low,3.4,120,Data Visualization,Data Visualization,Deep Learning,Business Intelligence & BI Tools
INT_1401,Data Science,Computer Science,3.88,3,9.6,7.5,6.5,10.0,1.7,5.3,Peer-learning,Morning,High,Mixed,3,"Machine Learning Basics, Deep Learning, Data Visualization",87.4,0.65,6.1,Medium,5.0,30,SQL & Databases,Business Intelligence & BI Tools,SQL & Databases,A/B Testing & Experimentation
INT_1402,Cloud Infrastructure,Mathematics,3.76,0,8.4,2.0,6.7,1.8,3.9,2.0,Video,Morning,High,Laptop,0,,61.5,0.76,5.1,Medium,3.9,19,Python Fundamentals,SQL & Databases,Docker & Kubernetes,Cloud Computing (AWS)
INT_1403,Product Management,Computer Science,3.37,0,6.6,3.5,6.8,4.3,5.8,2.2,Peer-learning,Afternoon,High,Tablet,5,"SQL & Databases, Statistics & Probability, A/B Testing & Experimentation, Reinforcement Learning, Business Intelligence & BI Tools",55.2,0.97,5.7,Low,2.7,22,Data Visualization,Data Visualization,Cloud Computing (AWS),Docker & Kubernetes
INT_1404,Backend Dev,Cognitive Science,3.83,0,1.7,5.8,3.9,5.5,3.7,8.2,Video,Night Owl,Low,Laptop,6,"SQL & Databases, System Design, Data Wrangling & Pandas, Git & Version Control, APIs & Microservices, Time Series Analysis",58.0,0.67,5.6,Medium,3.6,154,Python Fundamentals,Docker & Kubernetes,Cloud Computing (AWS),Python Fundamentals
INT_1405,Software Engineering,Information Systems,3.31,0,5.1,7.2,3.8,5.7,1.4,10.9,Hands-on Projects,Afternoon,Low,Desktop,6,"Python Fundamentals, Cybersecurity Essentials, Frontend Basics (React), Data Wrangling & Pandas, Git & Version Control, APIs & Microservices",68.4,0.85,7.0,Low,4.0,34,SQL & Databases,System Design,SQL & Databases,Docker & Kubernetes
INT_1406,Data Science,Computer Science,3.11,0,6.1,9.8,4.5,7.7,3.6,7.3,Mixed,Night Owl,Medium,Tablet,5,"Machine Learning Basics, Data Visualization, NLP & Text Analytics, Data Wrangling & Pandas, Time Series Analysis",84.6,0.63,6.3,Medium,3.5,25,Deep Learning,Deep Learning,Business Intelligence & BI Tools,SQL & Databases
INT_1407,Frontend Dev,Bioinformatics,3.31,2,1.0,10.0,4.1,0.0,3.8,7.8,Mixed,Night Owl,Medium,Laptop,7,"SQL & Databases, Data Visualization, Frontend Basics (React), NLP & Text Analytics, A/B Testing & Experimentation, Git & Version Control, APIs & Microservices",80.1,0.84,6.9,Low,3.8,117,Python Fundamentals,Python Fundamentals,Business Intelligence & BI Tools,Cloud Computing (AWS)
INT_1408,Product Management,Physics,3.06,3,8.1,3.4,3.9,4.0,4.7,12.7,Peer-learning,Evening,Medium,Desktop,3,"SQL & Databases, Deep Learning, Statistics & Probability",65.1,0.9,7.3,Low,5.0,60,Data Visualization,Business Intelligence & BI Tools,A/B Testing & Experimentation,Data Visualization
INT_1409,Software Engineering,Statistics,3.56,1,10.0,8.2,6.7,4.1,6.2,9.2,Mixed,Night Owl,High,Tablet,4,"Python Fundamentals, Cloud Computing (AWS), System Design, Data Wrangling & Pandas",71.9,0.77,6.6,Low,5.0,178,SQL & Databases,Docker & Kubernetes,SQL & Databases,Frontend Basics (React)
INT_1410,ML Engineering,Business Analytics,2.53,3,9.1,7.4,3.4,3.7,3.5,3.6,Hands-on Projects,No Preference,High,Tablet,6,"SQL & Databases, Machine Learning Basics, Docker & Kubernetes, Statistics & Probability, A/B Testing & Experimentation, Git & Version Control",78.1,0.86,6.3,Low,5.0,99,Python Fundamentals,Reinforcement Learning,Deep Learning,NLP & Text Analytics
INT_1411,Frontend Dev,Electrical Engineering,3.33,1,6.4,8.7,4.5,2.4,5.3,8.5,Mixed,Afternoon,High,Laptop,5,"Python Fundamentals, Data Visualization, Cybersecurity Essentials, Frontend Basics (React), Git & Version Control",64.1,0.57,5.5,Medium,4.5,109,APIs & Microservices,APIs & Microservices,Docker & Kubernetes,Cloud Computing (AWS)
INT_1412,Product Management,Electrical Engineering,3.73,3,3.2,9.9,4.7,7.1,1.3,11.1,Mixed,Night Owl,High,Mixed,7,"Data Visualization, Cybersecurity Essentials, Frontend Basics (React), A/B Testing & Experimentation, Data Wrangling & Pandas, Reinforcement Learning, Business Intelligence & BI Tools",59.2,0.8,6.5,Low,3.5,117,SQL & Databases,SQL & Databases,Statistics & Probability,Machine Learning Basics
INT_1413,Software Engineering,Electrical Engineering,3.5,2,5.2,3.9,9.4,4.2,5.9,7.9,Peer-learning,Morning,Medium,Desktop,4,"Python Fundamentals, Cloud Computing (AWS), Git & Version Control, Reinforcement Learning",57.4,0.8,6.0,Medium,3.1,177,SQL & Databases,System Design,APIs & Microservices,Docker & Kubernetes
INT_1414,ML Engineering,Electrical Engineering,3.58,0,7.4,5.7,3.0,4.2,3.9,12.4,Mixed,Night Owl,High,Tablet,4,"Python Fundamentals, System Design, NLP & Text Analytics, MLOps Pipelines",93.0,0.51,6.9,Medium,5.0,174,SQL & Databases,A/B Testing & Experimentation,Statistics & Probability,Deep Learning
INT_1415,ML Engineering,Cognitive Science,3.46,2,5.4,2.5,4.8,7.0,2.2,10.6,Reading,Afternoon,High,Desktop,0,,56.5,0.86,6.6,Low,5.0,76,Python Fundamentals,System Design,Data Wrangling & Pandas,Python Fundamentals
INT_1416,Data Science,Cognitive Science,3.41,1,1.0,8.9,1.9,1.8,4.9,10.7,Reading,No Preference,Medium,Laptop,7,"SQL & Databases, Machine Learning Basics, Deep Learning, Data Visualization, NLP & Text Analytics, A/B Testing & Experimentation, Time Series Analysis",59.4,0.65,6.0,Medium,3.3,83,Statistics & Probability,Business Intelligence & BI Tools,Statistics & Probability,Data Wrangling & Pandas
INT_1417,Software Engineering,Business Analytics,3.66,2,9.9,5.1,7.6,4.4,4.3,10.5,Peer-learning,Afternoon,Low,Tablet,0,,72.4,0.75,6.7,Low,4.2,38,Python Fundamentals,Docker & Kubernetes,Cloud Computing (AWS),SQL & Databases
INT_1418,Cloud Infrastructure,Bioinformatics,3.86,1,5.3,3.4,4.0,4.1,0.0,8.4,Mixed,No Preference,Medium,Tablet,2,"Docker & Kubernetes, Git & Version Control",66.5,0.57,5.6,Medium,4.0,113,Python Fundamentals,System Design,Python Fundamentals,APIs & Microservices
INT_1419,Backend Dev,Economics,3.8,0,4.4,6.3,5.2,4.5,0.9,8.4,Mixed,No Preference,Medium,Tablet,5,"Python Fundamentals, Cloud Computing (AWS), Cybersecurity Essentials, System Design, Data Wrangling & Pandas",57.5,0.62,5.4,Medium,2.7,151,SQL & Databases,SQL & Databases,APIs & Microservices,Git & Version Control
INT_1420,DevOps,Economics,3.2,0,6.7,5.5,4.5,2.0,3.9,8.3,Video,Evening,Low,Tablet,5,"Docker & Kubernetes, Cybersecurity Essentials, System Design, APIs & Microservices, Reinforcement Learning",60.7,0.78,6.1,Medium,4.5,73,Python Fundamentals,SQL & Databases,Python Fundamentals,Git & Version Control
INT_1421,Data Engineering,Mathematics,3.49,0,7.8,5.0,7.6,3.7,2.5,4.8,Mixed,Afternoon,Low,Mixed,5,"Python Fundamentals, Deep Learning, Docker & Kubernetes, System Design, Git & Version Control",54.8,0.68,5.0,Medium,5.0,27,SQL & Databases,Statistics & Probability,Time Series Analysis,MLOps Pipelines
INT_1422,Software Engineering,Mathematics,3.44,0,10.0,4.9,0.4,2.0,4.3,7.1,Video,Afternoon,Low,Tablet,4,"SQL & Databases, Cloud Computing (AWS), System Design, Data Wrangling & Pandas",86.0,0.89,7.2,Low,3.4,36,Python Fundamentals,Docker & Kubernetes,Git & Version Control,Python Fundamentals
INT_1423,Data Science,Electrical Engineering,3.96,0,8.0,4.1,6.8,0.0,1.0,7.4,Mixed,Evening,High,Tablet,2,"Python Fundamentals, Machine Learning Basics",74.6,0.82,6.6,Low,4.4,113,Data Visualization,Data Visualization,Deep Learning,Business Intelligence & BI Tools
INT_1424,Product Management,Mathematics,3.09,0,1.3,4.8,4.8,2.2,2.4,14.4,Mixed,Evening,High,Mixed,0,,69.7,0.46,6.2,Medium,3.7,20,SQL & Databases,Statistics & Probability,SQL & Databases,Business Intelligence & BI Tools
INT_1425,Cloud Infrastructure,Bioinformatics,3.02,2,0.6,4.7,5.1,6.3,2.3,5.7,Mixed,Afternoon,High,Laptop,5,"Python Fundamentals, SQL & Databases, Cybersecurity Essentials, Git & Version Control, Time Series Analysis",75.4,0.43,5.0,Medium,4.1,70,Cloud Computing (AWS),MLOps Pipelines,Cloud Computing (AWS),Docker & Kubernetes
INT_1426,Product Management,Information Systems,3.37,0,4.5,4.9,8.6,6.5,2.0,10.8,Hands-on Projects,No Preference,High,Mixed,7,"SQL & Databases, Data Visualization, Frontend Basics (React), Statistics & Probability, A/B Testing & Experimentation, Git & Version Control, Business Intelligence & BI Tools",61.0,0.69,6.2,Medium,3.0,107,Python Fundamentals,Time Series Analysis,MLOps Pipelines,Machine Learning Basics
INT_1427,Cloud Infrastructure,Computer Science,3.83,2,7.8,2.9,2.1,7.2,4.1,8.0,Mixed,Morning,Medium,Tablet,1,SQL & Databases,46.5,0.68,5.2,Medium,3.2,43,Python Fundamentals,Cybersecurity Essentials,Docker & Kubernetes,MLOps Pipelines
INT_1428,Backend Dev,Computer Science,3.07,1,7.1,2.6,4.0,2.0,6.0,4.7,Peer-learning,No Preference,Medium,Laptop,4,"Python Fundamentals, Cloud Computing (AWS), Docker & Kubernetes, Git & Version Control",58.9,0.92,6.0,Low,5.0,63,SQL & Databases,System Design,SQL & Databases,Data Wrangling & Pandas
INT_1429,Cloud Infrastructure,Mathematics,3.48,0,7.7,6.1,4.7,0.6,1.8,7.9,Mixed,Afternoon,High,Desktop,2,"Docker & Kubernetes, MLOps Pipelines",66.0,0.66,5.8,Medium,4.8,144,Python Fundamentals,SQL & Databases,System Design,Python Fundamentals
INT_1430,Cybersecurity,Bioinformatics,3.65,1,8.5,6.6,1.4,3.0,4.5,9.5,Video,Evening,Low,Desktop,7,"SQL & Databases, Cloud Computing (AWS), Docker & Kubernetes, Cybersecurity Essentials, System Design, Git & Version Control, APIs & Microservices",74.0,0.52,5.8,Medium,3.7,149,Python Fundamentals,Python Fundamentals,Statistics & Probability,Time Series Analysis
INT_1431,Frontend Dev,Mathematics,3.62,0,4.2,5.9,6.2,6.1,4.0,7.3,Reading,Night Owl,High,Desktop,0,,54.8,0.9,6.2,Low,4.4,73,Python Fundamentals,Python Fundamentals,Data Visualization,Frontend Basics (React)
INT_1432,DevOps,Bioinformatics,4.0,0,8.5,2.3,9.4,4.4,1.5,4.7,Video,Morning,Medium,Laptop,0,,100.0,0.82,7.1,Low,2.4,144,Python Fundamentals,Python Fundamentals,SQL & Databases,APIs & Microservices
INT_1433,Frontend Dev,Mathematics,3.36,1,4.2,6.6,3.0,7.1,1.9,7.7,Hands-on Projects,Morning,High,Laptop,7,"Python Fundamentals, Machine Learning Basics, Docker & Kubernetes, Cybersecurity Essentials, Frontend Basics (React), Statistics & Probability, APIs & Microservices",68.4,0.62,5.7,Medium,3.0,31,Data Visualization,Git & Version Control,Data Visualization,A/B Testing & Experimentation
INT_1434,Cybersecurity,Electrical Engineering,3.29,2,6.9,3.6,2.2,3.4,2.7,7.1,Peer-learning,Afternoon,Medium,Mixed,4,"SQL & Databases, Cloud Computing (AWS), Cybersecurity Essentials, MLOps Pipelines",72.4,0.81,6.4,Low,4.1,88,Python Fundamentals,Python Fundamentals,Git & Version Control,APIs & Microservices
INT_1435,Backend Dev,Information Systems,3.94,2,3.1,5.6,8.6,5.8,5.2,10.7,Peer-learning,No Preference,High,Mixed,3,"Cloud Computing (AWS), System Design, Git & Version Control",65.3,0.46,5.5,Medium,4.6,115,Python Fundamentals,Docker & Kubernetes,APIs & Microservices,Data Wrangling & Pandas
INT_1436,Data Engineering,Computer Science,2.81,2,4.3,4.4,6.5,4.9,4.7,9.6,Reading,No Preference,Medium,Laptop,1,NLP & Text Analytics,50.7,0.72,5.7,Medium,2.9,150,Python Fundamentals,MLOps Pipelines,Cloud Computing (AWS),Business Intelligence & BI Tools
INT_1437,Data Science,Computer Science,3.14,2,9.1,6.7,5.2,8.8,4.0,8.0,Mixed,Morning,Low,Tablet,0,,100.0,0.94,8.0,Low,4.8,18,Data Visualization,Python Fundamentals,SQL & Databases,Machine Learning Basics
INT_1438,ML Engineering,Mathematics,2.98,0,7.9,5.7,3.3,5.8,4.3,12.3,Reading,Morning,Medium,Tablet,7,"Python Fundamentals, SQL & Databases, Deep Learning, Cloud Computing (AWS), Frontend Basics (React), A/B Testing & Experimentation, Git & Version Control",69.2,0.89,7.4,Low,5.0,139,Machine Learning Basics,Statistics & Probability,Machine Learning Basics,Reinforcement Learning
INT_1439,DevOps,Statistics,3.64,2,8.1,6.4,4.8,1.0,6.4,5.1,Video,Morning,Low,Desktop,2,"Docker & Kubernetes, Data Wrangling & Pandas",59.8,0.77,5.6,Medium,5.0,119,Python Fundamentals,SQL & Databases,Cloud Computing (AWS),Cybersecurity Essentials
INT_1440,Software Engineering,Information Systems,2.6,1,4.1,6.7,7.3,3.3,6.0,14.7,Hands-on Projects,Evening,Medium,Desktop,5,"SQL & Databases, Docker & Kubernetes, Cybersecurity Essentials, System Design, Git & Version Control",59.1,0.73,6.8,Low,5.0,139,Python Fundamentals,Cloud Computing (AWS),APIs & Microservices,Data Wrangling & Pandas
INT_1441,Data Engineering,Mathematics,3.69,0,8.3,7.7,7.9,4.3,3.3,5.7,Reading,Night Owl,Low,Mixed,0,,67.6,0.89,6.3,Low,2.9,101,Python Fundamentals,MLOps Pipelines,Statistics & Probability,Docker & Kubernetes
INT_1442,Data Science,Business Analytics,3.43,1,0.9,9.0,0.3,6.4,5.0,6.4,Peer-learning,Morning,Low,Laptop,1,MLOps Pipelines,71.3,0.84,6.4,Low,4.5,150,Data Visualization,Data Visualization,Deep Learning,Machine Learning Basics
INT_1443,Product Management,Statistics,2.3,2,5.2,6.9,4.0,3.4,6.7,5.8,Peer-learning,Morning,High,Tablet,7,"SQL & Databases, Machine Learning Basics, Data Visualization, Frontend Basics (React), Statistics & Probability, Data Wrangling & Pandas, Business Intelligence & BI Tools",83.9,0.63,6.0,Medium,5.0,28,A/B Testing & Experimentation,A/B Testing & Experimentation,APIs & Microservices,Git & Version Control
INT_1444,Software Engineering,Information Systems,4.0,3,1.8,5.0,5.4,6.5,4.9,7.6,Hands-on Projects,No Preference,High,Laptop,0,,73.0,0.73,6.2,Medium,4.7,153,Python Fundamentals,SQL & Databases,Cloud Computing (AWS),Docker & Kubernetes
INT_1445,ML Engineering,Physics,2.6,0,2.7,7.9,2.9,1.0,3.7,9.8,Mixed,Morning,Low,Laptop,3,"Cloud Computing (AWS), A/B Testing & Experimentation, Data Wrangling & Pandas",59.0,0.66,5.8,Medium,4.7,87,Python Fundamentals,Docker & Kubernetes,Statistics & Probability,SQL & Databases
INT_1446,DevOps,Statistics,3.42,2,8.3,5.0,10.0,9.4,4.6,6.6,Reading,No Preference,Medium,Desktop,3,"Cybersecurity Essentials, Statistics & Probability, APIs & Microservices",48.2,0.83,5.6,Medium,5.0,131,Python Fundamentals,MLOps Pipelines,Docker & Kubernetes,System Design
INT_1447,Cybersecurity,Computer Science,2.5,0,2.8,7.3,4.3,8.5,2.8,7.4,Peer-learning,No Preference,High,Desktop,3,"SQL & Databases, MLOps Pipelines, APIs & Microservices",61.2,0.92,6.5,Low,4.1,115,Python Fundamentals,Docker & Kubernetes,Cybersecurity Essentials,Git & Version Control
INT_1448,DevOps,Physics,3.42,1,6.5,8.5,6.4,5.1,4.1,8.5,Mixed,Afternoon,Medium,Laptop,7,"Python Fundamentals, Machine Learning Basics, Data Visualization, Cloud Computing (AWS), System Design, MLOps Pipelines, APIs & Microservices",62.8,0.97,6.9,Low,4.1,168,SQL & Databases,Git & Version Control,SQL & Databases,Cybersecurity Essentials
INT_1449,Cloud Infrastructure,Statistics,3.36,1,4.1,8.6,4.1,6.1,1.6,8.9,Mixed,Morning,High,Desktop,2,"Git & Version Control, Reinforcement Learning",76.3,0.82,6.9,Low,5.0,33,Python Fundamentals,MLOps Pipelines,APIs & Microservices,Python Fundamentals
INT_1450,Data Engineering,Cognitive Science,2.51,0,5.3,1.6,10.0,7.7,2.9,8.9,Mixed,Evening,Low,Mixed,1,Time Series Analysis,83.7,0.49,6.0,Medium,4.8,160,Python Fundamentals,APIs & Microservices,System Design,Data Wrangling & Pandas
INT_1451,Backend Dev,Cognitive Science,4.0,1,4.9,4.7,5.0,1.3,5.8,9.2,Video,Morning,High,Mixed,5,"Deep Learning, Docker & Kubernetes, Statistics & Probability, Data Wrangling & Pandas, Git & Version Control",55.3,0.51,5.1,Medium,3.7,137,Python Fundamentals,Cloud Computing (AWS),APIs & Microservices,System Design
INT_1452,Cybersecurity,Information Systems,2.94,0,4.5,6.8,4.8,3.8,4.5,4.8,Video,Afternoon,High,Tablet,3,"Machine Learning Basics, Cloud Computing (AWS), Cybersecurity Essentials",49.1,0.95,5.8,Low,3.8,80,Python Fundamentals,SQL & Databases,Git & Version Control,Docker & Kubernetes
INT_1453,ML Engineering,Business Analytics,3.2,1,4.1,10.0,0.8,5.1,3.6,10.4,Video,Night Owl,High,Desktop,7,"Python Fundamentals, SQL & Databases, Deep Learning, Cloud Computing (AWS), System Design, MLOps Pipelines, Git & Version Control",87.3,0.42,6.1,Medium,5.0,101,Machine Learning Basics,Reinforcement Learning,NLP & Text Analytics,Machine Learning Basics
INT_1454,Software Engineering,Business Analytics,3.62,0,4.9,7.7,9.2,2.8,3.6,7.8,Hands-on Projects,No Preference,Low,Desktop,3,"Deep Learning, System Design, Frontend Basics (React)",84.1,0.95,7.4,Low,4.4,85,Python Fundamentals,APIs & Microservices,Data Wrangling & Pandas,Git & Version Control
INT_1455,DevOps,Electrical Engineering,2.87,0,1.8,6.5,2.6,0.0,3.2,9.4,Video,Morning,Low,Mixed,0,,68.3,0.84,6.7,Low,5.0,38,Python Fundamentals,Cybersecurity Essentials,Cloud Computing (AWS),Docker & Kubernetes
INT_1456,Backend Dev,Information Systems,3.13,0,5.2,3.7,4.9,0.0,3.7,12.5,Video,Morning,High,Tablet,7,"Python Fundamentals, SQL & Databases, Cloud Computing (AWS), Docker & Kubernetes, System Design, Data Wrangling & Pandas, Git & Version Control",46.3,0.74,6.1,Medium,3.1,98,APIs & Microservices,APIs & Microservices,Frontend Basics (React),Data Visualization
INT_1457,Cybersecurity,Economics,2.67,1,5.9,6.7,3.1,5.6,3.8,6.4,Reading,Morning,High,Laptop,6,"Cybersecurity Essentials, System Design, MLOps Pipelines, A/B Testing & Experimentation, Git & Version Control, APIs & Microservices",61.2,0.72,5.6,Medium,3.1,42,Python Fundamentals,Python Fundamentals,Docker & Kubernetes,Cloud Computing (AWS)
INT_1458,Cloud Infrastructure,Statistics,3.06,0,7.0,6.5,3.4,9.3,4.3,9.7,Hands-on Projects,Morning,Low,Laptop,2,"Cloud Computing (AWS), Docker & Kubernetes",87.9,0.94,7.8,Low,4.3,38,Python Fundamentals,Cybersecurity Essentials,System Design,Git & Version Control
INT_1459,DevOps,Information Systems,2.94,0,6.3,2.5,4.5,0.3,1.1,10.0,Video,Evening,Low,Desktop,0,,100.0,0.72,7.5,Low,5.0,58,Python Fundamentals,Python Fundamentals,SQL & Databases,System Design
INT_1460,Cybersecurity,Statistics,2.43,1,9.6,5.9,3.5,0.9,1.7,5.3,Mixed,No Preference,Medium,Tablet,4,"Python Fundamentals, Docker & Kubernetes, Git & Version Control, APIs & Microservices",100.0,0.77,7.0,Low,4.0,85,SQL & Databases,SQL & Databases,Cloud Computing (AWS),Cybersecurity Essentials
INT_1461,Cybersecurity,Information Systems,3.3,1,3.5,5.7,2.5,4.8,3.0,11.4,Video,Morning,High,Mixed,7,"Python Fundamentals, Cloud Computing (AWS), Docker & Kubernetes, Cybersecurity Essentials, NLP & Text Analytics, MLOps Pipelines, APIs & Microservices",66.2,0.68,6.4,Medium,3.9,53,SQL & Databases,Git & Version Control,System Design,SQL & Databases
INT_1462,DevOps,Computer Science,3.39,0,3.4,2.4,10.0,6.5,1.4,4.0,Peer-learning,Night Owl,High,Desktop,7,"Python Fundamentals, SQL & Databases, Cloud Computing (AWS), Cybersecurity Essentials, Git & Version Control, APIs & Microservices, Business Intelligence & BI Tools",73.4,0.9,6.3,Low,4.8,71,Docker & Kubernetes,MLOps Pipelines,System Design,Docker & Kubernetes
INT_1463,Product Management,Physics,2.18,1,3.1,6.4,6.1,4.7,2.4,8.1,Peer-learning,Morning,Low,Tablet,7,"SQL & Databases, Data Visualization, Statistics & Probability, A/B Testing & Experimentation, Data Wrangling & Pandas, Git & Version Control, Business Intelligence & BI Tools",78.1,0.56,5.9,Medium,2.9,151,Python Fundamentals,Reinforcement Learning,MLOps Pipelines,Deep Learning
INT_1464,Product Management,Mathematics,3.6,2,4.5,5.1,7.4,8.9,6.7,7.2,Peer-learning,Night Owl,Medium,Mixed,1,APIs & Microservices,49.4,0.75,5.4,Medium,3.3,34,SQL & Databases,Statistics & Probability,A/B Testing & Experimentation,Data Visualization
INT_1465,ML Engineering,Statistics,3.85,0,8.3,5.1,2.9,1.0,4.4,8.0,Hands-on Projects,Afternoon,High,Tablet,7,"Machine Learning Basics, Deep Learning, Cloud Computing (AWS), Docker & Kubernetes, Statistics & Probability, MLOps Pipelines, Reinforcement Learning",48.0,0.79,5.6,Medium,2.7,53,Python Fundamentals,A/B Testing & Experimentation,Git & Version Control,SQL & Databases
INT_1466,Data Science,Mathematics,3.24,0,7.0,5.1,3.2,7.0,4.1,9.6,Hands-on Projects,No Preference,Medium,Tablet,5,"Deep Learning, Data Visualization, Cloud Computing (AWS), A/B Testing & Experimentation, Time Series Analysis",39.3,0.61,5.0,Medium,4.6,93,Machine Learning Basics,Machine Learning Basics,Statistics & Probability,NLP & Text Analytics
INT_1467,Data Engineering,Statistics,3.3,0,5.6,5.1,9.8,3.9,5.0,2.5,Video,No Preference,Medium,Desktop,8,"Data Visualization, Cloud Computing (AWS), Frontend Basics (React), Data Wrangling & Pandas, Git & Version Control, APIs & Microservices, Time Series Analysis, Business Intelligence & BI Tools",80.8,0.59,5.3,Medium,3.3,170,Python Fundamentals,System Design,Python Fundamentals,Docker & Kubernetes
INT_1468,Software Engineering,Information Systems,3.38,1,2.9,6.6,2.0,0.0,7.5,14.0,Hands-on Projects,Night Owl,Low,Desktop,0,,77.1,0.81,7.6,Low,4.3,160,Python Fundamentals,Python Fundamentals,SQL & Databases,Git & Version Control
INT_1469,Frontend Dev,Business Analytics,2.96,1,1.0,4.3,6.7,2.0,3.2,8.7,Reading,Morning,Low,Tablet,1,Statistics & Probability,90.1,0.71,6.9,Medium,4.9,36,Python Fundamentals,Frontend Basics (React),Data Visualization,Python Fundamentals
INT_1470,DevOps,Mathematics,3.34,3,8.4,4.7,1.3,0.5,7.4,6.2,Reading,Night Owl,High,Laptop,0,,41.3,0.8,5.2,Medium,4.6,169,Python Fundamentals,Cybersecurity Essentials,Docker & Kubernetes,Cloud Computing (AWS)
INT_1471,Backend Dev,Cognitive Science,3.75,2,1.3,6.4,5.2,8.4,2.6,8.7,Video,Afternoon,High,Mixed,3,"SQL & Databases, Cloud Computing (AWS), Data Wrangling & Pandas",85.2,0.71,6.8,Medium,4.6,162,Python Fundamentals,Docker & Kubernetes,Python Fundamentals,APIs & Microservices
INT_1472,Product Management,Cognitive Science,2.55,0,4.6,7.5,4.3,1.0,6.5,12.6,Video,Afternoon,Low,Laptop,8,"SQL & Databases, Machine Learning Basics, Data Visualization, Cybersecurity Essentials, Statistics & Probability, MLOps Pipelines, A/B Testing & Experimentation, Business Intelligence & BI Tools",64.6,0.8,7.0,Low,3.6,84,Python Fundamentals,Frontend Basics (React),Docker & Kubernetes,Data Wrangling & Pandas
INT_1473,Data Engineering,Computer Science,3.47,1,5.4,5.5,9.4,3.9,1.6,7.1,Reading,No Preference,High,Desktop,5,"SQL & Databases, Data Visualization, Frontend Basics (React), Statistics & Probability, MLOps Pipelines",62.7,0.94,6.5,Low,4.2,150,Python Fundamentals,Time Series Analysis,Data Wrangling & Pandas,System Design
INT_1474,Data Engineering,Information Systems,3.44,1,6.9,6.5,1.8,2.9,5.3,9.7,Reading,No Preference,High,Desktop,3,"Data Visualization, System Design, Time Series Analysis",73.8,0.85,7.0,Low,4.3,91,Python Fundamentals,Docker & Kubernetes,Cloud Computing (AWS),Statistics & Probability
INT_1475,Cybersecurity,Statistics,2.72,0,8.3,7.7,1.3,7.6,4.4,8.4,Video,No Preference,High,Desktop,8,"Python Fundamentals, Cloud Computing (AWS), Cybersecurity Essentials, System Design, MLOps Pipelines, A/B Testing & Experimentation, Git & Version Control, APIs & Microservices",48.2,0.78,5.7,Medium,3.1,72,SQL & Databases,Docker & Kubernetes,SQL & Databases,NLP & Text Analytics
INT_1476,DevOps,Physics,3.76,0,6.5,6.4,5.6,4.8,0.0,7.7,Hands-on Projects,Morning,Medium,Desktop,0,,44.1,0.52,4.5,Medium,3.9,40,Python Fundamentals,SQL & Databases,MLOps Pipelines,System Design
INT_1477,ML Engineering,Statistics,3.48,0,8.6,7.6,2.5,3.3,2.2,9.0,Hands-on Projects,Night Owl,Low,Tablet,5,"Deep Learning, Cloud Computing (AWS), Docker & Kubernetes, Data Wrangling & Pandas, Reinforcement Learning",61.9,0.52,5.3,Medium,5.0,73,Python Fundamentals,NLP & Text Analytics,A/B Testing & Experimentation,Statistics & Probability
INT_1478,ML Engineering,Economics,3.11,0,6.0,5.7,8.9,3.6,1.1,4.3,Hands-on Projects,Night Owl,High,Mixed,1,A/B Testing & Experimentation,56.1,0.69,5.0,Medium,4.3,104,Python Fundamentals,Statistics & Probability,System Design,Data Wrangling & Pandas
INT_1479,Product Management,Mathematics,3.48,0,4.8,4.8,5.7,4.1,4.3,7.6,Peer-learning,Afternoon,Medium,Laptop,7,"Python Fundamentals, SQL & Databases, Statistics & Probability, NLP & Text Analytics, A/B Testing & Experimentation, Data Wrangling & Pandas, Business Intelligence & BI Tools",77.7,0.32,5.0,High,3.7,26,Data Visualization,Data Visualization,Git & Version Control,APIs & Microservices
INT_1480,Cloud Infrastructure,Information Systems,3.07,0,5.3,9.1,3.3,2.5,4.5,8.5,Video,Night Owl,Medium,Desktop,8,"Python Fundamentals, Cloud Computing (AWS), Docker & Kubernetes, Cybersecurity Essentials, System Design, NLP & Text Analytics, MLOps Pipelines, A/B Testing & Experimentation",70.9,0.38,5.1,High,3.4,137,SQL & Databases,Git & Version Control,APIs & Microservices,SQL & Databases
INT_1481,Cloud Infrastructure,Electrical Engineering,3.02,0,7.4,8.4,8.9,3.3,0.0,15.3,Reading,Morning,High,Tablet,1,Cybersecurity Essentials,78.9,0.4,6.5,Medium,4.8,144,Python Fundamentals,Python Fundamentals,System Design,Git & Version Control
INT_1482,Cybersecurity,Electrical Engineering,3.21,0,3.1,3.2,7.4,7.6,4.2,8.1,Peer-learning,No Preference,High,Laptop,0,,55.8,0.63,5.4,Medium,3.2,73,Python Fundamentals,Cloud Computing (AWS),Docker & Kubernetes,Cybersecurity Essentials
INT_1483,Backend Dev,Cognitive Science,2.95,3,7.3,5.4,5.3,6.5,2.6,3.7,Reading,No Preference,High,Laptop,2,"SQL & Databases, Data Wrangling & Pandas",76.9,0.58,5.3,Medium,5.0,33,Python Fundamentals,Python Fundamentals,Git & Version Control,System Design
INT_1484,Data Engineering,Economics,3.72,0,3.6,6.8,2.7,3.5,4.6,2.0,Peer-learning,Evening,Low,Laptop,8,"SQL & Databases, Docker & Kubernetes, Statistics & Probability, MLOps Pipelines, Data Wrangling & Pandas, Git & Version Control, APIs & Microservices, Time Series Analysis",75.6,0.74,5.5,Medium,4.9,143,Python Fundamentals,Cloud Computing (AWS),Data Visualization,Python Fundamentals
INT_1485,Data Science,Statistics,3.07,3,6.9,8.3,4.7,4.1,1.5,7.1,Video,Night Owl,High,Desktop,7,"SQL & Databases, Machine Learning Basics, Deep Learning, Data Visualization, NLP & Text Analytics, A/B Testing & Experimentation, Business Intelligence & BI Tools",53.8,0.51,4.7,Medium,4.0,148,Statistics & Probability,Data Wrangling & Pandas,Time Series Analysis,Statistics & Probability
INT_1486,Cloud Infrastructure,Computer Science,3.34,1,7.1,5.5,3.7,0.6,1.6,7.5,Mixed,Night Owl,High,Mixed,2,"Python Fundamentals, Cloud Computing (AWS)",45.1,0.59,4.8,Medium,3.7,46,SQL & Databases,APIs & Microservices,Git & Version Control,System Design
INT_1487,Cloud Infrastructure,Mathematics,3.88,0,9.2,5.9,0.4,6.4,5.7,8.6,Video,Afternoon,Medium,Laptop,7,"Python Fundamentals, Cloud Computing (AWS), Docker & Kubernetes, System Design, Frontend Basics (React), NLP & Text Analytics, MLOps Pipelines",64.3,0.5,5.3,Medium,3.1,15,SQL & Databases,Cybersecurity Essentials,APIs & Microservices,Git & Version Control
INT_1488,Backend Dev,Information Systems,2.59,0,1.8,7.8,6.1,2.8,7.1,4.3,Mixed,No Preference,High,Mixed,3,"Python Fundamentals, NLP & Text Analytics, Data Wrangling & Pandas",64.0,0.88,6.0,Low,3.3,143,SQL & Databases,SQL & Databases,Cloud Computing (AWS),Docker & Kubernetes
INT_1489,Product Management,Physics,3.19,0,2.9,5.2,5.2,2.2,5.0,11.2,Peer-learning,Morning,Low,Laptop,1,MLOps Pipelines,43.0,0.53,5.0,Medium,5.0,41,SQL & Databases,SQL & Databases,Statistics & Probability,A/B Testing & Experimentation
INT_1490,Cloud Infrastructure,Cognitive Science,3.27,3,4.5,3.5,7.6,6.1,5.0,7.1,Reading,No Preference,Medium,Tablet,7,"Python Fundamentals, SQL & Databases, Cloud Computing (AWS), System Design, MLOps Pipelines, Git & Version Control, APIs & Microservices",91.3,0.76,6.9,Low,4.6,20,Docker & Kubernetes,Docker & Kubernetes,Cybersecurity Essentials,Deep Learning
INT_1491,Frontend Dev,Mathematics,3.81,1,3.6,7.2,4.3,2.0,5.3,15.4,Peer-learning,No Preference,Low,Desktop,2,"A/B Testing & Experimentation, Business Intelligence & BI Tools",70.1,0.89,7.9,Low,4.8,120,Python Fundamentals,Python Fundamentals,APIs & Microservices,Data Visualization
INT_1492,Frontend Dev,Mathematics,3.25,3,10.0,6.3,6.0,5.5,4.6,7.9,Hands-on Projects,Afternoon,High,Tablet,5,"Python Fundamentals, Deep Learning, Data Visualization, Frontend Basics (React), Git & Version Control",71.0,0.92,6.9,Low,4.1,43,APIs & Microservices,APIs & Microservices,Reinforcement Learning,MLOps Pipelines
INT_1493,Cloud Infrastructure,Economics,3.49,0,4.5,6.5,4.5,5.0,6.5,8.7,Peer-learning,No Preference,High,Tablet,7,"SQL & Databases, Cloud Computing (AWS), Cybersecurity Essentials, System Design, Frontend Basics (React), Git & Version Control, APIs & Microservices",48.3,0.42,4.5,High,2.7,18,Python Fundamentals,MLOps Pipelines,Python Fundamentals,Docker & Kubernetes
INT_1494,DevOps,Mathematics,3.56,0,4.3,5.5,2.8,2.9,1.0,7.3,Reading,Night Owl,High,Desktop,1,Docker & Kubernetes,87.6,0.56,6.1,Medium,4.0,22,Python Fundamentals,System Design,Git & Version Control,APIs & Microservices
INT_1495,ML Engineering,Statistics,2.48,1,4.7,7.4,5.5,0.5,1.3,12.7,Peer-learning,No Preference,Medium,Laptop,2,"Statistics & Probability, Reinforcement Learning",82.9,0.6,6.9,Medium,4.2,76,Python Fundamentals,SQL & Databases,Python Fundamentals,Git & Version Control
INT_1496,Product Management,Statistics,2.19,0,6.9,5.7,3.9,8.7,1.0,12.9,Mixed,Night Owl,High,Laptop,2,"SQL & Databases, A/B Testing & Experimentation",88.1,0.65,7.3,Medium,3.3,147,Data Visualization,Statistics & Probability,Business Intelligence & BI Tools,Data Visualization
INT_1497,Data Science,Business Analytics,3.54,0,7.1,6.5,0.0,4.6,4.3,5.1,Video,No Preference,Low,Laptop,5,"SQL & Databases, Deep Learning, Statistics & Probability, A/B Testing & Experimentation, Reinforcement Learning",87.9,0.72,6.4,Medium,2.5,35,Data Visualization,Data Visualization,Machine Learning Basics,NLP & Text Analytics
INT_1498,Data Science,Bioinformatics,2.69,1,4.6,7.2,6.1,5.3,2.0,6.8,Reading,Afternoon,High,Mixed,2,"Deep Learning, A/B Testing & Experimentation",80.2,0.53,5.7,Medium,4.3,99,Data Visualization,Data Visualization,Machine Learning Basics,NLP & Text Analytics
INT_1499,Data Engineering,Statistics,2.8,2,3.4,6.8,5.2,3.2,7.3,6.1,Peer-learning,No Preference,Low,Laptop,8,"Python Fundamentals, SQL & Databases, A/B Testing & Experimentation, Data Wrangling & Pandas, Git & Version Control, APIs & Microservices, Time Series Analysis, Business Intelligence & BI Tools",85.7,0.9,7.1,Low,3.3,135,Data Visualization,Statistics & Probability,Cloud Computing (AWS),Docker & Kubernetes
INT_1500,Cybersecurity,Information Systems,3.15,3,7.6,3.8,5.6,5.3,0.9,6.2,Peer-learning,Afternoon,High,Tablet,0,,60.4,0.54,4.9,Medium,3.0,99,Python Fundamentals,SQL & Databases,APIs & Microservices,System Design
INT_1501,Frontend Dev,Computer Science,3.25,3,2.6,5.2,3.6,6.7,5.0,6.3,Hands-on Projects,No Preference,Medium,Laptop,7,"Python Fundamentals, Data Visualization, System Design, Statistics & Probability, NLP & Text Analytics, Git & Version Control, APIs & Microservices",67.1,0.25,4.2,High,4.1,141,Frontend Basics (React),Frontend Basics (React),A/B Testing & Experimentation,Time Series Analysis
INT_1502,Software Engineering,Bioinformatics,3.27,1,2.5,5.8,7.2,1.7,1.9,8.3,Peer-learning,Night Owl,Medium,Tablet,5,"Python Fundamentals, Frontend Basics (React), APIs & Microservices, Time Series Analysis, Reinforcement Learning",49.9,0.65,5.3,Medium,3.0,162,SQL & Databases,SQL & Databases,Data Wrangling & Pandas,Git & Version Control
INT_1503,Backend Dev,Electrical Engineering,2.87,2,5.3,5.5,4.1,5.3,1.5,4.6,Reading,Afternoon,Low,Mixed,5,"SQL & Databases, System Design, Data Wrangling & Pandas, Git & Version Control, APIs & Microservices",77.8,0.84,6.4,Low,4.1,48,Python Fundamentals,Python Fundamentals,Cloud Computing (AWS),Docker & Kubernetes
INT_1504,Software Engineering,Business Analytics,3.0,1,7.9,8.4,5.7,2.0,5.3,2.1,Reading,No Preference,High,Mixed,0,,67.7,0.57,4.7,Medium,3.9,148,Python Fundamentals,Cloud Computing (AWS),SQL & Databases,Docker & Kubernetes
INT_1505,Data Engineering,Physics,3.35,0,3.0,7.3,1.7,3.2,1.4,6.9,Mixed,Morning,Medium,Tablet,4,"Python Fundamentals, Data Wrangling & Pandas, Git & Version Control, Time Series Analysis",74.9,0.63,5.9,Medium,5.0,114,SQL & Databases,Statistics & Probability,MLOps Pipelines,APIs & Microservices
INT_1506,Software Engineering,Information Systems,3.39,1,3.3,6.8,3.5,5.9,4.6,8.1,Hands-on Projects,Evening,Low,Mixed,7,"SQL & Databases, Data Visualization, System Design, Frontend Basics (React), Data Wrangling & Pandas, Git & Version Control, Time Series Analysis",52.1,0.4,4.4,High,5.0,92,Python Fundamentals,Docker & Kubernetes,Cloud Computing (AWS),Python Fundamentals
INT_1507,Software Engineering,Mathematics,2.66,3,4.4,5.7,4.7,6.3,1.9,9.1,Peer-learning,Morning,Low,Laptop,3,"Machine Learning Basics, System Design, Git & Version Control",52.9,0.78,5.9,Medium,4.0,57,Python Fundamentals,SQL & Databases,Data Wrangling & Pandas,Frontend Basics (React)
INT_1508,Frontend Dev,Bioinformatics,3.82,0,2.1,4.1,4.4,3.9,1.7,10.6,Video,Afternoon,Low,Tablet,2,"Data Visualization, Frontend Basics (React)",55.3,0.38,4.9,High,4.4,53,Python Fundamentals,Python Fundamentals,Git & Version Control,APIs & Microservices
INT_1509,Data Engineering,Economics,3.76,0,5.2,3.7,4.3,6.5,4.1,9.0,Hands-on Projects,Night Owl,Medium,Laptop,7,"Python Fundamentals, Cloud Computing (AWS), Docker & Kubernetes, MLOps Pipelines, Data Wrangling & Pandas, Git & Version Control, APIs & Microservices",64.5,0.77,6.3,Medium,3.9,19,SQL & Databases,Data Visualization,System Design,Business Intelligence & BI Tools
INT_1510,ML Engineering,Cognitive Science,3.3,2,1.9,5.1,7.3,4.7,2.1,7.3,Video,Night Owl,High,Desktop,1,Cloud Computing (AWS),68.5,0.91,6.7,Low,5.0,131,Python Fundamentals,Statistics & Probability,A/B Testing & Experimentation,NLP & Text Analytics
INT_1511,Data Science,Cognitive Science,2.17,0,4.0,7.9,1.3,4.6,1.8,7.2,Mixed,Night Owl,Medium,Laptop,4,"Deep Learning, Data Visualization, Statistics & Probability, NLP & Text Analytics",52.2,0.67,5.3,Medium,3.2,41,Machine Learning Basics,Machine Learning Basics,Data Wrangling & Pandas,Time Series Analysis
INT_1512,Cloud Infrastructure,Physics,2.85,3,5.9,4.1,1.1,4.8,3.2,10.6,Video,Evening,High,Mixed,3,"Docker & Kubernetes, Git & Version Control, Business Intelligence & BI Tools",72.5,0.76,6.8,Low,4.0,26,Python Fundamentals,System Design,APIs & Microservices,MLOps Pipelines
INT_1513,Software Engineering,Physics,3.41,0,6.3,8.3,7.3,0.0,1.0,2.9,Peer-learning,Morning,Medium,Desktop,6,"Python Fundamentals, SQL & Databases, Docker & Kubernetes, System Design, Git & Version Control, Reinforcement Learning",90.5,0.64,5.8,Medium,5.0,120,Cloud Computing (AWS),Frontend Basics (React),Data Wrangling & Pandas,APIs & Microservices
INT_1514,Backend Dev,Cognitive Science,3.66,1,4.6,6.3,0.1,3.2,5.3,2.0,Hands-on Projects,Morning,Low,Mixed,6,"SQL & Databases, Docker & Kubernetes, System Design, Data Wrangling & Pandas, Git & Version Control, APIs & Microservices",84.9,0.62,5.4,Medium,3.8,28,Python Fundamentals,Cloud Computing (AWS),Python Fundamentals,Cybersecurity Essentials
INT_1515,Software Engineering,Mathematics,4.0,1,4.7,8.4,3.3,1.9,4.9,5.6,Video,Evening,Low,Laptop,4,"SQL & Databases, Frontend Basics (React), APIs & Microservices, Time Series Analysis",63.0,0.97,6.4,Low,4.9,27,Python Fundamentals,Cloud Computing (AWS),System Design,Docker & Kubernetes
INT_1516,DevOps,Physics,2.5,0,6.8,6.3,8.5,2.3,1.1,7.7,Mixed,Evening,Medium,Mixed,6,"Python Fundamentals, SQL & Databases, Cloud Computing (AWS), Cybersecurity Essentials, MLOps Pipelines, Git & Version Control",82.5,0.83,6.9,Low,2.9,170,Docker & Kubernetes,System Design,APIs & Microservices,Docker & Kubernetes
INT_1517,Software Engineering,Information Systems,3.19,0,6.0,7.1,4.7,4.1,4.4,10.7,Mixed,Morning,Low,Laptop,7,"Python Fundamentals, Cloud Computing (AWS), System Design, Frontend Basics (React), Data Wrangling & Pandas, Git & Version Control, Time Series Analysis",66.6,0.89,7.1,Low,3.5,29,SQL & Databases,APIs & Microservices,SQL & Databases,Docker & Kubernetes
INT_1518,Frontend Dev,Economics,3.41,3,7.4,5.2,3.0,4.3,2.9,10.5,Video,Morning,Medium,Desktop,6,"Python Fundamentals, Data Visualization, Frontend Basics (React), A/B Testing & Experimentation, Git & Version Control, APIs & Microservices",56.1,0.72,6.1,Medium,2.9,157,SQL & Databases,Time Series Analysis,Statistics & Probability,Machine Learning Basics
INT_1519,Cybersecurity,Bioinformatics,3.49,0,1.9,7.2,5.8,6.0,4.8,8.3,Mixed,Night Owl,High,Mixed,8,"Python Fundamentals, SQL & Databases, Cloud Computing (AWS), Cybersecurity Essentials, System Design, Git & Version Control, APIs & Microservices, Business Intelligence & BI Tools",64.1,0.74,6.1,Medium,3.0,172,Docker & Kubernetes,Docker & Kubernetes,Reinforcement Learning,NLP & Text Analytics
INT_1520,Backend Dev,Economics,3.5,1,3.5,7.2,6.3,6.4,0.0,10.7,Video,No Preference,Medium,Desktop,0,,58.2,0.78,6.4,Low,3.4,16,Python Fundamentals,SQL & Databases,Python Fundamentals,Data Wrangling & Pandas
INT_1521,Product Management,Mathematics,3.31,0,3.4,6.4,3.7,3.6,0.0,7.8,Peer-learning,No Preference,High,Laptop,8,"SQL & Databases, Data Visualization, Frontend Basics (React), Statistics & Probability, A/B Testing & Experimentation, APIs & Microservices, Time Series Analysis, Business Intelligence & BI Tools",84.8,0.89,7.3,Low,5.0,69,Python Fundamentals,NLP & Text Analytics,Deep Learning,Machine Learning Basics
INT_1522,DevOps,Statistics,3.13,0,2.8,8.7,0.9,3.0,7.0,4.1,Mixed,No Preference,Low,Tablet,1,Reinforcement Learning,100.0,0.82,7.0,Low,4.1,40,Python Fundamentals,Cloud Computing (AWS),Docker & Kubernetes,Cybersecurity Essentials
INT_1523,ML Engineering,Cognitive Science,2.9,0,4.3,6.7,5.5,2.5,2.1,2.0,Reading,Afternoon,Medium,Laptop,2,"Cloud Computing (AWS), NLP & Text Analytics",85.9,0.35,4.5,High,5.0,110,Python Fundamentals,SQL & Databases,System Design,Git & Version Control
INT_1524,Cloud Infrastructure,Economics,3.31,1,4.6,6.4,0.0,5.1,4.3,10.7,Hands-on Projects,Night Owl,Medium,Desktop,0,,95.3,0.61,7.1,Medium,3.5,31,Python Fundamentals,Python Fundamentals,SQL & Databases,Git & Version Control
INT_1525,Frontend Dev,Economics,3.36,2,4.9,5.2,3.1,3.0,5.9,4.5,Reading,No Preference,High,Desktop,7,"Deep Learning, Data Visualization, System Design, Frontend Basics (React), Data Wrangling & Pandas, Git & Version Control, APIs & Microservices",81.1,0.69,5.9,Medium,3.6,106,Python Fundamentals,Python Fundamentals,Time Series Analysis,Statistics & Probability
INT_1526,Product Management,Electrical Engineering,2.72,0,7.6,5.1,3.9,4.2,0.1,9.1,Peer-learning,Night Owl,Medium,Tablet,4,"SQL & Databases, Data Visualization, Time Series Analysis, Business Intelligence & BI Tools",87.7,0.48,6.1,Medium,4.0,71,Statistics & Probability,Statistics & Probability,A/B Testing & Experimentation,Machine Learning Basics
INT_1527,DevOps,Bioinformatics,3.46,0,5.1,8.9,6.2,5.0,5.7,6.7,Mixed,Night Owl,Medium,Laptop,7,"Python Fundamentals, Docker & Kubernetes, System Design, Statistics & Probability, Git & Version Control, APIs & Microservices, Time Series Analysis",44.3,0.95,5.9,Low,4.3,37,SQL & Databases,Cybersecurity Essentials,Cloud Computing (AWS),MLOps Pipelines
INT_1528,Product Management,Cognitive Science,3.14,2,5.8,1.7,5.9,5.7,5.1,8.9,Mixed,Afternoon,Low,Desktop,8,"Python Fundamentals, SQL & Databases, Machine Learning Basics, Data Visualization, Cybersecurity Essentials, Statistics & Probability, A/B Testing & Experimentation, Business Intelligence & BI Tools",83.6,0.67,6.6,Medium,3.1,22,Deep Learning,NLP & Text Analytics,MLOps Pipelines,Data Wrangling & Pandas
INT_1529,Product Management,Economics,2.92,0,4.9,5.1,6.0,0.0,6.9,2.0,Reading,Morning,High,Tablet,4,"Statistics & Probability, A/B Testing & Experimentation, Data Wrangling & Pandas, Business Intelligence & BI Tools",73.1,0.84,5.8,Low,2.1,171,SQL & Databases,SQL & Databases,Data Visualization,Time Series Analysis
INT_1530,Frontend Dev,Business Analytics,2.91,0,3.7,8.2,4.2,5.5,4.2,8.9,Video,Morning,High,Mixed,0,,54.7,0.48,4.9,Medium,3.7,91,Python Fundamentals,Frontend Basics (React),Python Fundamentals,Git & Version Control
INT_1531,Data Science,Statistics,3.35,0,6.8,5.2,6.6,2.0,1.9,6.9,Video,Evening,Low,Laptop,5,"Machine Learning Basics, Deep Learning, Data Visualization, Statistics & Probability, A/B Testing & Experimentation",87.0,0.69,6.5,Medium,3.9,151,SQL & Databases,Time Series Analysis,SQL & Databases,Data Wrangling & Pandas
INT_1532,Software Engineering,Economics,3.39,0,7.5,6.0,6.2,2.8,5.3,3.9,Mixed,No Preference,Low,Laptop,1,APIs & Microservices,62.8,0.83,5.7,Medium,4.4,38,Python Fundamentals,Cloud Computing (AWS),Docker & Kubernetes,SQL & Databases
INT_1533,ML Engineering,Cognitive Science,3.64,0,3.2,6.8,4.4,6.8,3.4,5.9,Mixed,Afternoon,Low,Laptop,6,"SQL & Databases, Machine Learning Basics, Deep Learning, Data Wrangling & Pandas, Git & Version Control, Reinforcement Learning",69.1,0.84,6.2,Low,4.5,166,Python Fundamentals,MLOps Pipelines,A/B Testing & Experimentation,NLP & Text Analytics
INT_1534,ML Engineering,Information Systems,3.88,1,5.1,7.9,5.0,6.9,5.5,8.4,Video,Night Owl,Low,Tablet,1,SQL & Databases,58.7,0.58,5.3,Medium,3.5,53,Python Fundamentals,Cloud Computing (AWS),Docker & Kubernetes,System Design
INT_1535,Frontend Dev,Bioinformatics,3.35,1,7.7,8.4,3.4,6.3,7.9,7.8,Mixed,Afternoon,Medium,Laptop,6,"Machine Learning Basics, Cloud Computing (AWS), Frontend Basics (React), NLP & Text Analytics, Git & Version Control, APIs & Microservices",58.3,0.56,5.2,Medium,4.0,16,Python Fundamentals,Python Fundamentals,Data Visualization,Reinforcement Learning
INT_1536,Cybersecurity,Computer Science,3.8,2,4.2,5.1,5.7,2.1,1.0,10.2,Peer-learning,Evening,Medium,Laptop,5,"Docker & Kubernetes, Cybersecurity Essentials, System Design, Git & Version Control, APIs & Microservices",70.5,0.5,5.7,Medium,3.4,25,Python Fundamentals,SQL & Databases,Python Fundamentals,Cloud Computing (AWS)
INT_1537,ML Engineering,Electrical Engineering,3.02,0,8.3,1.9,5.4,4.2,3.2,7.6,Peer-learning,Evening,High,Laptop,7,"Python Fundamentals, SQL & Databases, Deep Learning, Docker & Kubernetes, Statistics & Probability, NLP & Text Analytics, Data Wrangling & Pandas",85.5,0.38,5.5,Medium,4.8,19,Machine Learning Basics,Reinforcement Learning,MLOps Pipelines,Machine Learning Basics
INT_1538,Cloud Infrastructure,Computer Science,2.78,0,4.4,4.6,7.3,6.2,4.4,4.2,Hands-on Projects,Night Owl,Medium,Tablet,1,A/B Testing & Experimentation,93.2,0.71,6.4,Medium,3.7,142,Python Fundamentals,MLOps Pipelines,Cybersecurity Essentials,Git & Version Control
INT_1539,Product Management,Business Analytics,3.45,2,6.5,5.9,5.2,4.9,3.0,11.7,Hands-on Projects,Evening,Medium,Mixed,6,"SQL & Databases, Data Visualization, Frontend Basics (React), Statistics & Probability, A/B Testing & Experimentation, Business Intelligence & BI Tools",60.3,0.51,5.7,Medium,3.7,136,Python Fundamentals,MLOps Pipelines,Time Series Analysis,Deep Learning
INT_1540,DevOps,Electrical Engineering,2.81,0,4.8,5.0,6.2,1.9,4.0,14.7,Reading,No Preference,Medium,Tablet,7,"Python Fundamentals, SQL & Databases, Cloud Computing (AWS), Cybersecurity Essentials, System Design, NLP & Text Analytics, MLOps Pipelines",80.4,0.56,7.0,Medium,5.0,23,Docker & Kubernetes,APIs & Microservices,Git & Version Control,Docker & Kubernetes
INT_1541,Data Science,Economics,2.67,0,8.7,3.2,1.3,4.7,5.9,9.2,Reading,Evening,High,Desktop,7,"SQL & Databases, Machine Learning Basics, Deep Learning, Data Visualization, Cloud Computing (AWS), Statistics & Probability, Business Intelligence & BI Tools",48.5,0.93,6.3,Low,4.3,71,NLP & Text Analytics,NLP & Text Analytics,Time Series Analysis,A/B Testing & Experimentation
INT_1542,Cloud Infrastructure,Information Systems,3.62,0,7.6,8.5,4.2,4.5,4.8,7.9,Mixed,No Preference,Low,Desktop,0,,71.1,0.66,6.0,Medium,4.5,44,Python Fundamentals,Cybersecurity Essentials,Cloud Computing (AWS),Docker & Kubernetes
INT_1543,ML Engineering,Cognitive Science,3.29,1,7.1,3.2,7.4,4.2,1.2,2.1,Mixed,Morning,Low,Laptop,0,,66.9,0.89,5.8,Low,2.5,53,Python Fundamentals,Reinforcement Learning,MLOps Pipelines,Machine Learning Basics
INT_1544,Software Engineering,Electrical Engineering,3.21,0,5.1,2.6,5.7,4.7,3.6,7.1,Mixed,Evening,Low,Mixed,6,"Python Fundamentals, Cloud Computing (AWS), Docker & Kubernetes, Frontend Basics (React), Data Wrangling & Pandas, APIs & Microservices",83.7,0.78,6.7,Low,4.8,153,SQL & Databases,SQL & Databases,System Design,Git & Version Control
INT_1545,DevOps,Electrical Engineering,3.26,1,2.6,7.4,8.5,2.9,1.9,9.4,Hands-on Projects,Night Owl,Medium,Mixed,3,"Python Fundamentals, MLOps Pipelines, Git & Version Control",71.6,0.87,7.0,Low,4.7,125,SQL & Databases,APIs & Microservices,System Design,SQL & Databases
INT_1546,Product Management,Statistics,3.7,1,6.4,6.6,4.8,3.4,0.6,5.7,Hands-on Projects,Morning,High,Desktop,4,"Data Visualization, Frontend Basics (React), A/B Testing & Experimentation, Business Intelligence & BI Tools",41.6,0.49,4.0,High,2.8,128,SQL & Databases,SQL & Databases,Statistics & Probability,Python Fundamentals
INT_1547,Frontend Dev,Cognitive Science,2.7,1,5.0,4.4,5.1,5.5,6.0,7.3,Mixed,Morning,Medium,Desktop,5,"Python Fundamentals, System Design, Frontend Basics (React), Statistics & Probability, APIs & Microservices",88.8,0.66,6.5,Medium,4.1,32,Data Visualization,Data Visualization,Git & Version Control,MLOps Pipelines
INT_1548,Software Engineering,Electrical Engineering,3.88,0,4.9,6.9,2.0,3.7,4.2,8.0,Hands-on Projects,Evening,Low,Tablet,7,"Python Fundamentals, SQL & Databases, Machine Learning Basics, System Design, Frontend Basics (React), APIs & Microservices, Reinforcement Learning",62.1,0.89,6.5,Low,5.0,44,Cloud Computing (AWS),Data Wrangling & Pandas,Git & Version Control,Docker & Kubernetes
INT_1549,Data Science,Information Systems,3.22,0,6.8,4.9,3.6,5.0,6.7,11.5,Video,Morning,Medium,Laptop,8,"Machine Learning Basics, Data Visualization, Statistics & Probability, A/B Testing & Experimentation, Data Wrangling & Pandas, Git & Version Control, Reinforcement Learning, Business Intelligence & BI Tools",72.7,0.78,7.0,Low,4.0,156,Deep Learning,Deep Learning,Time Series Analysis,NLP & Text Analytics
INT_1550,Frontend Dev,Business Analytics,3.53,1,6.0,0.0,3.1,5.6,1.9,7.8,Peer-learning,Afternoon,Medium,Laptop,7,"Python Fundamentals, Machine Learning Basics, Data Visualization, Frontend Basics (React), NLP & Text Analytics, Git & Version Control, Business Intelligence & BI Tools",69.8,0.92,6.8,Low,4.4,120,APIs & Microservices,APIs & Microservices,Deep Learning,MLOps Pipelines
INT_1551,DevOps,Business Analytics,3.6,1,1.9,6.9,1.3,0.0,4.5,9.4,Peer-learning,Afternoon,Medium,Desktop,5,"Cloud Computing (AWS), Cybersecurity Essentials, System Design, NLP & Text Analytics, Git & Version Control",74.9,0.84,7.0,Low,4.4,156,Python Fundamentals,Docker & Kubernetes,Python Fundamentals,APIs & Microservices
INT_1552,Software Engineering,Electrical Engineering,3.31,0,7.6,6.4,4.7,1.3,1.6,4.7,Peer-learning,Night Owl,High,Laptop,3,"Python Fundamentals, Data Wrangling & Pandas, Git & Version Control",51.9,0.9,5.7,Low,2.3,109,SQL & Databases,SQL & Databases,APIs & Microservices,System Design
INT_1553,ML Engineering,Cognitive Science,3.55,2,1.1,7.7,5.3,3.0,6.0,13.9,Mixed,Night Owl,High,Mixed,1,MLOps Pipelines,57.2,0.38,5.4,Medium,2.4,136,Python Fundamentals,SQL & Databases,Cloud Computing (AWS),Docker & Kubernetes
INT_1554,Backend Dev,Electrical Engineering,3.33,1,7.8,3.2,3.0,3.0,4.6,7.6,Video,Evening,Medium,Laptop,3,"Python Fundamentals, MLOps Pipelines, Data Wrangling & Pandas",76.3,0.88,6.9,Low,4.7,33,SQL & Databases,Cloud Computing (AWS),Docker & Kubernetes,Git & Version Control
INT_1555,Cybersecurity,Electrical Engineering,3.9,2,8.9,6.5,5.7,5.1,1.0,6.8,Video,Afternoon,High,Mixed,6,"Python Fundamentals, Docker & Kubernetes, Cybersecurity Essentials, System Design, Git & Version Control, Reinforcement Learning",50.8,0.79,5.6,Medium,3.3,159,SQL & Databases,SQL & Databases,APIs & Microservices,Cloud Computing (AWS)
INT_1556,Data Science,Electrical Engineering,3.59,3,9.3,3.8,3.1,4.8,3.2,2.3,Hands-on Projects,Night Owl,Low,Desktop,5,"Machine Learning Basics, Deep Learning, System Design, NLP & Text Analytics, Business Intelligence & BI Tools",72.5,0.84,5.8,Low,4.8,33,Data Visualization,Data Visualization,Time Series Analysis,A/B Testing & Experimentation
INT_1557,Software Engineering,Electrical Engineering,4.0,2,4.3,9.2,2.5,4.2,5.8,5.9,Mixed,Afternoon,Low,Laptop,2,"Docker & Kubernetes, Git & Version Control",43.3,0.94,5.7,Low,4.0,156,Python Fundamentals,Cloud Computing (AWS),APIs & Microservices,Frontend Basics (React)
INT_1558,DevOps,Cognitive Science,3.32,3,5.7,6.7,2.8,3.1,9.9,2.1,Hands-on Projects,Morning,Low,Laptop,3,"Python Fundamentals, NLP & Text Analytics, APIs & Microservices",65.0,0.86,5.6,Low,3.6,27,SQL & Databases,System Design,Git & Version Control,MLOps Pipelines
INT_1559,Cloud Infrastructure,Bioinformatics,3.25,3,6.9,6.7,1.9,7.9,1.9,13.2,Video,Night Owl,Medium,Desktop,3,"SQL & Databases, Docker & Kubernetes, System Design",43.1,0.51,5.3,Medium,4.7,35,Python Fundamentals,Git & Version Control,APIs & Microservices,Python Fundamentals
INT_1560,Software Engineering,Information Systems,3.04,1,5.8,5.4,6.0,5.2,3.0,8.7,Video,Morning,Low,Tablet,5,"Python Fundamentals, Cloud Computing (AWS), Docker & Kubernetes, System Design, Frontend Basics (React)",59.1,0.74,6.0,Medium,3.4,109,SQL & Databases,Data Wrangling & Pandas,APIs & Microservices,Git & Version Control
INT_1561,Software Engineering,Bioinformatics,3.54,0,5.6,4.5,2.7,5.8,5.3,12.5,Reading,Morning,High,Mixed,0,,78.5,0.5,6.4,Medium,4.9,77,Python Fundamentals,Data Wrangling & Pandas,Python Fundamentals,Docker & Kubernetes
INT_1562,Data Engineering,Bioinformatics,2.58,1,3.1,5.6,6.5,2.6,1.7,6.8,Mixed,Evening,Low,Desktop,6,"Data Visualization, Docker & Kubernetes, System Design, Data Wrangling & Pandas, Git & Version Control, APIs & Microservices",58.7,0.89,6.2,Low,4.9,94,Python Fundamentals,Statistics & Probability,Time Series Analysis,SQL & Databases
INT_1563,Frontend Dev,Business Analytics,3.65,1,6.6,3.3,0.1,6.5,4.3,5.8,Peer-learning,Morning,Medium,Laptop,6,"Python Fundamentals, Data Visualization, Docker & Kubernetes, Data Wrangling & Pandas, Git & Version Control, APIs & Microservices",59.9,0.84,5.9,Low,3.4,22,Frontend Basics (React),Frontend Basics (React),Deep Learning,System Design
INT_1564,Software Engineering,Physics,2.62,0,7.1,7.5,8.2,4.6,3.0,7.8,Reading,Morning,Medium,Tablet,5,"SQL & Databases, Docker & Kubernetes, System Design, A/B Testing & Experimentation, APIs & Microservices",75.1,0.68,6.2,Medium,3.8,64,Python Fundamentals,Data Wrangling & Pandas,Git & Version Control,Frontend Basics (React)
INT_1565,Data Science,Bioinformatics,3.32,0,5.6,4.6,2.2,5.0,7.2,7.1,Reading,No Preference,High,Tablet,6,"Deep Learning, Data Visualization, System Design, NLP & Text Analytics, Data Wrangling & Pandas, Reinforcement Learning",49.5,0.78,5.5,Medium,3.1,158,Machine Learning Basics,Machine Learning Basics,A/B Testing & Experimentation,Time Series Analysis
INT_1566,Product Management,Economics,3.48,0,5.4,8.1,10.0,3.3,2.2,9.3,Video,Afternoon,Medium,Laptop,1,Data Visualization,84.9,0.67,6.7,Medium,5.0,42,SQL & Databases,Statistics & Probability,A/B Testing & Experimentation,SQL & Databases
INT_1567,Data Science,Information Systems,2.86,1,3.5,8.1,0.0,7.7,1.7,9.1,Video,Evening,Low,Desktop,1,Deep Learning,73.8,0.51,5.7,Medium,4.7,133,Data Visualization,Data Visualization,Machine Learning Basics,Data Wrangling & Pandas
INT_1568,Frontend Dev,Mathematics,3.86,1,9.9,7.3,5.5,3.4,2.3,8.6,Mixed,No Preference,High,Mixed,0,,75.9,0.6,6.0,Medium,4.1,154,Python Fundamentals,Frontend Basics (React),APIs & Microservices,Python Fundamentals
INT_1569,Data Science,Mathematics,3.17,2,10.0,5.6,8.9,0.6,3.8,6.4,Reading,No Preference,Medium,Laptop,1,Machine Learning Basics,61.2,0.46,4.7,Medium,4.2,49,Data Visualization,Data Visualization,Deep Learning,Time Series Analysis
INT_1570,Data Engineering,Bioinformatics,3.02,0,0.0,3.6,3.6,8.5,0.7,5.2,Reading,Afternoon,High,Desktop,3,"System Design, Data Wrangling & Pandas, Reinforcement Learning",70.8,0.72,5.8,Medium,3.6,73,Python Fundamentals,Business Intelligence & BI Tools,Statistics & Probability,SQL & Databases
INT_1571,Data Engineering,Business Analytics,2.68,0,2.0,6.3,5.3,7.7,9.2,12.3,Reading,Afternoon,Medium,Laptop,5,"Data Visualization, Docker & Kubernetes, Statistics & Probability, Data Wrangling & Pandas, APIs & Microservices",56.0,0.79,6.6,Low,4.3,128,Python Fundamentals,Business Intelligence & BI Tools,SQL & Databases,Time Series Analysis
INT_1572,Data Science,Physics,3.03,0,6.8,9.0,3.3,7.2,3.8,7.7,Reading,Night Owl,High,Desktop,0,,80.3,0.56,5.9,Medium,4.3,156,Data Visualization,Data Visualization,Deep Learning,Machine Learning Basics
INT_1573,Cloud Infrastructure,Economics,3.18,1,3.1,3.9,7.4,4.0,3.2,8.5,Mixed,Morning,High,Mixed,5,"SQL & Databases, Cloud Computing (AWS), Docker & Kubernetes, Cybersecurity Essentials, APIs & Microservices",55.3,0.69,5.6,Medium,4.0,38,Python Fundamentals,MLOps Pipelines,Python Fundamentals,Git & Version Control
INT_1574,Data Engineering,Electrical Engineering,3.5,0,6.6,8.6,5.5,4.7,3.9,8.2,Peer-learning,Morning,Medium,Mixed,5,"Cloud Computing (AWS), Cybersecurity Essentials, MLOps Pipelines, Git & Version Control, Time Series Analysis",68.1,0.56,5.6,Medium,3.6,97,Python Fundamentals,Business Intelligence & BI Tools,SQL & Databases,APIs & Microservices
INT_1575,ML Engineering,Economics,3.87,2,4.7,4.4,7.1,4.4,4.0,7.4,Video,Night Owl,High,Laptop,5,"Python Fundamentals, Deep Learning, Data Visualization, MLOps Pipelines, A/B Testing & Experimentation",70.4,0.8,6.4,Low,4.5,137,SQL & Databases,Data Wrangling & Pandas,System Design,Git & Version Control
INT_1576,DevOps,Economics,3.16,3,1.2,3.4,5.5,3.0,3.7,5.8,Reading,Morning,Medium,Tablet,4,"Python Fundamentals, Machine Learning Basics, Cloud Computing (AWS), Git & Version Control",84.7,0.65,6.1,Medium,5.0,107,SQL & Databases,SQL & Databases,Docker & Kubernetes,Cybersecurity Essentials
INT_1577,Software Engineering,Information Systems,3.5,2,6.5,6.1,5.6,1.7,1.9,6.5,Mixed,Afternoon,High,Desktop,5,"SQL & Databases, Cloud Computing (AWS), Docker & Kubernetes, Data Wrangling & Pandas, APIs & Microservices",57.9,0.76,5.7,Medium,5.0,27,Python Fundamentals,Git & Version Control,System Design,Python Fundamentals
INT_1578,Product Management,Statistics,3.16,2,6.9,5.5,2.8,5.3,4.3,10.8,Hands-on Projects,Morning,Medium,Mixed,5,"Frontend Basics (React), Statistics & Probability, A/B Testing & Experimentation, Reinforcement Learning, Business Intelligence & BI Tools",82.0,0.91,7.7,Low,4.7,152,SQL & Databases,Data Visualization,SQL & Databases,Time Series Analysis
INT_1579,Cybersecurity,Mathematics,2.56,2,5.1,5.0,2.8,2.5,1.3,9.3,Hands-on Projects,Afternoon,Low,Laptop,3,"Machine Learning Basics, Docker & Kubernetes, Time Series Analysis",74.2,0.75,6.6,Low,4.1,141,Python Fundamentals,System Design,Git & Version Control,APIs & Microservices
INT_1580,Software Engineering,Computer Science,2.66,0,7.1,7.6,4.9,3.3,3.7,9.8,Hands-on Projects,Afternoon,Low,Desktop,1,Git & Version Control,67.1,0.88,6.9,Low,4.5,147,Python Fundamentals,SQL & Databases,Python Fundamentals,Data Wrangling & Pandas
INT_1581,ML Engineering,Statistics,3.41,0,8.7,6.2,2.7,9.2,3.0,9.9,Peer-learning,Evening,Low,Laptop,3,"Machine Learning Basics, Docker & Kubernetes, Git & Version Control",82.9,0.66,6.7,Medium,4.0,138,Python Fundamentals,A/B Testing & Experimentation,Statistics & Probability,Cloud Computing (AWS)
INT_1582,ML Engineering,Computer Science,3.24,1,7.8,3.5,3.9,1.8,2.5,6.8,Reading,Morning,High,Tablet,0,,78.4,0.61,5.9,Medium,5.0,115,Python Fundamentals,SQL & Databases,A/B Testing & Experimentation,Statistics & Probability
INT_1583,ML Engineering,Statistics,2.68,3,5.4,4.8,2.7,4.9,7.7,2.0,Video,Night Owl,Medium,Tablet,8,"Python Fundamentals, Machine Learning Basics, Docker & Kubernetes, System Design, Statistics & Probability, Data Wrangling & Pandas, Git & Version Control, Reinforcement Learning",69.7,0.81,5.6,Medium,4.9,81,SQL & Databases,NLP & Text Analytics,MLOps Pipelines,Deep Learning
INT_1584,ML Engineering,Cognitive Science,3.36,0,3.3,4.5,4.3,4.8,2.3,9.7,Video,Afternoon,Medium,Laptop,3,"Cloud Computing (AWS), MLOps Pipelines, A/B Testing & Experimentation",65.6,0.71,6.2,Medium,4.1,117,Python Fundamentals,Reinforcement Learning,Machine Learning Basics,NLP & Text Analytics
INT_1585,Data Engineering,Physics,3.14,0,3.5,6.2,4.0,3.7,0.9,13.4,Mixed,Night Owl,Medium,Mixed,7,"Data Visualization, Docker & Kubernetes, System Design, MLOps Pipelines, Data Wrangling & Pandas, Time Series Analysis, Business Intelligence & BI Tools",51.6,0.97,7.2,Low,4.2,67,Python Fundamentals,Statistics & Probability,SQL & Databases,APIs & Microservices
INT_1586,Frontend Dev,Mathematics,3.76,0,7.9,5.2,7.2,5.4,1.9,8.6,Mixed,Night Owl,Low,Tablet,5,"Python Fundamentals, Data Visualization, Frontend Basics (React), Git & Version Control, APIs & Microservices",68.1,0.71,6.2,Medium,4.1,40,SQL & Databases,Machine Learning Basics,Deep Learning,Reinforcement Learning
INT_1587,Cloud Infrastructure,Cognitive Science,3.49,0,4.6,5.1,0.4,3.0,5.5,5.0,Hands-on Projects,Morning,High,Tablet,1,Cloud Computing (AWS),90.6,0.73,6.5,Medium,3.7,147,Python Fundamentals,Cybersecurity Essentials,Docker & Kubernetes,System Design
INT_1588,Data Science,Electrical Engineering,2.95,2,3.2,6.6,2.8,5.7,7.6,5.8,Peer-learning,Evening,Medium,Laptop,0,,78.1,0.56,5.6,Medium,2.8,138,Data Visualization,Data Visualization,Deep Learning,Machine Learning Basics
INT_1589,Cloud Infrastructure,Statistics,2.52,0,4.0,6.6,2.0,8.8,3.2,5.9,Reading,Morning,Low,Desktop,3,"Python Fundamentals, SQL & Databases, Docker & Kubernetes",63.9,0.76,5.8,Medium,4.1,44,Cloud Computing (AWS),APIs & Microservices,System Design,Git & Version Control
INT_1590,DevOps,Bioinformatics,3.41,1,7.3,3.8,5.2,0.6,3.4,8.8,Reading,Evening,High,Mixed,1,MLOps Pipelines,64.4,0.58,5.6,Medium,5.0,134,Python Fundamentals,SQL & Databases,APIs & Microservices,Git & Version Control
INT_1591,Data Engineering,Statistics,3.2,1,5.9,3.3,6.2,6.0,3.7,10.9,Reading,No Preference,High,Laptop,0,,52.8,0.77,6.2,Medium,3.7,68,Python Fundamentals,MLOps Pipelines,Python Fundamentals,System Design
INT_1592,Data Science,Statistics,2.71,0,4.4,8.6,4.9,2.0,3.9,9.1,Hands-on Projects,Evening,High,Mixed,3,"Machine Learning Basics, NLP & Text Analytics, A/B Testing & Experimentation",69.0,0.72,6.3,Medium,4.0,103,Data Visualization,Data Visualization,Deep Learning,SQL & Databases
INT_1593,Frontend Dev,Business Analytics,4.0,0,4.6,5.9,4.6,6.5,3.4,10.0,Video,No Preference,Low,Desktop,8,"Python Fundamentals, Data Visualization, Docker & Kubernetes, Frontend Basics (React), Data Wrangling & Pandas, Git & Version Control, APIs & Microservices, Time Series Analysis",67.9,0.97,7.3,Low,3.8,111,SQL & Databases,A/B Testing & Experimentation,Statistics & Probability,Reinforcement Learning
INT_1594,Product Management,Mathematics,3.37,2,9.0,3.7,0.6,9.4,0.6,8.2,Reading,Afternoon,High,Laptop,4,"Python Fundamentals, Cybersecurity Essentials, Statistics & Probability, Business Intelligence & BI Tools",53.4,0.83,6.0,Low,3.5,125,SQL & Databases,A/B Testing & Experimentation,Data Visualization,SQL & Databases
INT_1595,Frontend Dev,Business Analytics,4.0,3,6.3,6.8,7.5,3.8,1.9,10.7,Video,No Preference,High,Tablet,1,Git & Version Control,77.2,0.56,6.3,Medium,4.2,30,Python Fundamentals,Frontend Basics (React),Python Fundamentals,APIs & Microservices
INT_1596,Cloud Infrastructure,Information Systems,2.84,1,3.7,7.8,1.2,5.2,1.1,5.8,Mixed,Morning,Low,Laptop,6,"Docker & Kubernetes, Cybersecurity Essentials, System Design, MLOps Pipelines, Git & Version Control, APIs & Microservices",51.1,0.91,5.8,Low,5.0,137,Python Fundamentals,Python Fundamentals,Cloud Computing (AWS),SQL & Databases
INT_1597,Data Engineering,Information Systems,3.5,2,4.9,5.3,4.6,6.1,4.2,9.5,Peer-learning,Night Owl,Low,Mixed,8,"Data Visualization, Cloud Computing (AWS), Docker & Kubernetes, Cybersecurity Essentials, System Design, Statistics & Probability, NLP & Text Analytics, Time Series Analysis",83.8,0.87,7.4,Low,3.9,55,Python Fundamentals,Data Wrangling & Pandas,APIs & Microservices,Python Fundamentals
INT_1598,Data Engineering,Electrical Engineering,3.86,1,8.5,5.0,1.9,6.9,4.5,7.4,Hands-on Projects,Evening,Low,Tablet,7,"Data Visualization, Cloud Computing (AWS), Docker & Kubernetes, Statistics & Probability, Data Wrangling & Pandas, Git & Version Control, Business Intelligence & BI Tools",73.4,0.94,7.0,Low,5.0,153,Python Fundamentals,Time Series Analysis,MLOps Pipelines,APIs & Microservices
INT_1599,Cybersecurity,Business Analytics,3.53,1,4.5,7.2,2.1,3.5,0.4,6.9,Hands-on Projects,Morning,Medium,Mixed,2,"Python Fundamentals, Git & Version Control",59.6,0.42,4.6,High,3.3,76,SQL & Databases,System Design,APIs & Microservices,SQL & Databases
INT_1600,Data Engineering,Computer Science,3.09,0,6.7,3.8,6.6,7.8,3.1,5.8,Hands-on Projects,No Preference,High,Laptop,2,"Data Visualization, Data Wrangling & Pandas",64.6,0.89,6.2,Low,3.6,117,Python Fundamentals,SQL & Databases,Business Intelligence & BI Tools,Python Fundamentals
INT_1601,Product Management,Bioinformatics,3.49,0,5.7,5.5,9.3,5.6,3.9,4.9,Video,Afternoon,High,Tablet,8,"SQL & Databases, Deep Learning, Data Visualization, Docker & Kubernetes, System Design, Statistics & Probability, Git & Version Control, Business Intelligence & BI Tools",62.3,0.75,5.5,Medium,5.0,135,A/B Testing & Experimentation,A/B Testing & Experimentation,NLP & Text Analytics,Frontend Basics (React)
INT_1602,Backend Dev,Cognitive Science,2.68,0,5.9,3.9,4.3,4.8,3.0,3.7,Video,Afternoon,Low,Tablet,4,"SQL & Databases, Docker & Kubernetes, System Design, Git & Version Control",64.1,0.67,5.1,Medium,4.7,173,Python Fundamentals,Data Wrangling & Pandas,Python Fundamentals,APIs & Microservices
INT_1603,Data Science,Business Analytics,3.52,0,9.2,8.8,4.6,3.0,6.8,7.5,Peer-learning,Morning,Medium,Mixed,2,"Data Visualization, Data Wrangling & Pandas",57.7,0.25,4.0,High,3.8,115,Deep Learning,Deep Learning,Machine Learning Basics,Business Intelligence & BI Tools
INT_1604,Product Management,Electrical Engineering,2.99,2,1.1,4.2,5.8,3.2,2.7,11.0,Peer-learning,Evening,Medium,Tablet,5,"SQL & Databases, Data Visualization, Cloud Computing (AWS), A/B Testing & Experimentation, Data Wrangling & Pandas",66.4,0.79,6.7,Low,5.0,115,Statistics & Probability,Business Intelligence & BI Tools,Statistics & Probability,Time Series Analysis
INT_1605,Cloud Infrastructure,Cognitive Science,3.59,2,4.6,6.0,4.0,1.4,1.2,12.6,Reading,Evening,High,Tablet,0,,62.5,0.65,6.4,Medium,4.1,73,Python Fundamentals,Python Fundamentals,Git & Version Control,System Design
INT_1606,Backend Dev,Economics,3.56,1,3.4,5.0,4.1,6.5,4.0,11.2,Hands-on Projects,Afternoon,Medium,Mixed,7,"Python Fundamentals, SQL & Databases, Cloud Computing (AWS), System Design, Frontend Basics (React), Data Wrangling & Pandas, Git & Version Control",62.6,0.66,6.2,Medium,4.3,28,Docker & Kubernetes,Docker & Kubernetes,APIs & Microservices,Time Series Analysis
INT_1607,Software Engineering,Information Systems,4.0,1,9.9,7.6,8.2,5.9,4.1,6.4,Video,Afternoon,Low,Laptop,6,"Python Fundamentals, Cloud Computing (AWS), System Design, Statistics & Probability, Data Wrangling & Pandas, Git & Version Control",69.0,0.82,6.2,Low,4.1,164,SQL & Databases,Docker & Kubernetes,SQL & Databases,APIs & Microservices
INT_1608,ML Engineering,Mathematics,3.42,0,9.1,6.2,4.3,5.6,6.1,5.2,Mixed,No Preference,Low,Desktop,7,"Python Fundamentals, Docker & Kubernetes, System Design, Statistics & Probability, NLP & Text Analytics, Git & Version Control, Business Intelligence & BI Tools",53.0,0.88,5.7,Low,3.4,172,SQL & Databases,Machine Learning Basics,Reinforcement Learning,MLOps Pipelines
INT_1609,DevOps,Cognitive Science,3.38,2,5.3,6.4,3.7,3.2,3.7,8.0,Mixed,No Preference,Medium,Laptop,8,"Python Fundamentals, SQL & Databases, Machine Learning Basics, Deep Learning, Cloud Computing (AWS), Cybersecurity Essentials, Git & Version Control, APIs & Microservices",54.5,0.83,6.0,Low,3.3,59,Docker & Kubernetes,System Design,Docker & Kubernetes,MLOps Pipelines
INT_1610,Backend Dev,Economics,2.66,0,4.7,3.2,3.8,6.1,6.4,9.1,Peer-learning,Evening,High,Mixed,1,Git & Version Control,52.5,0.75,5.8,Medium,4.0,178,Python Fundamentals,System Design,Data Wrangling & Pandas,Cloud Computing (AWS)
INT_1611,Data Science,Electrical Engineering,3.24,0,6.4,6.4,1.7,7.5,5.8,6.8,Hands-on Projects,Morning,Low,Mixed,1,Deep Learning,78.5,0.47,5.4,Medium,3.8,28,Data Visualization,Data Visualization,Machine Learning Basics,Data Wrangling & Pandas
INT_1612,Cybersecurity,Electrical Engineering,3.37,1,6.5,6.0,4.0,3.9,6.6,5.6,Peer-learning,Morning,High,Mixed,1,Cloud Computing (AWS),77.6,0.56,5.5,Medium,4.6,45,Python Fundamentals,System Design,Docker & Kubernetes,APIs & Microservices
INT_1613,Software Engineering,Mathematics,3.89,0,4.1,7.3,2.8,2.5,2.7,9.6,Hands-on Projects,Morning,Medium,Tablet,5,"Python Fundamentals, System Design, Git & Version Control, APIs & Microservices, Reinforcement Learning",74.6,0.92,7.3,Low,4.1,91,SQL & Databases,Frontend Basics (React),Data Wrangling & Pandas,SQL & Databases
INT_1614,ML Engineering,Cognitive Science,3.27,2,6.1,4.8,0.7,0.0,4.0,10.7,Hands-on Projects,Evening,High,Laptop,1,SQL & Databases,65.9,0.85,6.9,Low,4.1,171,Python Fundamentals,System Design,Python Fundamentals,A/B Testing & Experimentation
INT_1615,Cloud Infrastructure,Electrical Engineering,3.16,0,9.0,3.4,4.9,2.3,2.9,8.2,Hands-on Projects,Evening,Low,Laptop,8,"Python Fundamentals, SQL & Databases, Data Visualization, Docker & Kubernetes, MLOps Pipelines, Git & Version Control, APIs & Microservices, Time Series Analysis",93.9,0.9,7.7,Low,4.5,124,Cloud Computing (AWS),Cloud Computing (AWS),Cybersecurity Essentials,System Design
INT_1616,DevOps,Cognitive Science,2.3,1,5.0,6.5,2.3,5.7,2.7,10.0,Reading,Night Owl,High,Laptop,4,"Python Fundamentals, Docker & Kubernetes, Frontend Basics (React), APIs & Microservices",80.8,0.8,7.1,Low,5.0,142,SQL & Databases,MLOps Pipelines,System Design,Git & Version Control
INT_1617,Backend Dev,Bioinformatics,3.47,2,6.3,10.0,3.2,2.4,3.0,6.1,Hands-on Projects,Afternoon,Low,Tablet,5,"Python Fundamentals, SQL & Databases, Docker & Kubernetes, System Design, Git & Version Control",69.3,0.24,4.2,High,4.4,174,Cloud Computing (AWS),APIs & Microservices,Data Wrangling & Pandas,Cloud Computing (AWS)
INT_1618,Data Engineering,Bioinformatics,4.0,1,6.2,5.7,3.7,2.2,0.4,8.5,Mixed,No Preference,Medium,Laptop,0,,64.5,0.42,5.0,Medium,4.2,104,Python Fundamentals,Statistics & Probability,Time Series Analysis,System Design
INT_1619,Data Engineering,Bioinformatics,3.55,1,6.0,3.9,4.6,6.5,5.1,8.9,Mixed,Morning,High,Tablet,4,"Python Fundamentals, Docker & Kubernetes, MLOps Pipelines, APIs & Microservices",62.1,0.83,6.4,Low,4.3,128,SQL & Databases,Cloud Computing (AWS),System Design,Data Wrangling & Pandas
INT_1620,Data Science,Cognitive Science,3.02,1,6.0,8.3,1.3,5.1,3.0,10.3,Hands-on Projects,Evening,Low,Desktop,2,"Machine Learning Basics, A/B Testing & Experimentation",52.9,0.65,5.7,Medium,3.7,174,Data Visualization,Data Visualization,Deep Learning,NLP & Text Analytics
INT_1621,ML Engineering,Mathematics,3.34,3,6.6,6.7,2.1,1.4,0.0,3.9,Mixed,Morning,Medium,Desktop,1,Deep Learning,83.3,0.73,6.1,Medium,5.0,159,Python Fundamentals,Data Wrangling & Pandas,System Design,Python Fundamentals
INT_1622,Backend Dev,Cognitive Science,2.95,0,6.1,4.8,6.1,0.0,5.6,5.0,Mixed,Night Owl,Medium,Desktop,2,"Python Fundamentals, Cloud Computing (AWS)",70.3,0.66,5.5,Medium,3.6,81,SQL & Databases,Docker & Kubernetes,SQL & Databases,Git & Version Control
INT_1623,Backend Dev,Electrical Engineering,4.0,1,5.5,7.7,8.1,2.5,3.1,12.3,Reading,Evening,High,Mixed,8,"Python Fundamentals, SQL & Databases, Cloud Computing (AWS), Docker & Kubernetes, System Design, Statistics & Probability, Data Wrangling & Pandas, APIs & Microservices",72.9,0.57,6.4,Medium,4.0,134,Git & Version Control,Git & Version Control,Frontend Basics (React),Data Visualization
INT_1624,Software Engineering,Bioinformatics,2.45,0,10.0,4.4,0.7,6.6,4.1,3.2,Peer-learning,Afternoon,High,Tablet,7,"Python Fundamentals, SQL & Databases, Cloud Computing (AWS), Docker & Kubernetes, System Design, Frontend Basics (React), Git & Version Control",88.1,0.8,6.4,Low,5.0,69,Data Wrangling & Pandas,Data Wrangling & Pandas,APIs & Microservices,NLP & Text Analytics
INT_1625,Data Science,Economics,3.05,0,5.5,7.1,8.5,3.6,5.7,8.7,Mixed,Night Owl,High,Tablet,3,"Machine Learning Basics, Deep Learning, Docker & Kubernetes",65.2,0.47,5.2,Medium,3.1,37,Data Visualization,Data Visualization,Data Wrangling & Pandas,A/B Testing & Experimentation
INT_1626,DevOps,Electrical Engineering,2.54,2,6.1,4.2,6.7,5.4,6.9,9.6,Peer-learning,Morning,High,Desktop,1,MLOps Pipelines,67.1,0.88,6.9,Low,4.7,15,Python Fundamentals,Git & Version Control,System Design,Python Fundamentals
INT_1627,Cybersecurity,Physics,3.46,0,3.3,3.8,3.2,6.4,0.2,9.1,Video,Morning,Low,Desktop,5,"Python Fundamentals, SQL & Databases, Cloud Computing (AWS), Docker & Kubernetes, System Design",72.8,0.97,7.3,Low,3.1,145,Cybersecurity Essentials,APIs & Microservices,Git & Version Control,Cybersecurity Essentials
INT_1628,Cybersecurity,Economics,3.11,0,5.0,6.3,8.5,1.6,1.7,9.0,Mixed,Morning,Low,Mixed,5,"Python Fundamentals, SQL & Databases, Docker & Kubernetes, Cybersecurity Essentials, System Design",72.6,0.7,6.3,Medium,4.7,44,Cloud Computing (AWS),Git & Version Control,APIs & Microservices,Cloud Computing (AWS)
INT_1629,Software Engineering,Computer Science,3.69,1,7.2,5.3,6.9,3.6,4.5,11.7,Peer-learning,No Preference,Low,Laptop,1,System Design,54.5,0.61,5.8,Medium,4.8,133,Python Fundamentals,Cloud Computing (AWS),Docker & Kubernetes,SQL & Databases
INT_1630,Backend Dev,Electrical Engineering,3.0,0,4.6,8.4,3.3,3.1,5.1,8.5,Hands-on Projects,Morning,Medium,Desktop,6,"Python Fundamentals, SQL & Databases, Deep Learning, System Design, Git & Version Control, APIs & Microservices",79.1,0.74,6.6,Medium,2.7,49,Cloud Computing (AWS),Docker & Kubernetes,Cloud Computing (AWS),Data Wrangling & Pandas
INT_1631,ML Engineering,Economics,3.46,0,7.2,7.8,2.0,10.0,4.1,9.5,Hands-on Projects,Afternoon,High,Laptop,8,"Python Fundamentals, SQL & Databases, Docker & Kubernetes, Statistics & Probability, NLP & Text Analytics, A/B Testing & Experimentation, Git & Version Control, Reinforcement Learning",66.2,0.62,5.9,Medium,4.9,96,Machine Learning Basics,Cloud Computing (AWS),System Design,Data Wrangling & Pandas
INT_1632,Cybersecurity,Physics,3.38,0,6.2,5.5,4.8,4.8,2.3,7.6,Video,Evening,Medium,Laptop,5,"Python Fundamentals, Docker & Kubernetes, Cybersecurity Essentials, Git & Version Control, Business Intelligence & BI Tools",70.3,0.7,6.1,Medium,4.3,140,SQL & Databases,System Design,APIs & Microservices,SQL & Databases
INT_1633,Cybersecurity,Economics,3.04,2,8.1,1.1,4.7,4.3,5.4,10.4,Reading,No Preference,Low,Mixed,6,"Python Fundamentals, SQL & Databases, Cloud Computing (AWS), Docker & Kubernetes, Cybersecurity Essentials, APIs & Microservices",72.6,0.41,5.5,Medium,3.2,132,System Design,Git & Version Control,System Design,Business Intelligence & BI Tools
INT_1634,Data Engineering,Statistics,3.94,0,5.6,10.0,6.0,2.3,5.2,9.4,Peer-learning,No Preference,Medium,Tablet,2,"Data Visualization, NLP & Text Analytics",49.5,0.86,6.2,Low,5.0,66,Python Fundamentals,System Design,Git & Version Control,APIs & Microservices
INT_1635,Cloud Infrastructure,Electrical Engineering,3.18,1,7.1,6.9,2.5,9.3,2.8,7.0,Mixed,Morning,Medium,Laptop,7,"Python Fundamentals, Cloud Computing (AWS), Docker & Kubernetes, MLOps Pipelines, Git & Version Control, APIs & Microservices, Reinforcement Learning",57.0,0.79,5.8,Medium,5.0,84,SQL & Databases,System Design,Cybersecurity Essentials,SQL & Databases
INT_1636,ML Engineering,Statistics,3.12,0,2.8,3.5,3.0,3.3,2.9,8.7,Video,Night Owl,Low,Laptop,2,"Statistics & Probability, MLOps Pipelines",61.4,0.96,6.8,Low,3.8,74,Python Fundamentals,NLP & Text Analytics,A/B Testing & Experimentation,Deep Learning
INT_1637,DevOps,Electrical Engineering,3.01,1,9.1,4.2,4.0,0.0,2.8,7.2,Reading,Night Owl,Low,Tablet,3,"SQL & Databases, Cloud Computing (AWS), APIs & Microservices",76.7,0.77,6.5,Low,5.0,137,Python Fundamentals,Cybersecurity Essentials,Docker & Kubernetes,Python Fundamentals
INT_1638,Data Engineering,Business Analytics,3.19,0,6.7,5.8,5.8,2.9,2.1,7.3,Hands-on Projects,No Preference,High,Mixed,4,"Data Visualization, System Design, MLOps Pipelines, APIs & Microservices",53.3,0.78,5.7,Medium,4.2,48,Python Fundamentals,Time Series Analysis,Business Intelligence & BI Tools,Statistics & Probability
INT_1639,Cloud Infrastructure,Economics,3.38,1,10.0,6.5,2.7,0.6,5.6,10.6,Reading,Afternoon,High,Tablet,8,"SQL & Databases, Machine Learning Basics, Cybersecurity Essentials, System Design, MLOps Pipelines, Data Wrangling & Pandas, APIs & Microservices, Time Series Analysis",71.3,0.81,6.9,Low,3.9,103,Python Fundamentals,Docker & Kubernetes,Cloud Computing (AWS),Git & Version Control
INT_1640,Frontend Dev,Mathematics,3.56,2,9.2,4.8,2.8,4.9,3.0,6.6,Reading,No Preference,Medium,Mixed,5,"Cybersecurity Essentials, Frontend Basics (React), Git & Version Control, APIs & Microservices, Time Series Analysis",51.9,0.95,6.1,Low,4.1,164,Python Fundamentals,Data Visualization,Python Fundamentals,Deep Learning
INT_1641,ML Engineering,Information Systems,3.13,0,2.7,6.2,7.4,8.3,0.3,8.4,Mixed,Afternoon,Low,Mixed,7,"SQL & Databases, Deep Learning, Docker & Kubernetes, Statistics & Probability, Git & Version Control, APIs & Microservices, Reinforcement Learning",78.2,0.62,6.2,Medium,5.0,109,Python Fundamentals,A/B Testing & Experimentation,System Design,Python Fundamentals
INT_1642,ML Engineering,Economics,3.49,0,5.9,8.0,3.6,3.7,4.0,7.2,Video,No Preference,Medium,Desktop,8,"Python Fundamentals, SQL & Databases, Deep Learning, Cloud Computing (AWS), NLP & Text Analytics, MLOps Pipelines, A/B Testing & Experimentation, Reinforcement Learning",58.4,0.88,6.2,Low,4.9,54,Machine Learning Basics,Git & Version Control,System Design,Data Wrangling & Pandas
INT_1643,Backend Dev,Electrical Engineering,2.93,1,4.5,5.7,3.4,3.1,4.5,11.3,Mixed,Evening,Medium,Mixed,4,"Python Fundamentals, System Design, Git & Version Control, Time Series Analysis",53.8,0.97,7.0,Low,5.0,175,SQL & Databases,APIs & Microservices,Cloud Computing (AWS),Docker & Kubernetes
INT_1644,DevOps,Mathematics,3.66,2,8.5,3.5,6.2,3.8,0.8,11.6,Reading,Night Owl,Medium,Laptop,7,"SQL & Databases, Cloud Computing (AWS), Cybersecurity Essentials, System Design, NLP & Text Analytics, MLOps Pipelines, Git & Version Control",72.0,0.44,5.8,Medium,4.1,118,Python Fundamentals,Python Fundamentals,APIs & Microservices,Docker & Kubernetes
INT_1645,Backend Dev,Statistics,3.1,0,5.2,3.8,3.6,7.9,1.1,3.2,Video,Night Owl,Low,Desktop,7,"Python Fundamentals, SQL & Databases, Cloud Computing (AWS), Docker & Kubernetes, Statistics & Probability, APIs & Microservices, Business Intelligence & BI Tools",56.8,0.89,5.6,Low,2.6,145,System Design,Git & Version Control,System Design,Data Wrangling & Pandas
INT_1646,ML Engineering,Cognitive Science,3.55,2,7.0,6.3,5.6,5.9,1.1,7.4,Hands-on Projects,Evening,High,Desktop,8,"Cloud Computing (AWS), Docker & Kubernetes, Statistics & Probability, MLOps Pipelines, A/B Testing & Experimentation, Data Wrangling & Pandas, Git & Version Control, Time Series Analysis",59.4,0.69,5.6,Medium,5.0,65,Python Fundamentals,SQL & Databases,Reinforcement Learning,NLP & Text Analytics
INT_1647,Data Engineering,Mathematics,3.7,3,8.8,5.4,5.9,7.8,2.3,7.9,Reading,Morning,High,Mixed,8,"Python Fundamentals, Data Visualization, Cloud Computing (AWS), Docker & Kubernetes, Statistics & Probability, MLOps Pipelines, Data Wrangling & Pandas, Reinforcement Learning",38.9,0.86,5.6,Low,4.3,123,SQL & Databases,Time Series Analysis,Business Intelligence & BI Tools,SQL & Databases
INT_1648,Data Science,Computer Science,3.85,0,9.1,8.8,8.4,5.6,4.8,6.1,Video,No Preference,Medium,Tablet,8,"Machine Learning Basics, Deep Learning, Data Visualization, NLP & Text Analytics, A/B Testing & Experimentation, Data Wrangling & Pandas, Time Series Analysis, Business Intelligence & BI Tools",73.8,0.67,5.8,Medium,3.3,125,SQL & Databases,SQL & Databases,Statistics & Probability,Reinforcement Learning
INT_1649,Frontend Dev,Business Analytics,3.73,0,5.7,6.3,2.2,1.0,6.9,8.0,Peer-learning,Night Owl,Low,Tablet,3,"Python Fundamentals, Frontend Basics (React), Git & Version Control",76.0,0.79,6.6,Low,3.7,88,Data Visualization,APIs & Microservices,Data Visualization,Data Wrangling & Pandas
INT_1650,ML Engineering,Mathematics,3.13,1,7.2,5.4,3.7,2.1,5.8,9.6,Reading,Afternoon,Low,Laptop,6,"SQL & Databases, Machine Learning Basics, Docker & Kubernetes, System Design, NLP & Text Analytics, Git & Version Control",54.8,0.78,6.1,Medium,3.4,33,Python Fundamentals,A/B Testing & Experimentation,Statistics & Probability,Cloud Computing (AWS)
INT_1651,DevOps,Computer Science,3.33,2,9.8,2.5,4.3,4.9,2.2,6.1,Peer-learning,No Preference,High,Mixed,1,Cloud Computing (AWS),45.9,0.6,4.6,Medium,4.6,175,Python Fundamentals,MLOps Pipelines,SQL & Databases,Cybersecurity Essentials
INT_1652,Data Science,Bioinformatics,3.7,1,10.0,10.0,8.3,1.2,4.0,6.1,Hands-on Projects,No Preference,Low,Mixed,3,"Machine Learning Basics, Data Visualization, NLP & Text Analytics",85.3,0.56,5.9,Medium,3.2,77,Deep Learning,Deep Learning,SQL & Databases,Business Intelligence & BI Tools
INT_1653,ML Engineering,Economics,3.92,3,5.8,3.2,0.0,7.7,3.7,12.5,Reading,Afternoon,Low,Mixed,3,"Docker & Kubernetes, System Design, Reinforcement Learning",70.5,0.66,6.7,Medium,5.0,123,Python Fundamentals,Data Wrangling & Pandas,Git & Version Control,Python Fundamentals
INT_1654,Data Science,Cognitive Science,3.49,1,6.5,6.4,1.3,3.7,4.8,11.0,Reading,Night Owl,High,Mixed,7,"Machine Learning Basics, Deep Learning, Data Visualization, Statistics & Probability, NLP & Text Analytics, A/B Testing & Experimentation, Time Series Analysis",48.4,0.74,5.9,Medium,5.0,34,SQL & Databases,Data Wrangling & Pandas,SQL & Databases,Business Intelligence & BI Tools
INT_1655,Software Engineering,Economics,3.0,1,3.6,4.8,8.4,2.4,3.7,10.5,Hands-on Projects,Afternoon,Medium,Laptop,7,"Deep Learning, Cloud Computing (AWS), Docker & Kubernetes, System Design, Data Wrangling & Pandas, Git & Version Control, APIs & Microservices",30.0,0.63,4.8,Medium,4.5,62,Python Fundamentals,Frontend Basics (React),Python Fundamentals,SQL & Databases
INT_1656,Product Management,Economics,3.77,0,6.7,4.0,4.1,8.9,3.7,9.5,Reading,Night Owl,High,Tablet,2,"SQL & Databases, Data Visualization",92.7,0.88,7.7,Low,3.9,65,Statistics & Probability,Business Intelligence & BI Tools,A/B Testing & Experimentation,Statistics & Probability
INT_1657,Cloud Infrastructure,Statistics,2.88,1,4.3,4.8,1.5,6.1,4.2,6.0,Video,Night Owl,Medium,Laptop,2,"Cybersecurity Essentials, Git & Version Control",79.1,0.64,5.9,Medium,4.0,91,Python Fundamentals,MLOps Pipelines,System Design,APIs & Microservices
INT_1658,Data Science,Computer Science,3.12,2,8.8,5.5,3.7,1.6,1.7,5.1,Mixed,No Preference,Medium,Desktop,6,"Python Fundamentals, Machine Learning Basics, Data Visualization, System Design, NLP & Text Analytics, A/B Testing & Experimentation",83.7,0.8,6.5,Low,4.4,133,Deep Learning,Deep Learning,Statistics & Probability,Time Series Analysis
INT_1659,DevOps,Business Analytics,3.3,2,6.5,2.6,7.2,3.1,3.1,10.1,Video,No Preference,High,Mixed,2,"SQL & Databases, Cloud Computing (AWS)",67.5,0.76,6.5,Low,3.6,31,Python Fundamentals,APIs & Microservices,Python Fundamentals,Git & Version Control
INT_1660,Cybersecurity,Information Systems,3.09,1,7.2,6.3,3.3,3.6,1.2,7.4,Mixed,Evening,Low,Tablet,3,"Cloud Computing (AWS), Docker & Kubernetes, APIs & Microservices",72.9,0.95,7.0,Low,3.7,158,Python Fundamentals,Python Fundamentals,Git & Version Control,System Design
INT_1661,Cybersecurity,Mathematics,3.7,1,8.1,8.7,3.0,8.7,3.7,17.2,Peer-learning,Afternoon,Medium,Laptop,8,"SQL & Databases, Docker & Kubernetes, Cybersecurity Essentials, System Design, A/B Testing & Experimentation, Data Wrangling & Pandas, Git & Version Control, APIs & Microservices",53.5,0.77,7.1,Low,4.2,33,Python Fundamentals,Cloud Computing (AWS),Python Fundamentals,Business Intelligence & BI Tools
INT_1662,ML Engineering,Information Systems,3.1,0,1.7,1.7,6.2,0.0,4.4,10.8,Mixed,Morning,High,Laptop,7,"Machine Learning Basics, Docker & Kubernetes, Statistics & Probability, NLP & Text Analytics, MLOps Pipelines, Git & Version Control, Reinforcement Learning",89.1,0.84,7.7,Low,4.0,124,Python Fundamentals,SQL & Databases,Cloud Computing (AWS),System Design
INT_1663,Cloud Infrastructure,Computer Science,3.69,2,7.5,7.6,6.9,6.7,2.8,9.2,Mixed,No Preference,Low,Tablet,3,"Cybersecurity Essentials, MLOps Pipelines, Git & Version Control",82.0,0.7,6.7,Medium,5.0,20,Python Fundamentals,SQL & Databases,System Design,Python Fundamentals
INT_1664,Cybersecurity,Mathematics,2.75,0,10.0,9.0,10.0,1.3,4.0,4.7,Hands-on Projects,Afternoon,Medium,Tablet,2,"Frontend Basics (React), APIs & Microservices",62.6,0.46,4.5,Medium,4.5,177,Python Fundamentals,Docker & Kubernetes,Cybersecurity Essentials,Cloud Computing (AWS)
INT_1665,ML Engineering,Bioinformatics,3.54,1,8.5,6.0,5.6,8.7,3.7,5.1,Hands-on Projects,Morning,Low,Tablet,4,"Python Fundamentals, Statistics & Probability, MLOps Pipelines, Reinforcement Learning",82.5,0.86,6.7,Low,3.2,136,SQL & Databases,SQL & Databases,A/B Testing & Experimentation,Docker & Kubernetes
INT_1666,DevOps,Information Systems,3.0,1,5.1,5.8,6.1,1.6,3.4,11.5,Peer-learning,Morning,High,Desktop,2,"Cybersecurity Essentials, A/B Testing & Experimentation",98.6,0.7,7.6,Low,4.7,15,Python Fundamentals,Git & Version Control,Python Fundamentals,APIs & Microservices
INT_1667,Frontend Dev,Statistics,2.9,1,4.6,5.4,4.7,3.8,3.0,9.0,Hands-on Projects,Evening,High,Desktop,7,"Python Fundamentals, SQL & Databases, Machine Learning Basics, Cloud Computing (AWS), System Design, Frontend Basics (React), APIs & Microservices",59.7,0.93,6.7,Low,4.3,124,Data Visualization,Data Visualization,Git & Version Control,Time Series Analysis
INT_1668,Cloud Infrastructure,Electrical Engineering,2.63,0,2.9,4.7,3.3,9.3,6.8,2.2,Reading,No Preference,Low,Laptop,6,"Python Fundamentals, SQL & Databases, Cybersecurity Essentials, System Design, Git & Version Control, APIs & Microservices",67.3,0.83,5.6,Medium,4.5,99,Cloud Computing (AWS),Cloud Computing (AWS),Docker & Kubernetes,MLOps Pipelines
INT_1669,Backend Dev,Mathematics,2.93,2,7.4,5.7,6.6,2.7,2.4,7.3,Mixed,Morning,Low,Mixed,0,,82.0,0.65,6.2,Medium,4.9,149,Python Fundamentals,SQL & Databases,Python Fundamentals,Data Wrangling & Pandas
INT_1670,Cloud Infrastructure,Computer Science,3.22,3,10.0,3.5,2.5,8.8,4.4,7.1,Hands-on Projects,Night Owl,Low,Tablet,1,Docker & Kubernetes,78.2,0.89,6.9,Low,4.4,103,Python Fundamentals,Cybersecurity Essentials,Cloud Computing (AWS),SQL & Databases
INT_1671,DevOps,Mathematics,3.49,1,4.4,5.9,8.7,1.2,0.5,7.8,Peer-learning,Afternoon,Medium,Mixed,2,"Python Fundamentals, SQL & Databases",67.0,0.42,5.0,Medium,3.2,63,Cloud Computing (AWS),System Design,APIs & Microservices,Git & Version Control
INT_1672,Data Science,Information Systems,3.52,2,2.0,3.6,4.8,4.3,4.6,10.7,Hands-on Projects,Morning,Low,Desktop,6,"SQL & Databases, Deep Learning, Data Visualization, NLP & Text Analytics, A/B Testing & Experimentation, Business Intelligence & BI Tools",71.1,0.86,7.1,Low,4.2,35,Machine Learning Basics,Machine Learning Basics,Time Series Analysis,Statistics & Probability
INT_1673,Frontend Dev,Cognitive Science,3.77,2,4.7,7.0,6.1,4.4,5.5,3.1,Reading,Afternoon,Low,Desktop,3,"Python Fundamentals, Frontend Basics (React), APIs & Microservices",70.6,0.77,5.6,Medium,3.1,77,Data Visualization,Git & Version Control,Data Visualization,Cybersecurity Essentials
INT_1674,DevOps,Electrical Engineering,3.72,0,4.0,4.1,3.4,2.0,4.4,9.2,Peer-learning,No Preference,High,Tablet,6,"Python Fundamentals, Cloud Computing (AWS), Docker & Kubernetes, Cybersecurity Essentials, System Design, APIs & Microservices",86.6,0.97,7.8,Low,3.1,28,SQL & Databases,Git & Version Control,SQL & Databases,MLOps Pipelines
INT_1675,DevOps,Economics,3.04,0,10.0,5.3,3.9,2.5,5.2,10.5,Video,Night Owl,High,Tablet,1,Git & Version Control,76.9,0.81,7.1,Low,4.5,16,Python Fundamentals,Docker & Kubernetes,Cybersecurity Essentials,Cloud Computing (AWS)
INT_1676,Data Science,Bioinformatics,3.47,2,5.5,3.8,7.1,5.1,3.1,10.5,Peer-learning,Afternoon,Medium,Laptop,1,Data Visualization,66.3,0.72,6.4,Medium,2.2,23,Deep Learning,Deep Learning,Machine Learning Basics,Data Wrangling & Pandas
INT_1677,Data Science,Statistics,2.96,3,5.8,7.7,1.3,1.4,0.1,8.2,Video,Afternoon,Medium,Desktop,5,"Machine Learning Basics, Deep Learning, NLP & Text Analytics, A/B Testing & Experimentation, Time Series Analysis",85.7,0.44,5.8,Medium,3.1,170,Data Visualization,Data Visualization,Data Wrangling & Pandas,Statistics & Probability
INT_1678,ML Engineering,Mathematics,2.81,0,8.5,5.1,7.2,1.4,3.9,5.5,Peer-learning,No Preference,High,Desktop,0,,39.8,0.4,3.6,High,4.8,102,Python Fundamentals,A/B Testing & Experimentation,Statistics & Probability,Cloud Computing (AWS)
INT_1679,Software Engineering,Information Systems,3.2,2,3.5,7.5,3.0,7.5,4.4,9.0,Mixed,Night Owl,Medium,Laptop,0,,58.2,0.79,6.2,Low,4.2,46,Python Fundamentals,Cloud Computing (AWS),Docker & Kubernetes,Python Fundamentals
INT_1680,Frontend Dev,Business Analytics,3.18,0,5.3,7.7,7.4,2.2,3.4,3.9,Reading,Afternoon,High,Mixed,5,"Machine Learning Basics, Deep Learning, Frontend Basics (React), Git & Version Control, Reinforcement Learning",71.6,0.59,5.2,Medium,4.3,92,Python Fundamentals,APIs & Microservices,Python Fundamentals,Data Visualization
INT_1681,Product Management,Physics,3.24,1,10.0,5.7,7.4,5.2,1.0,14.1,Hands-on Projects,Evening,Medium,Tablet,8,"Python Fundamentals, Data Visualization, Docker & Kubernetes, Statistics & Probability, NLP & Text Analytics, A/B Testing & Experimentation, Time Series Analysis, Business Intelligence & BI Tools",61.6,0.79,7.0,Low,4.7,170,SQL & Databases,SQL & Databases,Machine Learning Basics,Reinforcement Learning
INT_1682,Cybersecurity,Statistics,3.09,0,8.4,4.8,4.5,6.7,6.0,13.9,Video,Night Owl,High,Laptop,6,"Python Fundamentals, SQL & Databases, Data Visualization, Docker & Kubernetes, Cybersecurity Essentials, APIs & Microservices",65.1,0.73,6.9,Low,4.4,107,Cloud Computing (AWS),Cloud Computing (AWS),System Design,Git & Version Control
INT_1683,Frontend Dev,Physics,2.42,3,4.1,8.1,6.7,3.2,1.2,7.2,Reading,Night Owl,Low,Desktop,7,"Python Fundamentals, Data Visualization, Docker & Kubernetes, Cybersecurity Essentials, Git & Version Control, APIs & Microservices, Reinforcement Learning",69.5,0.93,6.8,Low,4.8,93,Frontend Basics (React),Frontend Basics (React),Business Intelligence & BI Tools,SQL & Databases
INT_1684,Product Management,Statistics,2.47,2,6.8,3.5,2.5,10.0,2.6,6.2,Reading,Night Owl,Low,Desktop,8,"Machine Learning Basics, Data Visualization, Docker & Kubernetes, Statistics & Probability, A/B Testing & Experimentation, Data Wrangling & Pandas, Reinforcement Learning, Business Intelligence & BI Tools",66.5,0.44,4.8,Medium,3.0,108,SQL & Databases,SQL & Databases,Python Fundamentals,System Design
INT_1685,Frontend Dev,Mathematics,2.99,0,9.8,7.5,6.1,8.4,3.5,8.6,Peer-learning,Evening,Low,Laptop,8,"Python Fundamentals, Deep Learning, Data Visualization, Cloud Computing (AWS), Frontend Basics (React), Statistics & Probability, Git & Version Control, APIs & Microservices",74.7,0.89,7.0,Low,4.8,122,SQL & Databases,SQL & Databases,Business Intelligence & BI Tools,Docker & Kubernetes
INT_1686,Cloud Infrastructure,Mathematics,3.37,2,9.2,5.2,7.7,2.3,6.5,9.5,Reading,No Preference,High,Desktop,8,"Python Fundamentals, Cloud Computing (AWS), Docker & Kubernetes, Cybersecurity Essentials, Statistics & Probability, MLOps Pipelines, Git & Version Control, Business Intelligence & BI Tools",59.8,0.69,5.9,Medium,3.5,80,SQL & Databases,SQL & Databases,APIs & Microservices,System Design
INT_1687,ML Engineering,Physics,3.22,2,4.1,7.4,1.4,2.3,0.5,6.6,Peer-learning,Afternoon,Low,Desktop,3,"NLP & Text Analytics, MLOps Pipelines, A/B Testing & Experimentation",52.9,0.54,4.7,Medium,4.0,154,Python Fundamentals,Python Fundamentals,Git & Version Control,Data Wrangling & Pandas
INT_1688,Cybersecurity,Information Systems,3.62,0,8.6,8.9,3.9,0.0,2.9,9.9,Video,Morning,Low,Desktop,3,"SQL & Databases, Git & Version Control, Time Series Analysis",70.1,0.83,6.8,Low,4.8,179,Python Fundamentals,Docker & Kubernetes,Cybersecurity Essentials,Cloud Computing (AWS)
INT_1689,Frontend Dev,Cognitive Science,2.82,1,5.9,8.1,4.3,4.7,4.1,14.2,Peer-learning,Morning,Low,Mixed,5,"Python Fundamentals, Data Visualization, Frontend Basics (React), Git & Version Control, Reinforcement Learning",61.7,0.88,7.4,Low,3.4,102,APIs & Microservices,APIs & Microservices,Data Wrangling & Pandas,System Design
INT_1690,Cloud Infrastructure,Electrical Engineering,3.34,0,9.7,7.0,6.3,2.5,1.2,9.3,Mixed,Morning,Low,Desktop,6,"Docker & Kubernetes, System Design, MLOps Pipelines, APIs & Microservices, Time Series Analysis, Business Intelligence & BI Tools",83.8,0.54,6.2,Medium,5.0,104,Python Fundamentals,SQL & Databases,Cloud Computing (AWS),Python Fundamentals
INT_1691,Product Management,Computer Science,3.99,0,2.0,2.6,5.7,6.3,2.9,11.0,Reading,Morning,High,Desktop,4,"Machine Learning Basics, Data Visualization, MLOps Pipelines, Reinforcement Learning",34.0,0.78,5.6,Medium,3.9,41,SQL & Databases,Business Intelligence & BI Tools,SQL & Databases,A/B Testing & Experimentation
INT_1692,Frontend Dev,Business Analytics,3.11,3,2.9,7.8,4.4,1.5,1.7,9.5,Reading,Afternoon,Medium,Mixed,3,"Docker & Kubernetes, Frontend Basics (React), APIs & Microservices",59.4,0.88,6.6,Low,3.1,16,Python Fundamentals,Python Fundamentals,Data Visualization,Git & Version Control
INT_1693,Data Engineering,Bioinformatics,3.32,0,9.0,7.4,7.2,3.6,1.1,5.9,Hands-on Projects,Evening,Medium,Laptop,8,"Python Fundamentals, SQL & Databases, Docker & Kubernetes, MLOps Pipelines, Data Wrangling & Pandas, Git & Version Control, APIs & Microservices, Time Series Analysis",44.8,0.97,5.8,Low,3.9,48,Data Visualization,Business Intelligence & BI Tools,Statistics & Probability,Data Visualization
INT_1694,Data Science,Physics,3.57,0,4.6,8.9,5.4,6.1,0.8,3.1,Reading,Night Owl,High,Mixed,7,"SQL & Databases, Machine Learning Basics, Deep Learning, Data Visualization, Cybersecurity Essentials, A/B Testing & Experimentation, Business Intelligence & BI Tools",95.0,0.59,5.9,Medium,4.2,98,Statistics & Probability,NLP & Text Analytics,Data Wrangling & Pandas,Statistics & Probability
INT_1695,Data Engineering,Economics,3.49,1,6.5,8.6,3.6,4.0,1.3,8.6,Video,Night Owl,Low,Mixed,8,"Python Fundamentals, Data Visualization, Cloud Computing (AWS), Docker & Kubernetes, System Design, MLOps Pipelines, Data Wrangling & Pandas, Git & Version Control",63.7,0.71,6.0,Medium,5.0,58,SQL & Databases,APIs & Microservices,SQL & Databases,Business Intelligence & BI Tools
INT_1696,Data Engineering,Business Analytics,3.48,0,9.8,4.5,7.6,0.0,0.5,8.7,Hands-on Projects,Night Owl,Medium,Mixed,3,"MLOps Pipelines, Data Wrangling & Pandas, Business Intelligence & BI Tools",67.3,0.4,5.1,Medium,3.7,118,Python Fundamentals,Statistics & Probability,Time Series Analysis,SQL & Databases
INT_1697,Frontend Dev,Computer Science,2.58,2,7.7,7.9,3.5,3.6,4.4,9.4,Reading,Night Owl,Medium,Tablet,0,,72.6,0.89,7.1,Low,4.7,144,Python Fundamentals,Python Fundamentals,SQL & Databases,Frontend Basics (React)
INT_1698,ML Engineering,Mathematics,3.05,1,7.1,6.5,6.3,5.5,2.1,3.7,Mixed,Night Owl,Medium,Laptop,7,"Deep Learning, Data Visualization, Statistics & Probability, NLP & Text Analytics, MLOps Pipelines, Git & Version Control, Time Series Analysis",72.5,0.35,4.3,High,3.9,128,Python Fundamentals,Machine Learning Basics,Reinforcement Learning,A/B Testing & Experimentation
INT_1699,Cybersecurity,Bioinformatics,2.94,1,7.1,3.5,7.5,5.1,4.7,10.3,Hands-on Projects,Afternoon,High,Desktop,0,,50.9,0.32,4.4,High,5.0,125,Python Fundamentals,Cybersecurity Essentials,Docker & Kubernetes,Cloud Computing (AWS)
INT_1700,Data Science,Information Systems,3.67,0,7.7,5.5,5.8,2.6,1.0,9.1,Peer-learning,No Preference,High,Desktop,3,"Deep Learning, Data Visualization, NLP & Text Analytics",58.4,0.8,6.2,Low,4.7,50,Machine Learning Basics,Machine Learning Basics,Statistics & Probability,Time Series Analysis
INT_1701,ML Engineering,Physics,2.71,0,6.1,7.7,4.3,0.0,3.1,3.1,Video,No Preference,High,Mixed,0,,43.1,0.79,4.7,Medium,3.3,133,Python Fundamentals,Python Fundamentals,Data Wrangling & Pandas,System Design
INT_1702,Software Engineering,Cognitive Science,3.24,1,6.5,3.9,4.1,3.1,2.1,9.9,Peer-learning,No Preference,Medium,Mixed,4,"Python Fundamentals, Docker & Kubernetes, A/B Testing & Experimentation, APIs & Microservices",68.1,0.86,6.9,Low,4.7,40,SQL & Databases,System Design,Git & Version Control,Frontend Basics (React)
INT_1703,Product Management,Physics,2.72,0,4.4,7.9,8.8,2.1,6.2,8.6,Peer-learning,Night Owl,Low,Desktop,1,Data Visualization,54.0,0.89,6.3,Low,4.8,116,SQL & Databases,Statistics & Probability,A/B Testing & Experimentation,Business Intelligence & BI Tools
INT_1704,Cloud Infrastructure,Cognitive Science,3.1,3,5.5,10.0,7.9,8.3,3.3,12.8,Hands-on Projects,Morning,Low,Desktop,7,"SQL & Databases, Machine Learning Basics, Deep Learning, Cloud Computing (AWS), MLOps Pipelines, Git & Version Control, APIs & Microservices",67.7,0.88,7.4,Low,4.4,177,Python Fundamentals,Python Fundamentals,System Design,Docker & Kubernetes
INT_1705,Backend Dev,Economics,3.4,0,2.1,4.8,7.7,4.7,4.2,7.2,Reading,No Preference,Medium,Mixed,3,"Python Fundamentals, Docker & Kubernetes, APIs & Microservices",67.9,0.73,6.0,Medium,4.1,97,SQL & Databases,Cloud Computing (AWS),SQL & Databases,Data Wrangling & Pandas
INT_1706,Frontend Dev,Cognitive Science,2.99,1,4.8,9.5,6.1,6.1,5.8,7.0,Video,Night Owl,Medium,Mixed,8,"Python Fundamentals, Data Visualization, Docker & Kubernetes, Cybersecurity Essentials, System Design, Git & Version Control, APIs & Microservices, Reinforcement Learning",62.0,0.76,5.9,Medium,3.6,114,Frontend Basics (React),Frontend Basics (React),Cloud Computing (AWS),MLOps Pipelines
INT_1707,DevOps,Physics,2.71,0,3.8,7.7,6.8,0.0,4.5,6.8,Video,Afternoon,Low,Laptop,5,"SQL & Databases, Cybersecurity Essentials, System Design, MLOps Pipelines, APIs & Microservices",74.5,0.76,6.3,Medium,5.0,155,Python Fundamentals,Docker & Kubernetes,Cloud Computing (AWS),Python Fundamentals
INT_1708,Cloud Infrastructure,Bioinformatics,3.71,0,3.7,4.4,4.9,7.3,3.6,13.9,Hands-on Projects,Morning,High,Laptop,4,"Python Fundamentals, Deep Learning, Cybersecurity Essentials, Reinforcement Learning",78.4,0.7,7.3,Low,3.6,35,SQL & Databases,SQL & Databases,MLOps Pipelines,APIs & Microservices
INT_1709,Backend Dev,Mathematics,2.58,0,8.2,5.2,8.5,7.1,2.7,3.6,Hands-on Projects,Afternoon,Medium,Laptop,1,Data Wrangling & Pandas,69.5,0.76,5.6,Medium,4.0,80,Python Fundamentals,Git & Version Control,APIs & Microservices,Cloud Computing (AWS)
INT_1710,Product Management,Economics,3.25,0,3.4,9.8,4.9,1.9,5.3,11.2,Video,Night Owl,Medium,Laptop,6,"SQL & Databases, Deep Learning, Data Visualization, Cybersecurity Essentials, Statistics & Probability, Business Intelligence & BI Tools",37.7,0.81,5.8,Medium,4.9,156,A/B Testing & Experimentation,A/B Testing & Experimentation,Cloud Computing (AWS),Docker & Kubernetes
INT_1711,Cybersecurity,Electrical Engineering,3.56,0,8.8,6.8,5.2,8.0,6.3,9.4,Peer-learning,No Preference,Medium,Tablet,1,Python Fundamentals,65.3,0.79,6.5,Low,3.9,44,SQL & Databases,SQL & Databases,Cybersecurity Essentials,Cloud Computing (AWS)
INT_1712,Data Engineering,Electrical Engineering,3.18,2,6.0,7.0,1.1,3.7,3.8,7.5,Peer-learning,Night Owl,Medium,Mixed,1,Time Series Analysis,77.1,0.48,5.5,Medium,4.5,66,Python Fundamentals,APIs & Microservices,Data Visualization,Git & Version Control
INT_1713,Cloud Infrastructure,Economics,3.49,1,6.7,6.3,5.4,4.5,0.0,6.4,Video,Night Owl,Medium,Mixed,7,"SQL & Databases, Docker & Kubernetes, Cybersecurity Essentials, System Design, MLOps Pipelines, Git & Version Control, APIs & Microservices",51.3,0.84,5.7,Low,3.6,69,Python Fundamentals,Python Fundamentals,Cloud Computing (AWS),Business Intelligence & BI Tools
INT_1714,Data Engineering,Statistics,2.97,0,6.3,1.8,0.0,6.3,3.1,4.7,Hands-on Projects,Evening,Low,Tablet,6,"Python Fundamentals, Data Visualization, Statistics & Probability, Git & Version Control, Time Series Analysis, Business Intelligence & BI Tools",55.4,0.9,5.8,Low,4.7,151,SQL & Databases,Data Wrangling & Pandas,System Design,APIs & Microservices
INT_1715,Backend Dev,Mathematics,2.89,0,4.4,5.1,5.9,4.6,0.0,7.2,Mixed,Night Owl,High,Tablet,1,System Design,51.0,0.71,5.4,Medium,2.7,17,Python Fundamentals,SQL & Databases,APIs & Microservices,Python Fundamentals
INT_1716,Backend Dev,Electrical Engineering,3.42,0,6.8,5.3,2.3,3.8,2.1,12.4,Reading,Morning,Low,Mixed,5,"Python Fundamentals, Docker & Kubernetes, Data Wrangling & Pandas, APIs & Microservices, Time Series Analysis",74.6,0.39,5.8,Medium,5.0,86,SQL & Databases,System Design,Git & Version Control,SQL & Databases
INT_1717,Cloud Infrastructure,Economics,3.28,1,9.2,7.3,3.1,2.6,2.4,8.9,Mixed,No Preference,Low,Mixed,8,"Python Fundamentals, SQL & Databases, System Design, Statistics & Probability, NLP & Text Analytics, MLOps Pipelines, APIs & Microservices, Reinforcement Learning",62.9,0.84,6.5,Low,5.0,138,Cloud Computing (AWS),Cybersecurity Essentials,Cloud Computing (AWS),Docker & Kubernetes
INT_1718,Frontend Dev,Economics,3.46,1,6.9,5.2,6.2,4.4,1.4,4.5,Peer-learning,Evening,Medium,Laptop,7,"Python Fundamentals, Data Visualization, Cybersecurity Essentials, Data Wrangling & Pandas, Git & Version Control, APIs & Microservices, Reinforcement Learning",45.7,0.78,5.0,Medium,4.3,37,Frontend Basics (React),Frontend Basics (React),Statistics & Probability,A/B Testing & Experimentation
INT_1719,DevOps,Electrical Engineering,3.16,2,3.4,8.0,5.8,8.4,7.0,15.5,Hands-on Projects,Night Owl,Low,Desktop,3,"SQL & Databases, Docker & Kubernetes, APIs & Microservices",48.4,0.71,6.5,Medium,2.9,162,Python Fundamentals,MLOps Pipelines,Cloud Computing (AWS),Python Fundamentals
INT_1720,Frontend Dev,Economics,3.87,2,8.7,5.6,4.1,3.0,4.0,7.1,Reading,Afternoon,High,Mixed,7,"Python Fundamentals, Machine Learning Basics, Data Visualization, Cybersecurity Essentials, Frontend Basics (React), Git & Version Control, APIs & Microservices",69.3,0.64,5.7,Medium,4.6,24,SQL & Databases,A/B Testing & Experimentation,Statistics & Probability,Time Series Analysis
INT_1721,Backend Dev,Physics,3.85,0,6.5,3.8,7.0,2.3,3.2,9.5,Mixed,No Preference,Low,Desktop,7,"Python Fundamentals, Machine Learning Basics, Data Visualization, System Design, Data Wrangling & Pandas, Git & Version Control, APIs & Microservices",69.4,0.69,6.3,Medium,3.3,127,SQL & Databases,SQL & Databases,Cloud Computing (AWS),Docker & Kubernetes
INT_1722,Software Engineering,Electrical Engineering,3.46,3,8.0,5.3,4.2,2.5,7.4,9.0,Reading,Night Owl,Medium,Mixed,8,"Python Fundamentals, SQL & Databases, Deep Learning, System Design, Frontend Basics (React), Data Wrangling & Pandas, Git & Version Control, APIs & Microservices",64.7,0.55,5.5,Medium,4.1,175,Cloud Computing (AWS),Cloud Computing (AWS),Docker & Kubernetes,A/B Testing & Experimentation
INT_1723,Cybersecurity,Information Systems,3.46,1,6.6,2.4,1.1,6.1,4.1,4.8,Mixed,Afternoon,Low,Laptop,1,Cybersecurity Essentials,92.1,0.89,7.1,Low,3.5,143,Python Fundamentals,Python Fundamentals,Git & Version Control,Cloud Computing (AWS)
INT_1724,Data Science,Mathematics,3.52,1,7.0,6.2,9.6,4.4,5.5,7.3,Mixed,Afternoon,High,Laptop,1,Data Visualization,86.2,0.68,6.5,Medium,3.7,93,Deep Learning,Deep Learning,Machine Learning Basics,A/B Testing & Experimentation
INT_1725,Data Science,Business Analytics,2.59,0,4.1,5.8,8.2,5.3,0.1,7.8,Video,Evening,Medium,Tablet,3,"SQL & Databases, Deep Learning, NLP & Text Analytics",100.0,0.49,6.4,Medium,3.6,19,Data Visualization,Data Visualization,Machine Learning Basics,Time Series Analysis
INT_1726,ML Engineering,Business Analytics,3.34,0,3.1,5.4,2.0,0.0,0.9,9.7,Video,No Preference,High,Mixed,1,Deep Learning,64.5,0.49,5.4,Medium,4.4,158,Python Fundamentals,Statistics & Probability,A/B Testing & Experimentation,Git & Version Control
INT_1727,Backend Dev,Cognitive Science,3.88,2,4.9,7.3,7.8,6.4,4.2,9.3,Hands-on Projects,Night Owl,Medium,Mixed,5,"Python Fundamentals, Data Visualization, Docker & Kubernetes, System Design, APIs & Microservices",85.9,0.85,7.4,Low,4.4,14,SQL & Databases,Data Wrangling & Pandas,Git & Version Control,Cloud Computing (AWS)
INT_1728,ML Engineering,Physics,2.95,1,3.9,2.8,6.5,6.2,4.8,4.8,Hands-on Projects,Morning,High,Mixed,3,"Cloud Computing (AWS), System Design, Git & Version Control",46.5,0.7,4.8,Medium,2.8,169,Python Fundamentals,Reinforcement Learning,MLOps Pipelines,NLP & Text Analytics
INT_1729,ML Engineering,Cognitive Science,3.34,1,8.0,5.4,2.9,6.0,2.9,7.0,Mixed,Night Owl,Low,Laptop,6,"SQL & Databases, Machine Learning Basics, Data Visualization, Docker & Kubernetes, Statistics & Probability, Data Wrangling & Pandas",67.0,0.92,6.6,Low,3.6,147,Python Fundamentals,A/B Testing & Experimentation,Reinforcement Learning,NLP & Text Analytics
INT_1730,Data Science,Statistics,3.92,2,2.0,8.5,3.5,4.4,2.4,4.3,Reading,No Preference,High,Laptop,0,,45.4,0.66,4.5,Medium,3.3,42,Data Visualization,Data Visualization,Deep Learning,Machine Learning Basics
INT_1731,Product Management,Information Systems,2.41,0,8.4,8.3,4.7,0.7,2.5,7.5,Mixed,Night Owl,Medium,Mixed,0,,80.5,0.82,6.8,Low,4.0,131,SQL & Databases,SQL & Databases,Business Intelligence & BI Tools,A/B Testing & Experimentation
INT_1732,Product Management,Economics,2.84,2,4.9,10.0,2.6,6.7,3.4,16.4,Peer-learning,Morning,Low,Mixed,6,"SQL & Databases, Docker & Kubernetes, Statistics & Probability, NLP & Text Analytics, Data Wrangling & Pandas, Business Intelligence & BI Tools",75.5,0.7,7.6,Low,4.7,48,Data Visualization,Data Visualization,A/B Testing & Experimentation,System Design
INT_1733,ML Engineering,Cognitive Science,2.69,1,4.8,3.7,7.5,7.6,6.6,12.7,Video,Evening,Medium,Tablet,8,"Python Fundamentals, SQL & Databases, Cloud Computing (AWS), Docker & Kubernetes, Statistics & Probability, MLOps Pipelines, A/B Testing & Experimentation, APIs & Microservices",98.3,0.67,7.7,Low,4.4,111,Machine Learning Basics,Data Wrangling & Pandas,Git & Version Control,System Design
INT_1734,Cybersecurity,Information Systems,2.9,0,5.2,6.1,8.7,10.0,4.6,6.4,Video,Evening,High,Laptop,8,"Python Fundamentals, SQL & Databases, Cloud Computing (AWS), Cybersecurity Essentials, System Design, Statistics & Probability, Git & Version Control, APIs & Microservices",77.8,0.69,6.1,Medium,4.6,94,Docker & Kubernetes,Docker & Kubernetes,Data Wrangling & Pandas,Data Visualization
INT_1735,Backend Dev,Business Analytics,3.71,1,6.5,6.3,10.0,5.2,1.3,6.1,Video,Evening,High,Desktop,6,"SQL & Databases, Cloud Computing (AWS), Docker & Kubernetes, Cybersecurity Essentials, System Design, APIs & Microservices",50.6,0.57,4.7,Medium,5.0,152,Python Fundamentals,Python Fundamentals,Git & Version Control,Data Wrangling & Pandas
INT_1736,Data Science,Cognitive Science,3.28,1,6.9,6.2,6.1,3.2,6.2,10.8,Hands-on Projects,Morning,High,Laptop,0,,58.3,0.33,4.8,High,3.7,43,Data Visualization,Data Visualization,Deep Learning,Machine Learning Basics
INT_1737,Backend Dev,Computer Science,3.1,0,4.1,6.0,5.6,1.0,5.7,4.0,Video,Evening,Low,Mixed,3,"SQL & Databases, Cloud Computing (AWS), Docker & Kubernetes",30.0,0.91,4.8,Medium,4.6,79,Python Fundamentals,APIs & Microservices,Data Wrangling & Pandas,System Design
INT_1738,Product Management,Economics,3.1,1,5.2,3.7,5.7,2.8,7.5,8.1,Mixed,No Preference,Medium,Tablet,1,Business Intelligence & BI Tools,100.0,0.72,7.2,Low,4.7,164,SQL & Databases,SQL & Databases,Data Visualization,Statistics & Probability
INT_1739,Cybersecurity,Cognitive Science,3.9,0,9.8,5.3,8.2,6.2,3.6,8.0,Reading,Evening,Low,Desktop,3,"Python Fundamentals, System Design, APIs & Microservices",75.4,0.9,7.0,Low,3.6,88,SQL & Databases,Cybersecurity Essentials,Docker & Kubernetes,Cloud Computing (AWS)
INT_1740,Backend Dev,Computer Science,2.89,0,4.7,7.0,6.5,8.5,0.9,8.6,Hands-on Projects,Morning,Medium,Tablet,8,"Python Fundamentals, SQL & Databases, Docker & Kubernetes, System Design, NLP & Text Analytics, Data Wrangling & Pandas, APIs & Microservices, Reinforcement Learning",53.8,0.86,6.2,Low,3.4,170,Cloud Computing (AWS),Git & Version Control,Cloud Computing (AWS),Data Visualization
INT_1741,Software Engineering,Statistics,3.61,2,8.4,7.3,1.7,7.6,3.3,6.2,Video,Morning,Low,Desktop,4,"Cloud Computing (AWS), System Design, Frontend Basics (React), Git & Version Control",81.9,0.63,6.0,Medium,4.7,122,Python Fundamentals,Docker & Kubernetes,APIs & Microservices,Data Wrangling & Pandas
INT_1742,Backend Dev,Cognitive Science,3.8,0,6.2,7.9,5.6,4.0,5.3,8.5,Hands-on Projects,No Preference,Medium,Mixed,8,"SQL & Databases, Deep Learning, Data Visualization, Docker & Kubernetes, System Design, Data Wrangling & Pandas, Git & Version Control, APIs & Microservices",69.9,0.84,6.7,Low,4.1,179,Python Fundamentals,Cloud Computing (AWS),Python Fundamentals,Business Intelligence & BI Tools
INT_1743,Backend Dev,Cognitive Science,3.61,0,9.4,8.8,5.1,4.4,0.4,5.6,Mixed,Evening,Medium,Mixed,2,"Docker & Kubernetes, APIs & Microservices",73.3,0.79,6.2,Low,5.0,134,Python Fundamentals,SQL & Databases,Data Wrangling & Pandas,System Design
INT_1744,Product Management,Bioinformatics,3.23,2,2.9,2.0,4.8,2.0,9.0,11.9,Mixed,Evening,High,Desktop,7,"SQL & Databases, Machine Learning Basics, Cloud Computing (AWS), Statistics & Probability, A/B Testing & Experimentation, Data Wrangling & Pandas, Business Intelligence & BI Tools",75.6,0.53,6.3,Medium,4.5,169,Data Visualization,Data Visualization,Frontend Basics (React),APIs & Microservices
INT_1745,Data Science,Physics,3.81,0,6.0,4.0,3.7,5.6,3.7,8.2,Mixed,Night Owl,Low,Mixed,2,"Deep Learning, Data Wrangling & Pandas",78.8,0.51,5.8,Medium,5.0,98,Data Visualization,Data Visualization,Machine Learning Basics,NLP & Text Analytics
INT_1746,Data Science,Economics,3.5,1,7.0,8.1,4.6,5.5,2.9,8.6,Hands-on Projects,Afternoon,Low,Tablet,8,"Deep Learning, Data Visualization, Statistics & Probability, NLP & Text Analytics, A/B Testing & Experimentation, Data Wrangling & Pandas, Time Series Analysis, Business Intelligence & BI Tools",49.1,0.7,5.5,Medium,4.2,27,Machine Learning Basics,Machine Learning Basics,SQL & Databases,MLOps Pipelines
INT_1747,Software Engineering,Statistics,3.66,0,6.2,4.1,7.8,4.3,1.8,7.2,Reading,Evening,Medium,Tablet,1,System Design,65.9,0.85,6.4,Low,4.0,97,Python Fundamentals,APIs & Microservices,Python Fundamentals,Data Wrangling & Pandas
INT_1748,Frontend Dev,Computer Science,3.9,1,5.9,6.7,8.5,1.9,4.4,5.6,Video,Morning,Medium,Tablet,4,"Cybersecurity Essentials, Frontend Basics (React), Git & Version Control, APIs & Microservices",73.0,0.7,5.8,Medium,5.0,100,Python Fundamentals,Data Visualization,Python Fundamentals,Data Wrangling & Pandas
INT_1749,Cloud Infrastructure,Statistics,3.08,1,9.8,4.4,3.7,1.0,2.0,7.5,Peer-learning,Morning,Low,Tablet,1,APIs & Microservices,67.8,0.69,5.9,Medium,3.7,146,Python Fundamentals,SQL & Databases,Docker & Kubernetes,Cybersecurity Essentials
INT_1750,Data Engineering,Economics,3.25,1,3.4,6.9,6.9,6.3,5.1,6.4,Peer-learning,Evening,Low,Laptop,3,"System Design, Statistics & Probability, Git & Version Control",85.3,0.57,5.9,Medium,3.3,143,Python Fundamentals,Docker & Kubernetes,Cloud Computing (AWS),MLOps Pipelines
INT_1751,Cybersecurity,Economics,3.22,0,4.4,6.1,7.3,3.1,0.0,7.5,Mixed,Night Owl,High,Desktop,0,,71.0,0.81,6.4,Low,4.3,47,Python Fundamentals,APIs & Microservices,Git & Version Control,Python Fundamentals
INT_1752,Data Science,Physics,3.79,2,4.6,5.0,8.0,5.4,5.2,9.6,Video,No Preference,Low,Mixed,4,"SQL & Databases, Machine Learning Basics, Deep Learning, Data Visualization",56.2,0.71,5.9,Medium,4.2,27,Statistics & Probability,NLP & Text Analytics,Statistics & Probability,A/B Testing & Experimentation
INT_1753,Backend Dev,Computer Science,2.88,0,9.2,6.6,3.1,3.4,6.0,5.1,Mixed,Afternoon,High,Tablet,7,"Python Fundamentals, Deep Learning, Docker & Kubernetes, Frontend Basics (React), Statistics & Probability, MLOps Pipelines, Time Series Analysis",46.9,0.84,5.3,Medium,3.3,153,SQL & Databases,Cloud Computing (AWS),SQL & Databases,Git & Version Control
INT_1754,Data Science,Physics,3.37,3,5.1,8.2,6.3,3.6,4.3,9.4,Hands-on Projects,Morning,Low,Tablet,3,"Data Visualization, Statistics & Probability, A/B Testing & Experimentation",64.1,0.89,6.8,Low,3.8,110,Deep Learning,Deep Learning,Machine Learning Basics,Data Wrangling & Pandas
INT_1755,Product Management,Mathematics,3.38,2,3.9,7.7,3.8,5.8,5.8,2.0,Mixed,No Preference,Medium,Laptop,6,"SQL & Databases, Machine Learning Basics, Deep Learning, Cloud Computing (AWS), Docker & Kubernetes, A/B Testing & Experimentation",72.1,0.63,5.0,Medium,5.0,127,Data Visualization,Data Visualization,Business Intelligence & BI Tools,Statistics & Probability
INT_1756,DevOps,Statistics,3.28,1,5.0,6.3,2.8,5.3,5.1,6.8,Reading,Afternoon,High,Mixed,8,"SQL & Databases, Deep Learning, Cloud Computing (AWS), Cybersecurity Essentials, System Design, MLOps Pipelines, Git & Version Control, APIs & Microservices",72.3,0.65,5.8,Medium,3.7,176,Python Fundamentals,Docker & Kubernetes,Python Fundamentals,Reinforcement Learning
INT_1757,Software Engineering,Information Systems,3.88,1,4.6,6.7,5.3,9.3,2.2,9.1,Peer-learning,Night Owl,High,Desktop,2,"Cloud Computing (AWS), Git & Version Control",71.7,0.54,5.8,Medium,3.7,100,Python Fundamentals,SQL & Databases,Data Wrangling & Pandas,System Design
INT_1758,Data Engineering,Business Analytics,3.02,2,10.0,5.2,10.0,4.0,2.6,10.0,Peer-learning,No Preference,Low,Mixed,7,"SQL & Databases, Cloud Computing (AWS), Cybersecurity Essentials, System Design, NLP & Text Analytics, Data Wrangling & Pandas, Time Series Analysis",58.2,0.62,5.7,Medium,3.4,170,Python Fundamentals,Statistics & Probability,MLOps Pipelines,Docker & Kubernetes
INT_1759,Software Engineering,Bioinformatics,3.13,1,3.9,6.9,3.7,10.0,2.3,5.4,Video,Night Owl,Low,Mixed,4,"Frontend Basics (React), Data Wrangling & Pandas, Git & Version Control, Time Series Analysis",48.7,0.87,5.6,Low,4.7,50,Python Fundamentals,APIs & Microservices,System Design,Python Fundamentals
INT_1760,Backend Dev,Bioinformatics,3.53,1,5.2,4.1,2.4,1.3,3.7,5.2,Reading,Morning,Low,Tablet,6,"Python Fundamentals, SQL & Databases, Cloud Computing (AWS), Docker & Kubernetes, Data Wrangling & Pandas, Time Series Analysis",59.3,0.81,5.7,Medium,2.6,114,System Design,APIs & Microservices,System Design,Git & Version Control
INT_1761,Software Engineering,Statistics,3.73,0,8.9,5.0,1.0,3.2,7.0,5.7,Mixed,Evening,Low,Mixed,5,"Python Fundamentals, SQL & Databases, Cloud Computing (AWS), Docker & Kubernetes, System Design",62.0,0.36,4.3,High,2.9,29,Frontend Basics (React),Data Wrangling & Pandas,Git & Version Control,APIs & Microservices
INT_1762,Product Management,Information Systems,3.5,2,5.7,4.1,5.0,3.6,7.0,2.5,Mixed,No Preference,Low,Mixed,3,"SQL & Databases, Cybersecurity Essentials, Statistics & Probability",100.0,0.32,5.0,High,3.4,167,Data Visualization,Data Visualization,Business Intelligence & BI Tools,A/B Testing & Experimentation
INT_1763,ML Engineering,Business Analytics,3.01,0,7.2,5.7,7.2,2.0,1.7,6.2,Mixed,Morning,High,Desktop,1,SQL & Databases,69.8,0.65,5.6,Medium,4.6,109,Python Fundamentals,Statistics & Probability,A/B Testing & Experimentation,Data Wrangling & Pandas
INT_1764,Backend Dev,Electrical Engineering,3.06,2,6.3,6.6,3.5,4.7,4.2,11.6,Hands-on Projects,Afternoon,Low,Tablet,2,"Python Fundamentals, NLP & Text Analytics",61.3,0.92,7.1,Low,4.8,175,SQL & Databases,System Design,Data Wrangling & Pandas,APIs & Microservices
INT_1765,Data Science,Electrical Engineering,4.0,3,6.7,5.4,1.3,3.3,2.1,8.2,Hands-on Projects,Afternoon,Low,Laptop,3,"Data Visualization, A/B Testing & Experimentation, Time Series Analysis",85.6,0.78,7.0,Low,4.2,60,Deep Learning,Deep Learning,Machine Learning Basics,Statistics & Probability
INT_1766,Backend Dev,Physics,3.76,2,4.2,6.4,5.7,0.7,4.1,5.9,Reading,Night Owl,Medium,Desktop,8,"SQL & Databases, Deep Learning, Cloud Computing (AWS), Docker & Kubernetes, System Design, Frontend Basics (React), Data Wrangling & Pandas, Git & Version Control",79.8,0.56,5.6,Medium,3.7,29,Python Fundamentals,Python Fundamentals,APIs & Microservices,Business Intelligence & BI Tools
INT_1767,Software Engineering,Cognitive Science,3.14,0,7.1,6.5,1.6,3.4,3.9,2.0,Video,Night Owl,High,Desktop,5,"Docker & Kubernetes, System Design, Frontend Basics (React), Data Wrangling & Pandas, Git & Version Control",79.2,0.89,6.2,Low,4.0,121,Python Fundamentals,Cloud Computing (AWS),Python Fundamentals,APIs & Microservices
INT_1768,Cybersecurity,Mathematics,3.45,0,7.4,4.4,2.8,5.1,4.5,8.5,Reading,Evening,High,Desktop,6,"Python Fundamentals, SQL & Databases, Cloud Computing (AWS), Docker & Kubernetes, APIs & Microservices, Time Series Analysis",37.2,0.79,5.3,Medium,4.9,63,Cybersecurity Essentials,Cybersecurity Essentials,System Design,Git & Version Control
INT_1769,Data Engineering,Mathematics,2.96,1,7.8,9.9,3.2,9.6,2.3,8.9,Mixed,Evening,High,Desktop,4,"Data Visualization, Statistics & Probability, MLOps Pipelines, APIs & Microservices",58.4,0.67,5.7,Medium,3.0,130,Python Fundamentals,Git & Version Control,Data Wrangling & Pandas,Business Intelligence & BI Tools
INT_1770,ML Engineering,Cognitive Science,3.72,0,1.1,5.7,3.2,0.7,4.4,5.6,Video,Evening,High,Laptop,7,"Machine Learning Basics, Deep Learning, Docker & Kubernetes, System Design, Statistics & Probability, NLP & Text Analytics, Data Wrangling & Pandas",62.4,0.84,6.0,Low,4.6,98,Python Fundamentals,A/B Testing & Experimentation,Cloud Computing (AWS),SQL & Databases
INT_1771,Data Science,Business Analytics,2.92,0,6.4,3.6,4.8,1.1,3.4,7.5,Reading,Afternoon,High,Mixed,8,"SQL & Databases, Machine Learning Basics, Deep Learning, Data Visualization, NLP & Text Analytics, A/B Testing & Experimentation, Data Wrangling & Pandas, Business Intelligence & BI Tools",73.7,0.93,7.0,Low,5.0,177,Statistics & Probability,Time Series Analysis,Statistics & Probability,APIs & Microservices
INT_1772,Cybersecurity,Statistics,3.01,3,7.3,7.2,4.9,0.3,4.4,2.8,Hands-on Projects,Morning,High,Laptop,2,"Cybersecurity Essentials, APIs & Microservices",78.5,0.68,5.5,Medium,4.7,54,Python Fundamentals,SQL & Databases,Docker & Kubernetes,Cloud Computing (AWS)
INT_1773,Frontend Dev,Mathematics,2.42,0,6.8,2.0,4.3,6.8,5.7,4.0,Reading,Evening,Low,Desktop,8,"Python Fundamentals, Data Visualization, Docker & Kubernetes, System Design, Frontend Basics (React), MLOps Pipelines, Git & Version Control, Reinforcement Learning",68.4,0.26,3.9,High,5.0,93,APIs & Microservices,APIs & Microservices,Cybersecurity Essentials,Cloud Computing (AWS)
INT_1774,DevOps,Business Analytics,3.57,1,2.0,3.7,4.7,3.7,4.2,8.8,Peer-learning,Evening,High,Mixed,2,"Docker & Kubernetes, Cybersecurity Essentials",74.4,0.76,6.6,Low,3.7,149,Python Fundamentals,SQL & Databases,Cloud Computing (AWS),MLOps Pipelines
INT_1775,ML Engineering,Cognitive Science,3.6,0,5.0,6.2,0.8,10.0,2.5,7.9,Hands-on Projects,Night Owl,Medium,Desktop,7,"SQL & Databases, Deep Learning, Cloud Computing (AWS), System Design, Statistics & Probability, NLP & Text Analytics, Git & Version Control",90.2,0.81,7.2,Low,5.0,130,Python Fundamentals,Python Fundamentals,A/B Testing & Experimentation,Data Wrangling & Pandas
INT_1776,DevOps,Mathematics,3.97,2,8.2,6.1,10.0,2.2,0.2,6.9,Peer-learning,Evening,Low,Mixed,1,Git & Version Control,71.8,0.7,6.0,Medium,3.4,94,Python Fundamentals,Python Fundamentals,APIs & Microservices,System Design
INT_1777,ML Engineering,Bioinformatics,3.29,1,7.2,6.6,0.0,4.8,6.6,8.6,Video,No Preference,High,Tablet,1,Statistics & Probability,36.5,0.72,5.1,Medium,5.0,79,Python Fundamentals,Machine Learning Basics,NLP & Text Analytics,Deep Learning
INT_1778,Backend Dev,Statistics,2.96,0,7.1,6.4,3.1,1.8,4.5,8.3,Mixed,Night Owl,Medium,Laptop,7,"Python Fundamentals, Cloud Computing (AWS), MLOps Pipelines, Data Wrangling & Pandas, Git & Version Control, APIs & Microservices, Business Intelligence & BI Tools",69.6,0.88,6.8,Low,4.3,112,SQL & Databases,Docker & Kubernetes,System Design,SQL & Databases
INT_1779,ML Engineering,Computer Science,3.27,1,10.0,6.4,5.2,6.7,6.5,8.2,Peer-learning,Afternoon,Low,Mixed,3,"SQL & Databases, A/B Testing & Experimentation, Data Wrangling & Pandas",83.9,0.61,6.3,Medium,4.5,176,Python Fundamentals,MLOps Pipelines,Deep Learning,Reinforcement Learning
INT_1780,Software Engineering,Bioinformatics,3.23,0,3.7,6.7,3.9,4.0,2.0,2.0,Video,Night Owl,Medium,Tablet,0,,62.0,0.68,4.8,Medium,5.0,115,Python Fundamentals,SQL & Databases,Frontend Basics (React),APIs & Microservices
INT_1781,Data Engineering,Mathematics,3.3,3,7.1,7.2,5.0,6.3,3.8,8.9,Video,No Preference,Low,Laptop,5,"SQL & Databases, Docker & Kubernetes, System Design, Statistics & Probability, MLOps Pipelines",73.1,0.91,7.1,Low,4.8,143,Python Fundamentals,Business Intelligence & BI Tools,Data Visualization,APIs & Microservices
INT_1782,Product Management,Computer Science,3.42,1,6.1,3.4,3.5,7.2,0.0,5.3,Video,Afternoon,High,Tablet,1,Data Visualization,57.0,0.93,6.0,Low,4.4,179,SQL & Databases,SQL & Databases,Business Intelligence & BI Tools,A/B Testing & Experimentation
INT_1783,DevOps,Physics,3.31,0,5.6,6.0,6.8,5.1,3.4,4.8,Hands-on Projects,Evening,High,Desktop,0,,82.2,0.48,5.3,Medium,4.9,93,Python Fundamentals,Python Fundamentals,Git & Version Control,System Design
INT_1784,Frontend Dev,Economics,3.29,0,8.4,2.5,4.1,5.0,4.7,3.0,Reading,No Preference,High,Desktop,7,"Python Fundamentals, Machine Learning Basics, Data Visualization, Frontend Basics (React), Data Wrangling & Pandas, Git & Version Control, APIs & Microservices",71.2,0.7,5.4,Medium,4.8,25,SQL & Databases,NLP & Text Analytics,MLOps Pipelines,Reinforcement Learning
INT_1785,Backend Dev,Physics,2.92,1,6.2,3.5,4.9,5.5,3.2,6.7,Peer-learning,Evening,Medium,Mixed,3,"SQL & Databases, Cloud Computing (AWS), Docker & Kubernetes",66.5,0.69,5.7,Medium,5.0,79,Python Fundamentals,System Design,Data Wrangling & Pandas,Git & Version Control
INT_1786,Frontend Dev,Bioinformatics,3.34,0,4.8,7.2,5.8,3.0,3.9,7.3,Reading,Night Owl,Low,Laptop,2,"Cloud Computing (AWS), Git & Version Control",100.0,0.78,7.3,Low,4.4,133,Python Fundamentals,Frontend Basics (React),Python Fundamentals,Data Visualization
INT_1787,Frontend Dev,Bioinformatics,3.13,0,0.8,2.1,3.5,2.1,0.0,11.0,Video,Evening,Medium,Mixed,5,"Python Fundamentals, Data Visualization, Cybersecurity Essentials, Frontend Basics (React), A/B Testing & Experimentation",76.7,0.74,6.9,Low,2.9,26,Git & Version Control,APIs & Microservices,Git & Version Control,SQL & Databases
INT_1788,Product Management,Physics,3.3,0,6.2,6.6,8.1,4.9,4.8,6.6,Hands-on Projects,Evening,Medium,Mixed,7,"Python Fundamentals, SQL & Databases, Data Visualization, Cybersecurity Essentials, Statistics & Probability, A/B Testing & Experimentation, APIs & Microservices",76.1,0.9,6.8,Low,3.8,60,Business Intelligence & BI Tools,Business Intelligence & BI Tools,Reinforcement Learning,Deep Learning
INT_1789,Cybersecurity,Business Analytics,3.24,0,4.8,5.0,3.4,7.0,3.4,7.5,Reading,No Preference,Medium,Laptop,1,Cloud Computing (AWS),50.1,0.91,6.1,Low,4.4,59,Python Fundamentals,System Design,Python Fundamentals,APIs & Microservices
INT_1790,Product Management,Business Analytics,2.93,1,10.0,5.8,2.3,4.6,4.5,2.8,Reading,Night Owl,Medium,Desktop,8,"SQL & Databases, Data Visualization, Docker & Kubernetes, System Design, Statistics & Probability, A/B Testing & Experimentation, Git & Version Control, Time Series Analysis",58.6,0.33,3.6,High,3.9,109,Business Intelligence & BI Tools,Business Intelligence & BI Tools,Deep Learning,NLP & Text Analytics
INT_1791,Data Engineering,Economics,3.39,0,4.9,3.3,4.1,0.3,4.1,3.7,Peer-learning,Night Owl,Low,Mixed,0,,87.2,0.26,4.5,High,3.9,23,Python Fundamentals,APIs & Microservices,Data Visualization,Python Fundamentals
INT_1792,Cloud Infrastructure,Bioinformatics,2.94,2,2.1,5.9,5.0,1.0,3.8,8.0,Video,Afternoon,High,Laptop,1,Python Fundamentals,75.9,0.67,6.2,Medium,3.5,74,SQL & Databases,SQL & Databases,Cloud Computing (AWS),Cybersecurity Essentials
INT_1793,Software Engineering,Business Analytics,3.28,1,3.0,9.5,2.6,8.1,1.5,7.4,Video,Night Owl,Medium,Tablet,5,"SQL & Databases, Cloud Computing (AWS), System Design, NLP & Text Analytics, MLOps Pipelines",60.6,0.5,5.0,Medium,4.7,72,Python Fundamentals,Git & Version Control,APIs & Microservices,Python Fundamentals
INT_1794,DevOps,Information Systems,3.23,1,7.1,6.4,0.9,4.3,4.9,10.1,Peer-learning,Morning,High,Desktop,5,"Cloud Computing (AWS), Docker & Kubernetes, Cybersecurity Essentials, System Design, APIs & Microservices",76.8,0.76,6.9,Low,4.6,99,Python Fundamentals,MLOps Pipelines,Python Fundamentals,Git & Version Control
INT_1795,Backend Dev,Bioinformatics,3.63,1,5.6,5.6,3.5,0.9,2.2,8.3,Reading,No Preference,High,Desktop,6,"Python Fundamentals, SQL & Databases, Deep Learning, Docker & Kubernetes, System Design, Git & Version Control",59.8,0.62,5.5,Medium,4.3,37,Cloud Computing (AWS),APIs & Microservices,Data Wrangling & Pandas,Cloud Computing (AWS)
INT_1796,Backend Dev,Bioinformatics,3.86,0,4.6,7.1,4.7,4.8,5.3,3.5,Mixed,No Preference,Medium,Laptop,1,Time Series Analysis,43.5,0.29,3.1,High,5.0,122,Python Fundamentals,Docker & Kubernetes,Cloud Computing (AWS),Git & Version Control
INT_1797,Data Science,Economics,3.75,0,3.8,6.1,6.8,3.3,1.8,7.9,Video,Night Owl,Low,Tablet,4,"SQL & Databases, Machine Learning Basics, Deep Learning, NLP & Text Analytics",70.6,0.5,5.4,Medium,3.5,116,Data Visualization,Data Visualization,Time Series Analysis,A/B Testing & Experimentation
INT_1798,Frontend Dev,Cognitive Science,2.83,1,0.8,3.3,5.2,7.4,2.9,7.6,Video,No Preference,Medium,Desktop,0,,84.3,0.55,6.0,Medium,4.1,160,Python Fundamentals,Frontend Basics (React),APIs & Microservices,Python Fundamentals
INT_1799,Cloud Infrastructure,Electrical Engineering,3.73,0,8.8,2.7,8.1,1.7,5.3,9.3,Hands-on Projects,Night Owl,Low,Laptop,6,"SQL & Databases, Docker & Kubernetes, Cybersecurity Essentials, Statistics & Probability, MLOps Pipelines, Time Series Analysis",68.1,0.63,6.0,Medium,3.9,107,Python Fundamentals,Cloud Computing (AWS),Git & Version Control,System Design
INT_1800,Data Science,Economics,3.28,1,5.6,6.1,7.2,3.2,5.1,5.8,Video,Morning,Medium,Mixed,5,"Machine Learning Basics, Data Visualization, Statistics & Probability, NLP & Text Analytics, Data Wrangling & Pandas",66.3,0.91,6.4,Low,5.0,73,Deep Learning,Deep Learning,Time Series Analysis,A/B Testing & Experimentation
INT_1801,Cloud Infrastructure,Physics,3.4,1,5.5,4.9,4.7,6.9,0.6,6.3,Hands-on Projects,Afternoon,High,Tablet,3,"SQL & Databases, Git & Version Control, APIs & Microservices",59.3,0.85,6.0,Low,4.6,140,Python Fundamentals,Python Fundamentals,System Design,MLOps Pipelines
INT_1802,DevOps,Information Systems,3.01,1,7.4,6.6,1.5,2.0,4.4,6.2,Peer-learning,Afternoon,Low,Desktop,2,"Python Fundamentals, APIs & Microservices",58.1,0.7,5.4,Medium,5.0,111,SQL & Databases,Cybersecurity Essentials,Docker & Kubernetes,Cloud Computing (AWS)
INT_1803,Software Engineering,Bioinformatics,2.97,3,6.3,5.6,4.7,5.7,0.5,10.2,Peer-learning,Morning,Medium,Tablet,4,"SQL & Databases, Docker & Kubernetes, Frontend Basics (React), Reinforcement Learning",65.8,0.61,6.0,Medium,5.0,178,Python Fundamentals,APIs & Microservices,Python Fundamentals,Git & Version Control
INT_1804,Cloud Infrastructure,Business Analytics,3.56,2,10.0,2.2,4.5,3.8,0.0,5.3,Mixed,No Preference,Medium,Desktop,6,"Python Fundamentals, SQL & Databases, Cloud Computing (AWS), Docker & Kubernetes, System Design, MLOps Pipelines",91.3,0.8,6.8,Low,4.3,19,Cybersecurity Essentials,Git & Version Control,APIs & Microservices,Cybersecurity Essentials
INT_1805,Cloud Infrastructure,Cognitive Science,2.81,1,9.5,8.2,5.9,0.0,4.4,9.1,Peer-learning,No Preference,High,Mixed,7,"SQL & Databases, Cloud Computing (AWS), Docker & Kubernetes, System Design, MLOps Pipelines, Git & Version Control, APIs & Microservices",79.1,0.91,7.3,Low,4.2,69,Python Fundamentals,Cybersecurity Essentials,Python Fundamentals,Business Intelligence & BI Tools
INT_1806,Software Engineering,Mathematics,2.92,0,5.0,4.0,7.5,6.6,3.3,6.2,Mixed,Afternoon,Low,Desktop,3,"Docker & Kubernetes, Frontend Basics (React), Business Intelligence & BI Tools",69.2,0.4,4.8,High,3.9,48,Python Fundamentals,Python Fundamentals,Data Wrangling & Pandas,Git & Version Control
INT_1807,Software Engineering,Mathematics,2.84,2,8.5,3.8,4.3,5.7,6.7,10.4,Peer-learning,Evening,Medium,Mixed,2,"Docker & Kubernetes, Frontend Basics (React)",63.3,0.8,6.6,Low,4.2,110,Python Fundamentals,SQL & Databases,Cloud Computing (AWS),Git & Version Control
INT_1808,ML Engineering,Electrical Engineering,3.61,2,3.1,6.9,1.3,7.8,4.2,11.5,Peer-learning,Evening,High,Desktop,2,"Statistics & Probability, Data Wrangling & Pandas",78.2,0.82,7.3,Low,2.9,63,Python Fundamentals,Cloud Computing (AWS),Docker & Kubernetes,A/B Testing & Experimentation
INT_1809,DevOps,Computer Science,2.86,0,8.8,7.2,3.4,3.4,4.0,5.6,Peer-learning,Evening,High,Mixed,8,"Python Fundamentals, SQL & Databases, Cloud Computing (AWS), Docker & Kubernetes, System Design, MLOps Pipelines, Data Wrangling & Pandas, Git & Version Control",53.3,0.61,4.8,Medium,3.7,106,Cybersecurity Essentials,Cybersecurity Essentials,APIs & Microservices,A/B Testing & Experimentation
INT_1810,Cloud Infrastructure,Physics,3.02,2,3.6,5.9,4.8,3.3,2.3,8.8,Hands-on Projects,Afternoon,Medium,Laptop,1,Git & Version Control,70.8,0.6,5.9,Medium,3.8,35,Python Fundamentals,SQL & Databases,Python Fundamentals,APIs & Microservices
INT_1811,Cybersecurity,Bioinformatics,2.99,3,4.5,4.4,3.0,6.6,0.0,12.3,Hands-on Projects,Afternoon,Medium,Mixed,4,"SQL & Databases, Deep Learning, Cybersecurity Essentials, Git & Version Control",68.4,0.87,7.3,Low,4.4,48,Python Fundamentals,System Design,Python Fundamentals,APIs & Microservices
INT_1812,Frontend Dev,Information Systems,3.76,3,4.0,5.3,4.5,3.0,3.0,7.8,Mixed,Evening,Medium,Desktop,7,"Python Fundamentals, SQL & Databases, Data Visualization, Data Wrangling & Pandas, Git & Version Control, APIs & Microservices, Reinforcement Learning",38.3,0.66,4.8,Medium,3.4,122,Frontend Basics (React),Frontend Basics (React),Statistics & Probability,A/B Testing & Experimentation
INT_1813,Data Engineering,Computer Science,3.72,1,6.3,4.3,4.9,7.4,1.6,2.2,Mixed,Night Owl,Low,Laptop,8,"Python Fundamentals, SQL & Databases, Data Visualization, Cloud Computing (AWS), Docker & Kubernetes, Git & Version Control, APIs & Microservices, Business Intelligence & BI Tools",61.6,0.45,4.1,High,4.9,77,System Design,Data Wrangling & Pandas,System Design,Time Series Analysis
INT_1814,Frontend Dev,Economics,3.1,1,2.7,1.4,4.8,0.0,1.0,4.2,Peer-learning,Morning,Medium,Tablet,8,"Python Fundamentals, Data Visualization, Frontend Basics (React), NLP & Text Analytics, MLOps Pipelines, Data Wrangling & Pandas, Git & Version Control, APIs & Microservices",68.4,0.79,5.8,Medium,5.0,26,SQL & Databases,Business Intelligence & BI Tools,SQL & Databases,System Design
INT_1815,Software Engineering,Business Analytics,3.02,0,2.8,6.0,1.5,7.3,2.8,4.6,Reading,Night Owl,Low,Mixed,3,"Cloud Computing (AWS), System Design, APIs & Microservices",81.1,0.38,4.9,High,4.7,152,Python Fundamentals,Git & Version Control,Data Wrangling & Pandas,Docker & Kubernetes
INT_1816,Software Engineering,Business Analytics,3.36,0,3.6,5.0,5.2,0.0,4.8,12.8,Peer-learning,Night Owl,High,Mixed,2,"Cloud Computing (AWS), Data Wrangling & Pandas",54.0,0.57,5.8,Medium,4.1,111,Python Fundamentals,SQL & Databases,Docker & Kubernetes,APIs & Microservices
INT_1817,Product Management,Electrical Engineering,3.69,2,6.1,6.1,3.4,4.3,2.6,7.4,Mixed,Morning,High,Desktop,7,"SQL & Databases, Data Visualization, Frontend Basics (React), Statistics & Probability, Data Wrangling & Pandas, Git & Version Control, Business Intelligence & BI Tools",56.5,0.84,6.0,Low,4.3,88,A/B Testing & Experimentation,A/B Testing & Experimentation,APIs & Microservices,Python Fundamentals
INT_1818,Software Engineering,Electrical Engineering,3.2,0,8.4,2.8,8.2,3.4,1.1,5.8,Hands-on Projects,No Preference,Low,Tablet,5,"Python Fundamentals, Frontend Basics (React), Data Wrangling & Pandas, Git & Version Control, Time Series Analysis",64.5,0.92,6.3,Low,4.4,63,SQL & Databases,SQL & Databases,System Design,APIs & Microservices
INT_1819,Frontend Dev,Physics,3.17,0,5.7,3.8,4.8,5.2,6.1,5.1,Peer-learning,Evening,Low,Laptop,5,"Python Fundamentals, Data Visualization, A/B Testing & Experimentation, Git & Version Control, Business Intelligence & BI Tools",69.5,0.57,5.2,Medium,2.8,65,Frontend Basics (React),Frontend Basics (React),APIs & Microservices,Data Wrangling & Pandas
INT_1820,Cybersecurity,Bioinformatics,3.24,2,1.4,8.8,5.4,8.1,0.7,11.1,Peer-learning,Evening,High,Tablet,6,"Python Fundamentals, SQL & Databases, Docker & Kubernetes, Frontend Basics (React), Git & Version Control, APIs & Microservices",69.8,0.34,5.3,High,4.6,132,Cloud Computing (AWS),System Design,Cloud Computing (AWS),Cybersecurity Essentials
INT_1821,Cybersecurity,Statistics,3.76,1,7.1,6.5,8.3,2.5,3.7,2.0,Video,No Preference,Medium,Desktop,5,"SQL & Databases, Docker & Kubernetes, System Design, MLOps Pipelines, APIs & Microservices",88.2,0.82,6.3,Low,3.6,46,Python Fundamentals,Python Fundamentals,Git & Version Control,Cloud Computing (AWS)
INT_1822,Frontend Dev,Physics,3.39,1,6.9,5.4,3.3,2.5,7.8,2.0,Hands-on Projects,Afternoon,Low,Mixed,7,"Python Fundamentals, Data Visualization, Frontend Basics (React), Statistics & Probability, Git & Version Control, APIs & Microservices, Reinforcement Learning",68.6,0.87,5.7,Low,3.9,144,SQL & Databases,A/B Testing & Experimentation,Time Series Analysis,System Design
INT_1823,Data Engineering,Computer Science,3.98,1,6.0,6.0,7.5,0.8,3.2,10.5,Hands-on Projects,Morning,High,Tablet,7,"Python Fundamentals, Cloud Computing (AWS), Frontend Basics (React), NLP & Text Analytics, MLOps Pipelines, Data Wrangling & Pandas, Time Series Analysis",72.7,0.59,6.2,Medium,4.6,16,SQL & Databases,APIs & Microservices,Data Visualization,Git & Version Control
INT_1824,Product Management,Statistics,3.44,0,3.8,5.8,2.2,1.4,2.1,9.6,Peer-learning,Evening,Low,Desktop,4,"Deep Learning, Data Visualization, Docker & Kubernetes, APIs & Microservices",85.1,0.66,6.7,Medium,4.5,57,SQL & Databases,A/B Testing & Experimentation,Statistics & Probability,Business Intelligence & BI Tools
INT_1825,Cybersecurity,Computer Science,3.97,2,6.9,4.6,6.9,3.8,1.6,10.1,Mixed,No Preference,High,Mixed,2,"System Design, Git & Version Control",88.5,0.98,8.0,Low,3.0,114,Python Fundamentals,APIs & Microservices,Python Fundamentals,SQL & Databases
INT_1826,Cloud Infrastructure,Mathematics,3.6,0,9.9,5.0,4.5,10.0,3.0,9.5,Reading,No Preference,Medium,Tablet,2,"SQL & Databases, Git & Version Control",30.0,0.7,4.9,Medium,3.5,136,Python Fundamentals,Cloud Computing (AWS),Cybersecurity Essentials,Docker & Kubernetes
INT_1827,Product Management,Physics,4.0,0,4.9,8.1,2.8,1.5,5.7,10.5,Mixed,No Preference,Low,Laptop,1,Reinforcement Learning,67.2,0.84,6.9,Low,5.0,74,SQL & Databases,Data Visualization,A/B Testing & Experimentation,SQL & Databases
INT_1828,DevOps,Electrical Engineering,2.93,2,2.7,4.8,5.7,4.9,4.9,5.7,Peer-learning,No Preference,High,Desktop,2,"SQL & Databases, Reinforcement Learning",69.0,0.82,6.1,Low,4.1,38,Python Fundamentals,Docker & Kubernetes,Cloud Computing (AWS),MLOps Pipelines
INT_1829,DevOps,Cognitive Science,3.31,0,6.8,6.2,2.4,6.9,3.2,3.5,Peer-learning,Evening,Low,Tablet,2,"SQL & Databases, MLOps Pipelines",57.2,0.73,5.1,Medium,4.3,78,Python Fundamentals,Python Fundamentals,APIs & Microservices,Git & Version Control
INT_1830,Cybersecurity,Computer Science,3.77,1,6.7,6.3,6.3,3.4,2.0,10.4,Video,Afternoon,High,Desktop,2,"Cloud Computing (AWS), Docker & Kubernetes",74.1,0.5,5.9,Medium,5.0,71,Python Fundamentals,SQL & Databases,APIs & Microservices,Git & Version Control
INT_1831,Cybersecurity,Economics,2.76,1,5.2,5.7,3.6,2.9,2.7,4.4,Reading,Night Owl,High,Laptop,5,"Python Fundamentals, Machine Learning Basics, Cybersecurity Essentials, Git & Version Control, APIs & Microservices",84.8,0.46,5.2,Medium,4.3,65,SQL & Databases,System Design,SQL & Databases,Docker & Kubernetes
INT_1832,Product Management,Bioinformatics,3.22,0,3.5,8.4,7.6,5.6,6.9,8.4,Hands-on Projects,Evening,High,Tablet,5,"SQL & Databases, Deep Learning, Statistics & Probability, A/B Testing & Experimentation, Business Intelligence & BI Tools",69.8,0.63,5.9,Medium,4.2,42,Data Visualization,Data Visualization,MLOps Pipelines,Machine Learning Basics
INT_1833,Cybersecurity,Information Systems,3.4,0,8.0,9.5,7.0,0.0,1.9,9.0,Video,Night Owl,Medium,Mixed,4,"Python Fundamentals, Git & Version Control, APIs & Microservices, Time Series Analysis",87.0,0.37,5.7,Medium,4.5,168,SQL & Databases,SQL & Databases,System Design,Cloud Computing (AWS)
INT_1834,DevOps,Electrical Engineering,3.43,2,6.9,7.2,4.5,7.3,4.6,5.2,Mixed,Morning,Medium,Mixed,7,"SQL & Databases, Docker & Kubernetes, System Design, MLOps Pipelines, Git & Version Control, APIs & Microservices, Business Intelligence & BI Tools",71.1,0.77,6.0,Medium,4.0,60,Python Fundamentals,Cloud Computing (AWS),Cybersecurity Essentials,Python Fundamentals
INT_1835,Backend Dev,Electrical Engineering,2.8,3,8.2,6.5,4.3,7.5,5.1,6.3,Reading,Evening,Low,Laptop,3,"SQL & Databases, Data Visualization, Cloud Computing (AWS)",65.3,0.82,6.1,Low,5.0,153,Python Fundamentals,Docker & Kubernetes,Python Fundamentals,System Design
INT_1836,DevOps,Mathematics,3.51,0,8.6,5.7,7.2,8.1,5.3,9.0,Video,Evening,High,Tablet,5,"Python Fundamentals, Cloud Computing (AWS), Docker & Kubernetes, Git & Version Control, APIs & Microservices",71.9,0.96,7.2,Low,5.0,63,SQL & Databases,MLOps Pipelines,SQL & Databases,MLOps Pipelines
INT_1837,Cloud Infrastructure,Economics,2.84,1,7.4,6.7,8.3,6.3,1.6,10.3,Video,Night Owl,High,Desktop,1,SQL & Databases,60.8,0.78,6.4,Low,4.3,61,Python Fundamentals,MLOps Pipelines,System Design,APIs & Microservices
INT_1838,Backend Dev,Physics,2.78,0,6.9,2.5,4.1,4.2,3.9,4.2,Peer-learning,Morning,High,Tablet,1,Reinforcement Learning,66.4,0.95,6.3,Low,3.8,45,Python Fundamentals,Data Wrangling & Pandas,SQL & Databases,Python Fundamentals
INT_1839,Cloud Infrastructure,Computer Science,3.05,1,6.1,7.7,5.3,1.8,2.2,9.6,Peer-learning,Evening,Medium,Mixed,3,"Cybersecurity Essentials, MLOps Pipelines, Data Wrangling & Pandas",100.0,0.74,7.5,Low,4.7,75,Python Fundamentals,SQL & Databases,Git & Version Control,APIs & Microservices
INT_1840,Frontend Dev,Business Analytics,3.29,1,0.7,5.3,6.7,4.0,2.8,11.8,Mixed,Evening,Low,Mixed,5,"Python Fundamentals, Deep Learning, Frontend Basics (React), Statistics & Probability, Git & Version Control",69.2,0.93,7.4,Low,3.7,164,Data Visualization,APIs & Microservices,Data Visualization,A/B Testing & Experimentation
INT_1841,ML Engineering,Bioinformatics,3.46,2,5.2,6.3,6.8,5.2,6.8,4.2,Hands-on Projects,Afternoon,Medium,Desktop,1,Deep Learning,68.1,0.61,5.1,Medium,4.0,147,Python Fundamentals,MLOps Pipelines,System Design,Data Wrangling & Pandas
INT_1842,Cybersecurity,Mathematics,3.57,0,10.0,4.9,4.4,2.4,3.3,9.8,Peer-learning,Night Owl,Low,Desktop,3,"Python Fundamentals, SQL & Databases, Cybersecurity Essentials",77.0,0.81,7.0,Low,4.0,101,Cloud Computing (AWS),Cloud Computing (AWS),Docker & Kubernetes,System Design
INT_1843,Software Engineering,Cognitive Science,3.37,0,7.3,6.8,2.7,3.1,0.8,3.6,Reading,Morning,Medium,Laptop,7,"Python Fundamentals, Cloud Computing (AWS), Docker & Kubernetes, System Design, Frontend Basics (React), Data Wrangling & Pandas, APIs & Microservices",87.2,0.88,6.7,Low,5.0,124,SQL & Databases,Git & Version Control,SQL & Databases,A/B Testing & Experimentation
INT_1844,Software Engineering,Cognitive Science,3.77,3,3.3,5.6,2.3,3.4,1.8,8.3,Mixed,Night Owl,Medium,Desktop,7,"Python Fundamentals, SQL & Databases, Machine Learning Basics, Cloud Computing (AWS), Docker & Kubernetes, A/B Testing & Experimentation, Data Wrangling & Pandas",69.6,0.89,6.8,Low,4.1,37,System Design,Git & Version Control,Frontend Basics (React),APIs & Microservices
INT_1845,DevOps,Information Systems,3.16,0,1.9,5.7,6.0,2.2,3.5,2.8,Peer-learning,Night Owl,High,Laptop,7,"Python Fundamentals, Data Visualization, Docker & Kubernetes, Cybersecurity Essentials, A/B Testing & Experimentation, Git & Version Control, APIs & Microservices",77.2,0.76,5.8,Medium,4.5,126,SQL & Databases,SQL & Databases,Cloud Computing (AWS),MLOps Pipelines
INT_1846,Product Management,Statistics,3.38,1,8.7,5.2,1.8,1.0,1.7,8.0,Peer-learning,No Preference,Medium,Tablet,6,"SQL & Databases, Data Visualization, Statistics & Probability, MLOps Pipelines, A/B Testing & Experimentation, Business Intelligence & BI Tools",82.6,0.65,6.4,Medium,4.6,93,Python Fundamentals,Time Series Analysis,Frontend Basics (React),System Design
INT_1847,Frontend Dev,Mathematics,3.37,0,2.0,4.7,0.0,1.8,4.6,8.1,Mixed,No Preference,Medium,Tablet,4,"Data Visualization, Statistics & Probability, Git & Version Control, APIs & Microservices",61.2,0.75,6.0,Medium,4.1,29,Python Fundamentals,Python Fundamentals,Frontend Basics (React),Time Series Analysis
INT_1848,Data Engineering,Statistics,3.42,0,7.2,2.8,6.0,7.0,6.9,5.7,Video,Afternoon,Low,Mixed,6,"Data Visualization, Docker & Kubernetes, System Design, Statistics & Probability, NLP & Text Analytics, MLOps Pipelines",64.9,0.36,4.4,High,4.0,44,Python Fundamentals,Business Intelligence & BI Tools,SQL & Databases,Cloud Computing (AWS)
INT_1849,DevOps,Information Systems,3.61,2,4.1,6.0,6.0,6.4,4.6,5.8,Video,Evening,High,Laptop,3,"Python Fundamentals, Cloud Computing (AWS), System Design",71.3,0.35,4.6,High,4.5,31,SQL & Databases,SQL & Databases,MLOps Pipelines,Cybersecurity Essentials
INT_1850,Backend Dev,Information Systems,3.92,1,9.6,6.0,5.7,4.2,5.0,10.3,Peer-learning,Evening,Low,Tablet,1,Data Wrangling & Pandas,62.5,0.92,7.0,Low,4.6,86,Python Fundamentals,SQL & Databases,Cloud Computing (AWS),Docker & Kubernetes
INT_1851,Product Management,Electrical Engineering,3.23,0,10.0,2.4,5.3,3.3,2.1,10.0,Reading,Evening,Low,Mixed,4,"SQL & Databases, Statistics & Probability, A/B Testing & Experimentation, Business Intelligence & BI Tools",46.1,0.83,6.0,Low,4.6,47,Data Visualization,Data Visualization,Deep Learning,Machine Learning Basics
INT_1852,Cloud Infrastructure,Economics,4.0,2,4.9,8.8,6.2,2.8,7.5,11.1,Mixed,Night Owl,Low,Desktop,1,SQL & Databases,54.4,0.73,6.1,Medium,3.9,124,Python Fundamentals,Python Fundamentals,Git & Version Control,APIs & Microservices
INT_1853,Software Engineering,Information Systems,3.32,1,5.4,6.1,5.6,5.1,2.1,13.2,Peer-learning,Morning,High,Desktop,2,"SQL & Databases, APIs & Microservices",93.9,0.83,8.2,Low,5.0,31,Python Fundamentals,Data Wrangling & Pandas,Git & Version Control,Frontend Basics (React)
INT_1854,Product Management,Physics,3.0,0,2.3,5.0,4.6,6.5,2.7,10.1,Reading,No Preference,High,Desktop,1,Business Intelligence & BI Tools,79.5,0.66,6.6,Medium,5.0,138,SQL & Databases,Statistics & Probability,A/B Testing & Experimentation,SQL & Databases
INT_1855,Data Engineering,Business Analytics,3.55,0,5.2,9.5,2.2,4.2,8.1,8.4,Mixed,Morning,Medium,Desktop,5,"Python Fundamentals, Docker & Kubernetes, Frontend Basics (React), Data Wrangling & Pandas, Time Series Analysis",55.8,0.95,6.5,Low,4.7,138,SQL & Databases,Git & Version Control,Data Visualization,APIs & Microservices
INT_1856,Data Engineering,Physics,3.41,2,9.6,5.4,4.2,7.0,5.0,8.0,Reading,Afternoon,Low,Tablet,3,"A/B Testing & Experimentation, Data Wrangling & Pandas, Business Intelligence & BI Tools",66.5,0.95,6.9,Low,3.9,73,Python Fundamentals,Statistics & Probability,Time Series Analysis,Cloud Computing (AWS)
INT_1857,ML Engineering,Statistics,3.33,2,4.3,2.3,3.3,6.6,3.5,8.0,Video,No Preference,Low,Mixed,8,"SQL & Databases, Deep Learning, Cloud Computing (AWS), Statistics & Probability, A/B Testing & Experimentation, Data Wrangling & Pandas, Git & Version Control, Business Intelligence & BI Tools",58.3,0.55,5.2,Medium,4.3,66,Python Fundamentals,Machine Learning Basics,System Design,MLOps Pipelines
INT_1858,Product Management,Electrical Engineering,3.13,2,7.4,9.3,3.8,3.0,3.6,9.3,Hands-on Projects,Afternoon,High,Tablet,4,"SQL & Databases, Data Visualization, Statistics & Probability, Business Intelligence & BI Tools",48.7,0.59,5.2,Medium,4.8,129,A/B Testing & Experimentation,A/B Testing & Experimentation,APIs & Microservices,Cloud Computing (AWS)
INT_1859,Frontend Dev,Business Analytics,4.0,2,6.1,7.2,4.8,5.2,5.7,11.6,Hands-on Projects,Night Owl,High,Laptop,7,"Python Fundamentals, Deep Learning, System Design, NLP & Text Analytics, Git & Version Control, APIs & Microservices, Business Intelligence & BI Tools",76.7,0.64,6.7,Medium,4.7,50,Data Visualization,Frontend Basics (React),Data Visualization,Docker & Kubernetes
INT_1860,Frontend Dev,Information Systems,2.84,3,7.0,4.8,4.2,6.3,5.7,3.4,Mixed,Morning,High,Mixed,7,"Python Fundamentals, Data Visualization, Frontend Basics (React), Statistics & Probability, Git & Version Control, APIs & Microservices, Time Series Analysis",85.0,0.49,5.2,Medium,3.4,153,SQL & Databases,Docker & Kubernetes,Cybersecurity Essentials,Cloud Computing (AWS)
INT_1861,Backend Dev,Computer Science,3.33,1,7.1,6.4,2.1,2.2,3.6,8.9,Video,Afternoon,Low,Tablet,6,"SQL & Databases, Deep Learning, Docker & Kubernetes, NLP & Text Analytics, MLOps Pipelines, APIs & Microservices",58.5,0.8,6.2,Low,3.9,138,Python Fundamentals,System Design,Git & Version Control,Data Wrangling & Pandas
INT_1862,Backend Dev,Computer Science,2.64,0,7.4,6.0,3.3,5.8,0.0,6.2,Video,Afternoon,High,Mixed,2,"Python Fundamentals, Docker & Kubernetes",67.8,0.75,5.9,Medium,3.3,81,SQL & Databases,APIs & Microservices,Data Wrangling & Pandas,System Design
INT_1863,Product Management,Bioinformatics,2.43,2,6.5,6.4,4.2,2.5,0.0,7.1,Reading,No Preference,High,Desktop,8,"SQL & Databases, Data Visualization, System Design, Statistics & Probability, NLP & Text Analytics, A/B Testing & Experimentation, Data Wrangling & Pandas, Business Intelligence & BI Tools",72.9,0.77,6.3,Medium,4.0,178,Python Fundamentals,Time Series Analysis,Frontend Basics (React),APIs & Microservices
INT_1864,Frontend Dev,Information Systems,3.8,2,5.7,7.4,8.9,4.2,3.1,4.6,Hands-on Projects,Morning,Low,Tablet,8,"Python Fundamentals, Docker & Kubernetes, Frontend Basics (React), MLOps Pipelines, Git & Version Control, APIs & Microservices, Time Series Analysis, Reinforcement Learning",63.4,0.4,4.3,High,4.5,136,Data Visualization,Data Visualization,System Design,Data Wrangling & Pandas
INT_1865,Cloud Infrastructure,Mathematics,2.85,1,8.3,3.2,4.1,4.2,4.1,9.1,Reading,No Preference,High,Laptop,4,"SQL & Databases, Data Visualization, Docker & Kubernetes, System Design",40.8,0.37,4.1,High,3.0,153,Python Fundamentals,MLOps Pipelines,Cloud Computing (AWS),Cybersecurity Essentials
INT_1866,DevOps,Economics,3.98,1,8.7,2.9,1.9,5.0,7.2,10.5,Reading,No Preference,Medium,Tablet,5,"Python Fundamentals, Machine Learning Basics, Data Visualization, System Design, MLOps Pipelines",78.2,0.74,6.9,Low,4.5,90,SQL & Databases,Cloud Computing (AWS),Cybersecurity Essentials,Docker & Kubernetes
INT_1867,Data Engineering,Business Analytics,2.84,2,6.4,5.6,8.1,4.6,2.2,2.0,Mixed,Evening,Medium,Mixed,7,"Python Fundamentals, SQL & Databases, Data Visualization, Docker & Kubernetes, MLOps Pipelines, Data Wrangling & Pandas, APIs & Microservices",58.0,0.93,5.6,Low,4.5,145,Cloud Computing (AWS),Time Series Analysis,Statistics & Probability,System Design
INT_1868,Frontend Dev,Physics,3.34,0,4.2,7.5,4.6,8.9,3.4,7.5,Hands-on Projects,Afternoon,Low,Tablet,1,Python Fundamentals,60.2,0.84,6.2,Low,3.4,111,Data Visualization,Data Visualization,APIs & Microservices,Frontend Basics (React)
INT_1869,ML Engineering,Computer Science,3.2,1,5.9,6.4,3.6,10.0,6.7,8.8,Hands-on Projects,Evening,Medium,Laptop,4,"SQL & Databases, Deep Learning, Cloud Computing (AWS), Git & Version Control",58.7,0.81,6.2,Low,4.7,51,Python Fundamentals,Python Fundamentals,System Design,Data Wrangling & Pandas
INT_1870,Cloud Infrastructure,Bioinformatics,3.18,1,3.6,9.1,5.8,2.4,4.5,2.0,Video,No Preference,Low,Tablet,4,"Docker & Kubernetes, Cybersecurity Essentials, MLOps Pipelines, APIs & Microservices",93.7,0.67,5.9,Medium,4.5,80,Python Fundamentals,SQL & Databases,Cloud Computing (AWS),System Design
INT_1871,Data Engineering,Mathematics,3.61,2,6.0,5.7,3.2,6.5,0.2,9.8,Reading,Evening,High,Desktop,7,"Data Visualization, System Design, MLOps Pipelines, A/B Testing & Experimentation, Git & Version Control, Time Series Analysis, Business Intelligence & BI Tools",70.9,0.96,7.3,Low,2.8,135,Python Fundamentals,Statistics & Probability,Data Wrangling & Pandas,APIs & Microservices
INT_1872,Data Science,Physics,3.33,3,3.3,5.5,2.5,2.2,1.8,10.9,Mixed,Night Owl,Low,Desktop,0,,72.2,0.88,7.2,Low,5.0,152,Data Visualization,Python Fundamentals,SQL & Databases,Machine Learning Basics
INT_1873,Frontend Dev,Statistics,3.45,2,5.8,2.2,2.3,6.6,7.6,11.3,Mixed,Evening,High,Laptop,6,"Python Fundamentals, Data Visualization, Frontend Basics (React), Statistics & Probability, Git & Version Control, APIs & Microservices",67.6,0.65,6.3,Medium,3.4,131,SQL & Databases,System Design,Data Wrangling & Pandas,Deep Learning
INT_1874,Software Engineering,Cognitive Science,3.15,0,4.1,5.2,3.1,3.7,3.0,7.2,Reading,Afternoon,Medium,Laptop,7,"Python Fundamentals, SQL & Databases, Docker & Kubernetes, System Design, Statistics & Probability, Data Wrangling & Pandas, Git & Version Control",82.6,0.8,6.8,Low,3.9,27,Cloud Computing (AWS),Frontend Basics (React),APIs & Microservices,Cloud Computing (AWS)
INT_1875,Cloud Infrastructure,Business Analytics,3.14,1,1.7,7.4,5.9,9.0,1.0,11.5,Mixed,Afternoon,High,Mixed,3,"Python Fundamentals, SQL & Databases, Docker & Kubernetes",100.0,0.73,7.8,Low,4.5,34,Cloud Computing (AWS),MLOps Pipelines,APIs & Microservices,Git & Version Control
INT_1876,Cloud Infrastructure,Information Systems,3.21,1,2.3,4.2,0.8,3.0,5.3,3.2,Hands-on Projects,Morning,Low,Laptop,4,"Cloud Computing (AWS), Docker & Kubernetes, System Design, MLOps Pipelines",44.1,0.67,4.4,Medium,4.5,60,Python Fundamentals,Cybersecurity Essentials,APIs & Microservices,Git & Version Control
INT_1877,Cloud Infrastructure,Statistics,3.97,2,6.9,4.3,3.3,4.4,7.0,2.1,Peer-learning,Morning,Medium,Mixed,8,"Python Fundamentals, SQL & Databases, Cloud Computing (AWS), Docker & Kubernetes, A/B Testing & Experimentation, Git & Version Control, APIs & Microservices, Time Series Analysis",42.8,0.84,4.8,Medium,2.2,88,Cybersecurity Essentials,MLOps Pipelines,System Design,Cybersecurity Essentials
INT_1878,Software Engineering,Electrical Engineering,4.0,1,6.5,8.1,1.3,4.6,1.9,12.3,Video,Evening,Medium,Laptop,8,"Python Fundamentals, SQL & Databases, Deep Learning, Cloud Computing (AWS), System Design, Frontend Basics (React), Data Wrangling & Pandas, Git & Version Control",68.4,0.68,6.6,Medium,3.4,158,Docker & Kubernetes,APIs & Microservices,Docker & Kubernetes,MLOps Pipelines
INT_1879,DevOps,Mathematics,3.21,1,3.7,7.1,6.2,7.6,3.6,3.8,Mixed,Night Owl,Medium,Mixed,2,"SQL & Databases, Git & Version Control",76.2,0.78,6.0,Medium,3.6,43,Python Fundamentals,MLOps Pipelines,System Design,Cloud Computing (AWS)
INT_1880,Frontend Dev,Statistics,3.94,0,4.0,6.0,4.7,5.7,4.9,4.7,Video,Night Owl,Medium,Laptop,6,"Python Fundamentals, Frontend Basics (React), Data Wrangling & Pandas, Git & Version Control, APIs & Microservices, Reinforcement Learning",57.3,0.51,4.5,Medium,2.8,159,Data Visualization,Data Visualization,Deep Learning,NLP & Text Analytics
INT_1881,ML Engineering,Cognitive Science,3.35,0,6.9,5.8,7.7,2.3,2.2,6.7,Video,Evening,Low,Laptop,6,"SQL & Databases, MLOps Pipelines, A/B Testing & Experimentation, Data Wrangling & Pandas, Time Series Analysis, Reinforcement Learning",92.3,0.41,5.7,Medium,3.0,166,Python Fundamentals,Statistics & Probability,System Design,Git & Version Control
INT_1882,Software Engineering,Physics,3.32,2,0.7,3.7,5.8,3.7,7.4,8.3,Peer-learning,No Preference,Medium,Laptop,1,Git & Version Control,52.3,0.8,5.9,Medium,3.5,26,Python Fundamentals,SQL & Databases,Cloud Computing (AWS),Docker & Kubernetes
INT_1883,Data Science,Cognitive Science,2.87,0,4.8,6.2,5.9,5.1,3.5,10.1,Reading,Evening,Medium,Tablet,7,"Machine Learning Basics, Deep Learning, Data Visualization, NLP & Text Analytics, A/B Testing & Experimentation, Data Wrangling & Pandas, Time Series Analysis",58.9,0.48,5.3,Medium,3.6,143,SQL & Databases,Business Intelligence & BI Tools,SQL & Databases,Statistics & Probability
INT_1884,Cybersecurity,Physics,2.74,1,5.0,0.3,5.7,3.0,2.6,12.7,Mixed,No Preference,High,Laptop,5,"SQL & Databases, Data Visualization, Cloud Computing (AWS), MLOps Pipelines, Git & Version Control",63.0,0.97,7.5,Low,3.9,127,Python Fundamentals,APIs & Microservices,System Design,Python Fundamentals
INT_1885,Cybersecurity,Electrical Engineering,3.6,0,3.1,4.7,4.2,1.9,1.3,6.5,Video,Evening,Low,Mixed,0,,73.8,0.86,6.6,Low,4.5,133,Python Fundamentals,SQL & Databases,APIs & Microservices,Git & Version Control
INT_1886,Cloud Infrastructure,Physics,3.05,0,10.0,5.0,5.3,4.1,4.5,6.8,Video,No Preference,Low,Laptop,0,,51.9,0.61,5.0,Medium,4.4,49,Python Fundamentals,SQL & Databases,Docker & Kubernetes,Cloud Computing (AWS)
INT_1887,Backend Dev,Business Analytics,3.66,3,5.2,4.3,4.6,6.5,2.6,10.2,Mixed,Evening,High,Mixed,0,,78.2,0.81,7.1,Low,3.9,68,Python Fundamentals,Python Fundamentals,SQL & Databases,Python Fundamentals
INT_1888,ML Engineering,Computer Science,3.31,2,7.7,4.8,4.9,3.6,4.6,5.1,Reading,Evening,High,Laptop,2,"Cloud Computing (AWS), Git & Version Control",77.6,0.61,5.6,Medium,3.2,117,Python Fundamentals,A/B Testing & Experimentation,SQL & Databases,Statistics & Probability
INT_1889,Product Management,Information Systems,3.65,0,3.6,4.8,5.3,4.2,2.7,8.0,Mixed,Evening,High,Tablet,5,"SQL & Databases, Cloud Computing (AWS), Statistics & Probability, A/B Testing & Experimentation, Reinforcement Learning",60.0,0.71,5.8,Medium,4.5,155,Data Visualization,Business Intelligence & BI Tools,Data Visualization,Time Series Analysis
INT_1890,Frontend Dev,Physics,2.88,0,4.9,5.8,4.3,7.0,3.5,5.4,Mixed,Evening,Medium,Tablet,2,"SQL & Databases, APIs & Microservices",76.0,0.6,5.6,Medium,5.0,85,Python Fundamentals,Data Visualization,Python Fundamentals,Frontend Basics (React)
INT_1891,Data Science,Information Systems,2.92,0,6.9,4.2,4.3,2.7,6.2,5.2,Hands-on Projects,Evening,Low,Tablet,7,"Machine Learning Basics, Deep Learning, Data Visualization, Docker & Kubernetes, NLP & Text Analytics, A/B Testing & Experimentation, Data Wrangling & Pandas",72.7,0.63,5.5,Medium,3.0,157,SQL & Databases,SQL & Databases,Business Intelligence & BI Tools,Time Series Analysis
INT_1892,Data Science,Business Analytics,3.11,0,5.8,4.2,1.5,5.6,3.7,8.4,Peer-learning,Morning,Medium,Tablet,8,"Machine Learning Basics, Data Visualization, Docker & Kubernetes, Statistics & Probability, MLOps Pipelines, Data Wrangling & Pandas, APIs & Microservices, Time Series Analysis",66.9,0.59,5.7,Medium,5.0,107,Deep Learning,Deep Learning,NLP & Text Analytics,A/B Testing & Experimentation
INT_1893,Data Science,Economics,3.23,1,5.1,4.0,4.8,5.6,5.2,11.4,Reading,Morning,High,Desktop,2,"SQL & Databases, Data Wrangling & Pandas",70.1,0.37,5.5,Medium,3.8,70,Data Visualization,Data Visualization,Deep Learning,Machine Learning Basics
INT_1894,Cybersecurity,Mathematics,3.47,0,5.6,6.8,4.8,4.6,4.0,10.8,Peer-learning,Afternoon,Medium,Tablet,2,"Data Visualization, System Design",50.0,0.49,5.1,Medium,4.7,57,Python Fundamentals,Python Fundamentals,Git & Version Control,APIs & Microservices
INT_1895,Product Management,Statistics,2.69,1,5.8,3.3,1.6,6.0,5.3,8.5,Video,Afternoon,Low,Desktop,1,Statistics & Probability,56.7,0.93,6.5,Low,4.6,42,SQL & Databases,Data Visualization,A/B Testing & Experimentation,SQL & Databases
INT_1896,Backend Dev,Business Analytics,3.38,0,2.7,4.1,4.1,1.6,2.3,9.5,Reading,Morning,Medium,Desktop,4,"SQL & Databases, Docker & Kubernetes, Frontend Basics (React), Git & Version Control",69.9,0.55,5.8,Medium,3.7,46,Python Fundamentals,Python Fundamentals,Data Wrangling & Pandas,System Design
INT_1897,ML Engineering,Electrical Engineering,3.4,3,10.0,10.0,5.4,5.9,6.9,9.4,Hands-on Projects,No Preference,Low,Desktop,2,"Docker & Kubernetes, Git & Version Control",70.8,0.83,6.8,Low,5.0,36,Python Fundamentals,SQL & Databases,NLP & Text Analytics,Reinforcement Learning
INT_1898,Frontend Dev,Electrical Engineering,2.87,2,4.0,9.6,7.8,3.5,5.3,9.6,Reading,Morning,High,Laptop,2,"Data Visualization, Git & Version Control",70.5,0.62,6.1,Medium,4.3,33,Python Fundamentals,APIs & Microservices,Frontend Basics (React),Python Fundamentals
INT_1899,Backend Dev,Electrical Engineering,2.65,0,3.2,4.0,6.0,7.4,3.8,10.1,Hands-on Projects,Morning,Medium,Tablet,3,"Data Visualization, MLOps Pipelines, APIs & Microservices",83.5,0.74,7.0,Low,4.3,114,Python Fundamentals,SQL & Databases,Docker & Kubernetes,Cloud Computing (AWS)
INT_1900,Data Engineering,Statistics,3.39,0,9.3,8.5,4.9,4.9,5.8,5.2,Reading,Morning,Medium,Tablet,3,"Cloud Computing (AWS), Docker & Kubernetes, Time Series Analysis",72.9,0.96,6.7,Low,5.0,27,Python Fundamentals,MLOps Pipelines,Business Intelligence & BI Tools,SQL & Databases
INT_1901,Data Science,Computer Science,3.64,0,4.5,2.9,6.2,6.4,5.3,8.4,Mixed,Evening,Medium,Tablet,8,"SQL & Databases, Machine Learning Basics, Deep Learning, Data Visualization, Statistics & Probability, NLP & Text Analytics, Data Wrangling & Pandas, Time Series Analysis",86.1,0.94,7.6,Low,3.7,105,A/B Testing & Experimentation,Business Intelligence & BI Tools,A/B Testing & Experimentation,Cloud Computing (AWS)
INT_1902,ML Engineering,Business Analytics,3.58,0,8.6,8.5,5.1,1.1,1.8,11.0,Video,Evening,High,Laptop,8,"Python Fundamentals, Deep Learning, Cloud Computing (AWS), System Design, Frontend Basics (React), MLOps Pipelines, A/B Testing & Experimentation, Git & Version Control",54.4,0.85,6.5,Low,3.9,46,SQL & Databases,SQL & Databases,Data Wrangling & Pandas,Statistics & Probability
INT_1903,Cloud Infrastructure,Economics,2.58,0,8.1,5.1,0.8,0.0,6.0,8.8,Peer-learning,No Preference,High,Tablet,3,"Cloud Computing (AWS), Cybersecurity Essentials, Reinforcement Learning",66.2,0.75,6.3,Medium,5.0,104,Python Fundamentals,Docker & Kubernetes,APIs & Microservices,Git & Version Control
INT_1904,Cloud Infrastructure,Mathematics,2.83,2,6.3,6.5,2.9,3.7,6.2,6.3,Peer-learning,Night Owl,Low,Laptop,5,"SQL & Databases, Cloud Computing (AWS), Docker & Kubernetes, System Design, Frontend Basics (React)",70.4,0.56,5.4,Medium,4.3,126,Python Fundamentals,Cybersecurity Essentials,Python Fundamentals,APIs & Microservices
INT_1905,Cloud Infrastructure,Electrical Engineering,3.27,0,7.2,7.5,0.8,2.3,6.7,7.6,Mixed,No Preference,Medium,Laptop,8,"Deep Learning, Cloud Computing (AWS), Cybersecurity Essentials, System Design, Statistics & Probability, NLP & Text Analytics, MLOps Pipelines, APIs & Microservices",71.7,0.49,5.4,Medium,3.0,75,Python Fundamentals,Docker & Kubernetes,Python Fundamentals,Git & Version Control
INT_1906,ML Engineering,Information Systems,3.91,0,0.2,3.7,0.9,0.0,4.1,13.4,Hands-on Projects,Morning,Low,Tablet,7,"Python Fundamentals, Machine Learning Basics, Deep Learning, Cloud Computing (AWS), Docker & Kubernetes, NLP & Text Analytics, Data Wrangling & Pandas",66.6,0.42,5.8,Medium,4.9,49,SQL & Databases,Statistics & Probability,A/B Testing & Experimentation,SQL & Databases
INT_1907,Product Management,Cognitive Science,3.41,0,2.8,4.6,2.9,5.1,2.9,7.5,Hands-on Projects,No Preference,Low,Mixed,7,"SQL & Databases, Data Visualization, Docker & Kubernetes, Cybersecurity Essentials, System Design, Statistics & Probability, Business Intelligence & BI Tools",72.7,0.7,6.1,Medium,4.9,17,A/B Testing & Experimentation,A/B Testing & Experimentation,Deep Learning,Machine Learning Basics
INT_1908,Backend Dev,Bioinformatics,2.86,0,8.5,5.5,8.9,7.6,2.3,7.8,Hands-on Projects,Night Owl,High,Mixed,4,"Python Fundamentals, Data Wrangling & Pandas, Git & Version Control, APIs & Microservices",50.2,0.93,6.2,Low,3.9,138,SQL & Databases,System Design,Docker & Kubernetes,Cloud Computing (AWS)
INT_1909,Product Management,Information Systems,3.93,1,6.2,7.8,4.5,4.6,3.7,4.4,Video,No Preference,High,Laptop,8,"SQL & Databases, Machine Learning Basics, Data Visualization, Frontend Basics (React), MLOps Pipelines, A/B Testing & Experimentation, Time Series Analysis, Business Intelligence & BI Tools",41.1,0.62,4.3,Medium,3.8,166,Statistics & Probability,Statistics & Probability,APIs & Microservices,Python Fundamentals
INT_1910,Cloud Infrastructure,Information Systems,2.93,0,1.5,6.6,3.9,2.2,6.3,5.5,Peer-learning,Evening,High,Desktop,2,"Python Fundamentals, APIs & Microservices",72.7,0.33,4.5,High,5.0,72,SQL & Databases,Docker & Kubernetes,Cloud Computing (AWS),Cybersecurity Essentials
INT_1911,Backend Dev,Mathematics,2.49,1,7.4,6.2,6.7,3.3,3.4,12.2,Mixed,No Preference,High,Tablet,2,"Statistics & Probability, Data Wrangling & Pandas",68.8,0.47,5.9,Medium,3.7,97,Python Fundamentals,SQL & Databases,APIs & Microservices,Python Fundamentals
INT_1912,Backend Dev,Computer Science,3.39,0,5.6,6.2,6.3,10.0,7.7,7.8,Peer-learning,Morning,Medium,Mixed,2,"Deep Learning, Cloud Computing (AWS)",67.5,0.61,5.7,Medium,5.0,23,Python Fundamentals,Git & Version Control,APIs & Microservices,System Design
INT_1913,Backend Dev,Computer Science,3.48,0,5.8,9.4,4.5,6.6,2.1,6.5,Hands-on Projects,No Preference,High,Mixed,0,,75.0,0.89,6.7,Low,4.0,34,Python Fundamentals,Python Fundamentals,System Design,Data Wrangling & Pandas
INT_1914,Frontend Dev,Computer Science,2.39,1,10.0,4.3,5.9,7.0,3.5,8.7,Reading,Evening,Medium,Mixed,6,"Python Fundamentals, Machine Learning Basics, Data Visualization, Frontend Basics (React), Git & Version Control, APIs & Microservices",58.6,0.84,6.3,Low,4.0,58,SQL & Databases,Business Intelligence & BI Tools,SQL & Databases,Statistics & Probability
INT_1915,Data Science,Statistics,2.9,2,8.0,5.7,2.7,9.0,3.5,5.3,Hands-on Projects,Night Owl,High,Desktop,2,"SQL & Databases, Data Wrangling & Pandas",65.5,0.96,6.4,Low,3.6,156,Data Visualization,Data Visualization,Deep Learning,Machine Learning Basics
INT_1916,Data Science,Cognitive Science,3.57,3,8.1,4.2,0.0,5.7,4.7,7.4,Peer-learning,Morning,Medium,Laptop,6,"Deep Learning, Data Visualization, NLP & Text Analytics, Data Wrangling & Pandas, Time Series Analysis, Business Intelligence & BI Tools",57.8,0.78,5.9,Medium,5.0,71,Machine Learning Basics,Machine Learning Basics,Statistics & Probability,A/B Testing & Experimentation
INT_1917,Frontend Dev,Statistics,3.23,1,4.9,5.7,3.1,0.7,5.0,8.5,Video,Night Owl,Medium,Mixed,3,"Frontend Basics (React), Git & Version Control, Reinforcement Learning",58.6,0.7,5.8,Medium,3.0,177,Python Fundamentals,Data Visualization,Python Fundamentals,APIs & Microservices
INT_1918,Data Engineering,Computer Science,2.98,0,8.1,5.0,0.2,6.2,0.4,10.7,Mixed,Afternoon,High,Desktop,6,"SQL & Databases, Cloud Computing (AWS), System Design, Statistics & Probability, MLOps Pipelines, Time Series Analysis",65.3,0.64,6.1,Medium,3.8,116,Python Fundamentals,Data Wrangling & Pandas,Git & Version Control,APIs & Microservices
INT_1919,Data Science,Mathematics,2.98,2,7.5,5.7,8.0,3.4,5.5,10.3,Peer-learning,Night Owl,High,Desktop,3,"Deep Learning, Data Visualization, A/B Testing & Experimentation",32.1,0.68,5.0,Medium,3.0,63,Machine Learning Basics,Machine Learning Basics,Time Series Analysis,Statistics & Probability
INT_1920,Data Science,Information Systems,3.46,1,6.4,5.3,8.1,5.3,3.8,6.9,Reading,Evening,Low,Mixed,0,,81.1,0.57,5.9,Medium,3.8,44,Data Visualization,Data Visualization,Deep Learning,Machine Learning Basics
INT_1921,Backend Dev,Electrical Engineering,3.0,3,3.1,7.7,5.2,4.7,5.9,7.3,Peer-learning,Morning,Low,Tablet,6,"Python Fundamentals, SQL & Databases, Cloud Computing (AWS), Docker & Kubernetes, System Design, Time Series Analysis",54.9,0.87,6.1,Low,4.5,105,Data Wrangling & Pandas,Git & Version Control,Data Wrangling & Pandas,APIs & Microservices
INT_1922,Software Engineering,Information Systems,2.85,0,9.4,5.2,6.7,6.7,3.5,6.0,Video,Morning,Medium,Tablet,3,"SQL & Databases, System Design, APIs & Microservices",81.5,0.95,7.1,Low,4.7,100,Python Fundamentals,Cloud Computing (AWS),Docker & Kubernetes,Git & Version Control
INT_1923,Cybersecurity,Business Analytics,3.22,0,9.8,6.6,0.7,3.2,8.1,12.0,Hands-on Projects,No Preference,High,Desktop,3,"Cybersecurity Essentials, System Design, Git & Version Control",63.7,0.7,6.5,Medium,2.7,35,Python Fundamentals,Cloud Computing (AWS),Docker & Kubernetes,APIs & Microservices
INT_1924,DevOps,Electrical Engineering,2.78,2,5.7,8.1,3.8,0.7,0.9,9.4,Peer-learning,No Preference,Low,Desktop,3,"SQL & Databases, MLOps Pipelines, APIs & Microservices",77.7,0.88,7.2,Low,4.4,65,Python Fundamentals,Python Fundamentals,Git & Version Control,System Design
INT_1925,Data Science,Business Analytics,3.44,1,6.2,5.6,6.4,0.0,6.3,10.2,Video,No Preference,Low,Desktop,1,Machine Learning Basics,83.2,0.69,6.9,Medium,4.1,50,Data Visualization,Data Visualization,Deep Learning,Time Series Analysis
INT_1926,Data Science,Economics,3.3,1,5.6,5.6,5.8,6.5,0.4,12.8,Video,Night Owl,Low,Desktop,5,"SQL & Databases, Data Visualization, Data Wrangling & Pandas, Time Series Analysis, Business Intelligence & BI Tools",56.7,0.57,5.9,Medium,3.5,108,Deep Learning,Deep Learning,Machine Learning Basics,A/B Testing & Experimentation
INT_1927,Data Engineering,Computer Science,3.05,2,8.0,6.9,2.9,9.5,4.2,8.0,Hands-on Projects,Morning,Medium,Mixed,1,System Design,81.5,0.52,5.9,Medium,4.1,170,Python Fundamentals,Docker & Kubernetes,Statistics & Probability,Time Series Analysis
INT_1928,DevOps,Electrical Engineering,3.64,2,3.4,7.1,4.3,3.4,5.4,3.7,Mixed,No Preference,High,Mixed,0,,64.1,0.73,5.4,Medium,3.5,164,Python Fundamentals,Docker & Kubernetes,Cybersecurity Essentials,Cloud Computing (AWS)
INT_1929,Cybersecurity,Computer Science,2.62,0,6.7,6.0,5.0,8.2,6.5,8.7,Hands-on Projects,Morning,High,Desktop,0,,73.9,0.68,6.3,Medium,3.2,15,Python Fundamentals,SQL & Databases,Docker & Kubernetes,Cloud Computing (AWS)
INT_1930,Frontend Dev,Economics,3.27,2,7.3,6.6,5.1,1.2,0.9,8.2,Mixed,Morning,Low,Mixed,6,"Python Fundamentals, SQL & Databases, System Design, Git & Version Control, APIs & Microservices, Reinforcement Learning",66.0,0.63,5.7,Medium,5.0,139,Data Visualization,Data Visualization,Frontend Basics (React),Business Intelligence & BI Tools
INT_1931,Backend Dev,Electrical Engineering,3.81,0,3.3,4.2,5.7,2.7,3.9,7.7,Reading,Afternoon,High,Mixed,0,,60.9,0.87,6.3,Low,5.0,52,Python Fundamentals,SQL & Databases,Docker & Kubernetes,Cloud Computing (AWS)
INT_1932,Frontend Dev,Computer Science,2.82,1,2.4,5.8,8.4,5.2,0.7,13.0,Hands-on Projects,Afternoon,Low,Mixed,0,,85.8,0.83,7.9,Low,3.6,34,Python Fundamentals,Python Fundamentals,SQL & Databases,APIs & Microservices
INT_1933,Cybersecurity,Computer Science,3.52,1,7.5,5.1,3.9,8.1,0.3,4.7,Mixed,Afternoon,Medium,Mixed,4,"Cybersecurity Essentials, System Design, APIs & Microservices, Business Intelligence & BI Tools",59.5,0.9,5.9,Low,3.1,178,Python Fundamentals,SQL & Databases,Git & Version Control,Python Fundamentals
INT_1934,Data Science,Physics,3.46,1,2.8,8.9,8.2,4.5,5.7,7.8,Mixed,No Preference,Low,Laptop,0,,57.4,0.8,6.0,Medium,5.0,53,Data Visualization,Data Visualization,Deep Learning,Machine Learning Basics
INT_1935,Frontend Dev,Information Systems,3.81,1,7.4,8.9,5.7,1.8,4.8,9.9,Video,No Preference,High,Tablet,2,"Python Fundamentals, Machine Learning Basics",76.7,0.56,6.1,Medium,4.3,106,Data Visualization,Frontend Basics (React),APIs & Microservices,Data Visualization
INT_1936,Data Engineering,Cognitive Science,4.0,1,7.4,3.9,6.1,3.6,0.5,6.9,Hands-on Projects,Afternoon,Low,Desktop,4,"Python Fundamentals, SQL & Databases, Data Wrangling & Pandas, Time Series Analysis",71.9,0.67,5.9,Medium,5.0,97,Data Visualization,Business Intelligence & BI Tools,Statistics & Probability,Git & Version Control
INT_1937,DevOps,Electrical Engineering,2.67,3,4.1,7.8,1.9,8.4,3.7,9.5,Video,Night Owl,Low,Desktop,4,"Cloud Computing (AWS), Docker & Kubernetes, System Design, APIs & Microservices",59.5,0.62,5.7,Medium,3.9,145,Python Fundamentals,MLOps Pipelines,Python Fundamentals,Cybersecurity Essentials
INT_1938,Cloud Infrastructure,Computer Science,3.84,1,8.8,6.5,2.3,8.5,5.4,6.4,Mixed,No Preference,High,Desktop,1,Python Fundamentals,70.7,0.74,6.0,Medium,3.0,14,SQL & Databases,Cybersecurity Essentials,Docker & Kubernetes,Cloud Computing (AWS)
INT_1939,Frontend Dev,Mathematics,3.21,1,5.3,6.8,1.3,7.5,0.4,8.7,Video,No Preference,Low,Desktop,3,"Frontend Basics (React), Git & Version Control, APIs & Microservices",70.8,0.92,7.0,Low,4.4,134,Python Fundamentals,Python Fundamentals,Data Visualization,System Design
INT_1940,Cybersecurity,Electrical Engineering,3.22,0,9.6,4.0,2.3,4.1,0.9,9.3,Video,Morning,High,Desktop,6,"Python Fundamentals, SQL & Databases, Data Visualization, Docker & Kubernetes, Cybersecurity Essentials, System Design",64.8,0.65,5.9,Medium,5.0,136,Cloud Computing (AWS),APIs & Microservices,Git & Version Control,Cloud Computing (AWS)
INT_1941,Frontend Dev,Physics,3.47,0,4.4,5.8,3.9,8.2,4.9,11.7,Mixed,Afternoon,High,Tablet,7,"Python Fundamentals, SQL & Databases, Data Visualization, Frontend Basics (React), NLP & Text Analytics, Git & Version Control, APIs & Microservices",62.5,0.86,7.0,Low,4.9,103,Machine Learning Basics,A/B Testing & Experimentation,Time Series Analysis,Statistics & Probability
INT_1942,DevOps,Statistics,3.83,1,6.4,5.9,5.8,6.0,3.2,3.2,Video,No Preference,Low,Mixed,8,"Python Fundamentals, SQL & Databases, Cloud Computing (AWS), Docker & Kubernetes, Cybersecurity Essentials, System Design, Git & Version Control, APIs & Microservices",75.4,0.68,5.5,Medium,3.9,47,MLOps Pipelines,MLOps Pipelines,Business Intelligence & BI Tools,A/B Testing & Experimentation
INT_1943,Data Science,Business Analytics,3.33,2,3.9,7.5,6.3,9.8,3.0,14.7,Video,Evening,Medium,Mixed,7,"SQL & Databases, Machine Learning Basics, Deep Learning, Data Visualization, Cloud Computing (AWS), Docker & Kubernetes, Statistics & Probability",82.9,0.85,8.1,Low,5.0,96,NLP & Text Analytics,Business Intelligence & BI Tools,Data Wrangling & Pandas,A/B Testing & Experimentation
INT_1944,Product Management,Electrical Engineering,3.44,1,7.2,9.1,3.7,6.0,3.9,5.5,Hands-on Projects,No Preference,Medium,Desktop,2,"Data Visualization, Statistics & Probability",70.7,0.73,5.9,Medium,2.6,125,SQL & Databases,SQL & Databases,Business Intelligence & BI Tools,A/B Testing & Experimentation
INT_1945,Data Engineering,Economics,3.19,3,2.3,6.9,5.9,3.8,3.7,8.7,Video,Night Owl,Low,Laptop,7,"Data Visualization, Docker & Kubernetes, System Design, Statistics & Probability, MLOps Pipelines, Git & Version Control, Business Intelligence & BI Tools",89.0,0.53,6.3,Medium,5.0,98,Python Fundamentals,SQL & Databases,Time Series Analysis,Cloud Computing (AWS)
INT_1946,Data Science,Electrical Engineering,3.0,0,6.7,6.1,6.9,3.5,5.2,5.8,Video,No Preference,Medium,Laptop,4,"Deep Learning, Data Visualization, A/B Testing & Experimentation, Time Series Analysis",48.8,0.43,4.1,High,4.1,27,Machine Learning Basics,Machine Learning Basics,Statistics & Probability,Data Wrangling & Pandas
INT_1947,DevOps,Business Analytics,2.98,1,2.5,6.5,5.8,4.4,2.1,9.4,Hands-on Projects,Evening,Medium,Desktop,6,"Python Fundamentals, SQL & Databases, Docker & Kubernetes, MLOps Pipelines, APIs & Microservices, Business Intelligence & BI Tools",77.2,0.94,7.4,Low,4.0,121,Cloud Computing (AWS),Git & Version Control,System Design,Cybersecurity Essentials
INT_1948,Cybersecurity,Mathematics,3.55,0,4.6,10.0,6.7,6.2,1.8,8.7,Mixed,No Preference,Medium,Tablet,1,Python Fundamentals,37.9,0.86,5.6,Low,5.0,35,SQL & Databases,Git & Version Control,System Design,APIs & Microservices
INT_1949,Product Management,Economics,3.24,0,5.2,4.4,6.8,4.1,3.6,6.1,Reading,Morning,Medium,Mixed,0,,72.3,0.49,5.2,Medium,4.5,122,SQL & Databases,Data Visualization,A/B Testing & Experimentation,Statistics & Probability
INT_1950,Cloud Infrastructure,Economics,3.88,2,7.0,7.5,4.2,6.9,1.6,8.6,Hands-on Projects,Night Owl,Low,Tablet,8,"Python Fundamentals, SQL & Databases, Docker & Kubernetes, System Design, MLOps Pipelines, Data Wrangling & Pandas, Git & Version Control, APIs & Microservices",58.0,0.92,6.5,Low,5.0,139,Cloud Computing (AWS),Cloud Computing (AWS),Cybersecurity Essentials,Business Intelligence & BI Tools
INT_1951,Cloud Infrastructure,Business Analytics,3.68,0,5.9,9.8,0.4,3.9,2.8,9.1,Video,Morning,Medium,Desktop,2,"MLOps Pipelines, Git & Version Control",81.0,0.72,6.7,Medium,5.0,143,Python Fundamentals,APIs & Microservices,Python Fundamentals,System Design
INT_1952,Frontend Dev,Computer Science,3.14,2,9.3,8.4,4.8,2.7,2.4,9.5,Mixed,Morning,Medium,Desktop,7,"Python Fundamentals, Deep Learning, Data Visualization, Frontend Basics (React), Git & Version Control, APIs & Microservices, Time Series Analysis",69.0,0.45,5.4,Medium,4.1,49,SQL & Databases,SQL & Databases,Business Intelligence & BI Tools,Machine Learning Basics
INT_1953,DevOps,Computer Science,2.94,1,7.8,2.9,7.3,7.2,6.0,6.8,Mixed,Evening,Medium,Tablet,7,"Python Fundamentals, SQL & Databases, Cloud Computing (AWS), Cybersecurity Essentials, Statistics & Probability, MLOps Pipelines, Git & Version Control",63.8,0.57,5.2,Medium,3.8,70,Docker & Kubernetes,Docker & Kubernetes,APIs & Microservices,System Design
INT_1954,Data Engineering,Physics,3.53,1,3.1,4.5,5.4,6.0,8.0,4.5,Reading,Morning,Medium,Desktop,4,"Python Fundamentals, Statistics & Probability, MLOps Pipelines, Time Series Analysis",100.0,0.77,6.9,Low,4.1,14,SQL & Databases,Business Intelligence & BI Tools,SQL & Databases,Git & Version Control
INT_1955,Frontend Dev,Business Analytics,3.46,0,2.4,6.9,7.6,4.9,4.2,7.0,Reading,Night Owl,High,Mixed,4,"Data Visualization, Git & Version Control, Reinforcement Learning, Business Intelligence & BI Tools",80.0,0.88,6.9,Low,3.5,55,Python Fundamentals,Frontend Basics (React),Python Fundamentals,APIs & Microservices
INT_1956,Backend Dev,Electrical Engineering,3.25,0,7.1,5.4,1.9,7.6,6.8,3.6,Peer-learning,Afternoon,Medium,Laptop,7,"Python Fundamentals, SQL & Databases, System Design, Frontend Basics (React), NLP & Text Analytics, Data Wrangling & Pandas, APIs & Microservices",59.1,0.68,5.0,Medium,5.0,89,Cloud Computing (AWS),Docker & Kubernetes,Cloud Computing (AWS),Git & Version Control
INT_1957,Data Science,Electrical Engineering,3.14,1,6.4,8.4,9.0,6.3,4.9,2.0,Hands-on Projects,Evening,Low,Tablet,4,"SQL & Databases, Deep Learning, Data Visualization, Data Wrangling & Pandas",83.3,0.7,5.7,Medium,5.0,116,Machine Learning Basics,Machine Learning Basics,NLP & Text Analytics,Statistics & Probability
INT_1958,Data Engineering,Information Systems,3.6,3,3.7,4.1,3.3,1.0,3.7,11.5,Peer-learning,Night Owl,Medium,Mixed,5,"Machine Learning Basics, Deep Learning, Statistics & Probability, MLOps Pipelines, Business Intelligence & BI Tools",73.2,0.73,6.8,Low,5.0,69,Python Fundamentals,Time Series Analysis,System Design,Docker & Kubernetes
INT_1959,Data Science,Computer Science,3.33,0,6.3,6.8,4.8,0.9,3.6,8.7,Mixed,No Preference,Medium,Tablet,7,"SQL & Databases, Machine Learning Basics, Deep Learning, Data Visualization, A/B Testing & Experimentation, Data Wrangling & Pandas, Business Intelligence & BI Tools",57.3,0.56,5.3,Medium,4.3,107,Statistics & Probability,Statistics & Probability,Time Series Analysis,NLP & Text Analytics
INT_1960,DevOps,Information Systems,3.49,2,6.4,6.3,7.6,1.6,5.0,8.7,Mixed,Night Owl,High,Desktop,7,"Python Fundamentals, SQL & Databases, Deep Learning, Cloud Computing (AWS), Statistics & Probability, Git & Version Control, Time Series Analysis",85.6,0.78,7.0,Low,4.4,74,Docker & Kubernetes,Cybersecurity Essentials,Docker & Kubernetes,APIs & Microservices
INT_1961,Frontend Dev,Information Systems,3.1,0,6.4,5.6,2.8,6.5,0.9,8.1,Mixed,Night Owl,Medium,Tablet,3,"Data Visualization, Git & Version Control, APIs & Microservices",62.6,0.65,5.7,Medium,5.0,159,Python Fundamentals,Frontend Basics (React),Python Fundamentals,Time Series Analysis
INT_1962,ML Engineering,Business Analytics,2.1,0,5.3,8.2,4.0,2.3,1.6,6.8,Video,No Preference,Low,Laptop,8,"Python Fundamentals, Cloud Computing (AWS), Docker & Kubernetes, System Design, MLOps Pipelines, Git & Version Control, APIs & Microservices, Reinforcement Learning",60.7,0.78,5.9,Medium,5.0,106,SQL & Databases,Data Wrangling & Pandas,SQL & Databases,Statistics & Probability
INT_1963,Cloud Infrastructure,Physics,3.13,3,3.1,10.0,2.8,8.0,3.4,7.0,Hands-on Projects,Evening,Medium,Tablet,8,"Python Fundamentals, Machine Learning Basics, Cloud Computing (AWS), Docker & Kubernetes, System Design, A/B Testing & Experimentation, Git & Version Control, Reinforcement Learning",82.4,0.85,6.9,Low,4.8,50,SQL & Databases,Cybersecurity Essentials,APIs & Microservices,MLOps Pipelines
INT_1964,Cloud Infrastructure,Computer Science,2.78,0,1.1,6.1,9.3,9.5,3.0,12.2,Video,Evening,High,Desktop,0,,85.2,0.5,6.6,Medium,3.6,147,Python Fundamentals,Docker & Kubernetes,Cloud Computing (AWS),Cybersecurity Essentials
INT_1965,Software Engineering,Information Systems,3.64,1,9.4,10.0,1.5,3.0,1.3,8.2,Reading,Morning,Medium,Desktop,3,"Cloud Computing (AWS), Git & Version Control, APIs & Microservices",59.4,0.69,5.7,Medium,3.8,147,Python Fundamentals,Data Wrangling & Pandas,System Design,SQL & Databases
INT_1966,Data Engineering,Computer Science,3.7,0,7.0,4.6,8.6,1.5,7.6,7.7,Video,No Preference,Low,Laptop,3,"System Design, Statistics & Probability, Git & Version Control",66.1,0.78,6.2,Medium,4.2,93,Python Fundamentals,Time Series Analysis,APIs & Microservices,Data Visualization
INT_1967,Cybersecurity,Cognitive Science,3.42,1,4.3,5.6,2.4,1.1,7.9,5.5,Peer-learning,Afternoon,Low,Mixed,8,"SQL & Databases, Deep Learning, Cloud Computing (AWS), Docker & Kubernetes, Cybersecurity Essentials, NLP & Text Analytics, Git & Version Control, APIs & Microservices",44.2,0.94,5.7,Low,3.0,146,Python Fundamentals,System Design,Python Fundamentals,Statistics & Probability
INT_1968,Product Management,Bioinformatics,4.0,1,5.7,5.3,7.3,1.8,3.7,8.9,Peer-learning,Morning,Medium,Desktop,1,Statistics & Probability,68.4,0.52,5.5,Medium,4.1,25,SQL & Databases,Data Visualization,A/B Testing & Experimentation,SQL & Databases
INT_1969,Cybersecurity,Bioinformatics,3.78,1,3.3,7.7,2.4,5.7,4.6,5.9,Video,Evening,Medium,Desktop,0,,79.8,0.75,6.3,Medium,4.8,117,Python Fundamentals,Cybersecurity Essentials,Cloud Computing (AWS),Docker & Kubernetes
INT_1970,ML Engineering,Statistics,3.31,1,7.2,5.8,1.8,3.9,2.4,15.6,Peer-learning,Morning,Medium,Tablet,6,"Python Fundamentals, Deep Learning, System Design, Statistics & Probability, Data Wrangling & Pandas, Reinforcement Learning",73.4,0.84,7.8,Low,3.9,157,SQL & Databases,A/B Testing & Experimentation,Git & Version Control,MLOps Pipelines
INT_1971,Cloud Infrastructure,Mathematics,3.08,3,5.1,8.2,3.4,1.1,4.6,13.4,Video,Evening,High,Tablet,6,"Python Fundamentals, SQL & Databases, MLOps Pipelines, Git & Version Control, APIs & Microservices, Time Series Analysis",73.0,0.74,7.2,Low,4.0,73,Cloud Computing (AWS),System Design,Docker & Kubernetes,Cloud Computing (AWS)
INT_1972,Frontend Dev,Physics,3.29,0,6.8,6.7,3.2,5.7,1.6,10.0,Video,Morning,Low,Mixed,3,"Python Fundamentals, Cloud Computing (AWS), APIs & Microservices",77.1,0.7,6.6,Medium,3.8,83,Data Visualization,Git & Version Control,Frontend Basics (React),Data Visualization
INT_1973,ML Engineering,Cognitive Science,2.86,0,5.1,7.9,8.7,6.4,1.1,9.3,Hands-on Projects,Morning,High,Mixed,2,"NLP & Text Analytics, Git & Version Control",88.7,0.9,7.6,Low,4.0,134,Python Fundamentals,System Design,Python Fundamentals,Data Wrangling & Pandas
INT_1974,Data Engineering,Bioinformatics,3.09,0,2.9,9.8,3.8,0.0,9.3,8.3,Hands-on Projects,No Preference,Low,Mixed,2,"Docker & Kubernetes, Data Wrangling & Pandas",66.9,0.9,6.7,Low,2.8,16,Python Fundamentals,SQL & Databases,Business Intelligence & BI Tools,Git & Version Control
INT_1975,ML Engineering,Physics,2.33,2,3.3,5.3,5.7,1.0,7.8,2.9,Peer-learning,No Preference,Low,Laptop,4,"Statistics & Probability, MLOps Pipelines, Data Wrangling & Pandas, Reinforcement Learning",75.9,0.72,5.6,Medium,4.2,124,Python Fundamentals,SQL & Databases,A/B Testing & Experimentation,Git & Version Control
INT_1976,Backend Dev,Physics,3.92,0,7.8,2.0,4.1,7.5,2.4,12.2,Mixed,No Preference,High,Desktop,8,"SQL & Databases, Deep Learning, Cybersecurity Essentials, System Design, Data Wrangling & Pandas, Git & Version Control, APIs & Microservices, Business Intelligence & BI Tools",55.1,0.72,6.3,Medium,3.7,138,Python Fundamentals,Python Fundamentals,Cloud Computing (AWS),Docker & Kubernetes
INT_1977,Software Engineering,Bioinformatics,3.22,1,5.1,8.8,6.8,8.1,2.4,7.4,Hands-on Projects,No Preference,High,Tablet,3,"SQL & Databases, Frontend Basics (React), APIs & Microservices",58.5,0.92,6.4,Low,3.5,137,Python Fundamentals,Data Wrangling & Pandas,Git & Version Control,System Design
INT_1978,ML Engineering,Bioinformatics,3.03,1,2.6,4.9,7.4,6.4,5.3,6.5,Mixed,Morning,Low,Mixed,2,"NLP & Text Analytics, Reinforcement Learning",79.3,0.71,6.2,Medium,4.2,30,Python Fundamentals,Docker & Kubernetes,Cloud Computing (AWS),Statistics & Probability
INT_1979,Product Management,Information Systems,3.29,1,4.8,3.7,3.0,1.7,7.9,10.7,Peer-learning,No Preference,Medium,Tablet,8,"SQL & Databases, Data Visualization, System Design, Statistics & Probability, NLP & Text Analytics, APIs & Microservices, Time Series Analysis, Business Intelligence & BI Tools",77.2,0.31,5.4,High,3.8,43,A/B Testing & Experimentation,A/B Testing & Experimentation,Frontend Basics (React),Git & Version Control
INT_1980,Data Science,Physics,3.22,0,5.6,4.5,2.4,5.2,4.8,12.1,Mixed,Evening,High,Tablet,1,A/B Testing & Experimentation,67.2,0.69,6.6,Medium,3.1,116,Data Visualization,Data Visualization,Deep Learning,Machine Learning Basics
INT_1981,Cybersecurity,Information Systems,2.57,2,5.1,5.7,5.0,0.0,3.5,4.3,Mixed,Night Owl,Medium,Laptop,2,"Docker & Kubernetes, Data Wrangling & Pandas",77.3,0.78,6.1,Medium,4.4,168,Python Fundamentals,Git & Version Control,APIs & Microservices,Python Fundamentals
INT_1982,Software Engineering,Business Analytics,3.01,3,2.6,4.1,8.0,5.3,8.0,12.5,Peer-learning,No Preference,High,Laptop,6,"SQL & Databases, Cloud Computing (AWS), Docker & Kubernetes, System Design, Data Wrangling & Pandas, APIs & Microservices",66.2,0.37,5.5,Medium,5.0,158,Python Fundamentals,Frontend Basics (React),Python Fundamentals,Git & Version Control
INT_1983,ML Engineering,Bioinformatics,3.73,2,5.7,6.0,1.5,3.7,7.4,6.1,Reading,Evening,High,Tablet,1,System Design,64.7,0.58,5.2,Medium,4.4,138,Python Fundamentals,Data Wrangling & Pandas,Git & Version Control,Python Fundamentals
INT_1984,Data Engineering,Cognitive Science,3.43,0,4.3,4.7,2.8,2.1,1.8,12.7,Hands-on Projects,Afternoon,Low,Laptop,6,"Cloud Computing (AWS), Docker & Kubernetes, System Design, Statistics & Probability, Git & Version Control, Business Intelligence & BI Tools",70.6,0.68,6.8,Medium,4.9,93,Python Fundamentals,Time Series Analysis,Data Visualization,Python Fundamentals
INT_1985,Data Engineering,Bioinformatics,2.94,1,5.4,7.3,2.7,0.1,4.5,3.8,Mixed,No Preference,Medium,Desktop,7,"SQL & Databases, Data Visualization, Cloud Computing (AWS), Docker & Kubernetes, Data Wrangling & Pandas, APIs & Microservices, Time Series Analysis",47.9,0.85,5.2,Medium,3.7,95,Python Fundamentals,Python Fundamentals,System Design,Git & Version Control
INT_1986,Backend Dev,Statistics,3.49,1,10.0,6.5,0.3,6.6,4.0,14.8,Hands-on Projects,No Preference,Medium,Tablet,8,"Python Fundamentals, SQL & Databases, Cloud Computing (AWS), Docker & Kubernetes, Cybersecurity Essentials, System Design, Time Series Analysis, Business Intelligence & BI Tools",41.7,0.86,6.7,Low,5.0,86,Data Wrangling & Pandas,Git & Version Control,APIs & Microservices,Data Wrangling & Pandas
INT_1987,Data Engineering,Business Analytics,3.33,2,5.9,8.2,6.0,1.4,3.1,10.1,Video,Morning,High,Desktop,8,"SQL & Databases, Cloud Computing (AWS), System Design, Statistics & Probability, Data Wrangling & Pandas, Git & Version Control, APIs & Microservices, Time Series Analysis",56.0,0.77,6.2,Medium,5.0,35,Python Fundamentals,Data Visualization,Python Fundamentals,Business Intelligence & BI Tools
INT_1988,Data Science,Statistics,3.84,2,7.3,7.1,2.8,7.3,5.6,3.9,Reading,Afternoon,High,Tablet,0,,57.4,0.56,4.6,Medium,4.1,66,Data Visualization,Data Visualization,Deep Learning,Machine Learning Basics
INT_1989,Data Engineering,Information Systems,3.83,1,5.8,4.5,6.5,4.2,4.3,7.2,Peer-learning,Morning,Low,Laptop,3,"Python Fundamentals, Statistics & Probability, MLOps Pipelines",80.1,0.84,6.8,Low,5.0,179,SQL & Databases,Data Visualization,Data Wrangling & Pandas,System Design
INT_1990,Data Science,Bioinformatics,2.66,0,4.6,6.8,8.1,2.9,0.6,14.2,Hands-on Projects,Afternoon,High,Tablet,8,"Machine Learning Basics, Deep Learning, Data Visualization, Statistics & Probability, NLP & Text Analytics, A/B Testing & Experimentation, Time Series Analysis, Business Intelligence & BI Tools",61.4,0.93,7.5,Low,4.5,166,SQL & Databases,Data Wrangling & Pandas,SQL & Databases,System Design
INT_1991,Frontend Dev,Electrical Engineering,3.48,1,6.0,5.2,5.3,0.0,0.0,7.4,Video,No Preference,High,Tablet,3,"Deep Learning, Docker & Kubernetes, APIs & Microservices",87.9,0.81,7.0,Low,3.4,70,Python Fundamentals,Frontend Basics (React),Git & Version Control,Data Visualization
INT_1992,Backend Dev,Electrical Engineering,3.46,2,5.0,7.5,5.8,0.9,2.3,6.2,Mixed,Morning,High,Laptop,0,,73.3,0.83,6.4,Low,3.4,72,Python Fundamentals,Data Wrangling & Pandas,SQL & Databases,System Design
INT_1993,Data Science,Business Analytics,2.98,0,6.3,4.5,2.4,5.8,0.9,8.3,Video,Night Owl,Low,Laptop,5,"Machine Learning Basics, Deep Learning, Data Visualization, NLP & Text Analytics, Data Wrangling & Pandas",76.2,0.82,6.8,Low,4.4,64,SQL & Databases,Statistics & Probability,A/B Testing & Experimentation,Time Series Analysis
INT_1994,Software Engineering,Physics,4.0,2,5.9,7.1,5.1,2.6,3.5,8.9,Mixed,Night Owl,High,Desktop,4,"SQL & Databases, Cloud Computing (AWS), Data Wrangling & Pandas, APIs & Microservices",62.8,0.37,4.8,High,3.4,73,Python Fundamentals,System Design,Frontend Basics (React),Python Fundamentals
INT_1995,Cybersecurity,Bioinformatics,3.39,1,7.6,8.1,4.0,5.2,6.5,7.7,Peer-learning,Afternoon,Low,Tablet,5,"Python Fundamentals, SQL & Databases, Cloud Computing (AWS), Statistics & Probability, APIs & Microservices",60.4,0.74,5.9,Medium,5.0,140,Docker & Kubernetes,Cybersecurity Essentials,Docker & Kubernetes,System Design
INT_1996,ML Engineering,Statistics,3.68,1,9.8,6.7,5.5,7.0,2.3,6.9,Video,Night Owl,High,Desktop,5,"Machine Learning Basics, MLOps Pipelines, A/B Testing & Experimentation, Data Wrangling & Pandas, Reinforcement Learning",54.2,0.46,4.5,Medium,4.6,51,Python Fundamentals,SQL & Databases,Statistics & Probability,NLP & Text Analytics
INT_1997,Data Engineering,Bioinformatics,3.6,0,5.0,3.5,6.6,5.7,4.2,5.0,Video,Afternoon,Medium,Desktop,4,"Data Visualization, Docker & Kubernetes, Data Wrangling & Pandas, APIs & Microservices",79.3,0.68,5.9,Medium,3.6,87,Python Fundamentals,MLOps Pipelines,Git & Version Control,Python Fundamentals
INT_1998,ML Engineering,Electrical Engineering,2.98,2,3.3,4.8,1.3,7.2,5.6,9.4,Peer-learning,Morning,Low,Laptop,0,,88.2,0.42,6.0,Medium,4.1,126,Python Fundamentals,Docker & Kubernetes,Cloud Computing (AWS),A/B Testing & Experimentation
INT_1999,Data Engineering,Computer Science,3.4,1,6.9,10.0,7.9,3.7,5.9,8.0,Peer-learning,No Preference,High,Laptop,6,"Cloud Computing (AWS), Statistics & Probability, NLP & Text Analytics, APIs & Microservices, Time Series Analysis, Business Intelligence & BI Tools",53.1,0.57,5.1,Medium,3.4,38,Python Fundamentals,Docker & Kubernetes,Data Wrangling & Pandas,Data Visualization
